[2026-01-02 04:35:33] [INFO] === Z-VulnScan Professional v2.2.0 Logger Started ===
[2026-01-02 04:35:36] [DEBUG] Loaded backend qtagg version 6.10.1.
[2026-01-02 04:35:36] [DEBUG] findfont: Matching Malgun Gothic:style=normal:variant=normal:weight=normal:stretch=normal:size=10.0.
[2026-01-02 04:35:36] [DEBUG] findfont: score(FontEntry(fname='C:\\Users\\20210306-f2\\AppData\\Local\\Programs\\Python\\Python313\\Lib\\site-packages\\matplotlib\\mpl-data\\fonts\\ttf\\DejaVuSans.ttf', name='DejaVu Sans', style='normal', variant='normal', weight=400, stretch='normal', size='scalable')) = 10.05
[2026-01-02 04:35:36] [DEBUG] findfont: score(FontEntry(fname='C:\\Users\\20210306-f2\\AppData\\Local\\Programs\\Python\\Python313\\Lib\\site-packages\\matplotlib\\mpl-data\\fonts\\ttf\\cmmi10.ttf', name='cmmi10', style='normal', variant='normal', weight=400, stretch='normal', size='scalable')) = 10.05
[2026-01-02 04:35:36] [DEBUG] findfont: score(FontEntry(fname='C:\\Users\\20210306-f2\\AppData\\Local\\Programs\\Python\\Python313\\Lib\\site-packages\\matplotlib\\mpl-data\\fonts\\ttf\\STIXNonUniBolIta.ttf', name='STIXNonUnicode', style='italic', variant='normal', weight=700, stretch='normal', size='scalable')) = 11.335
[2026-01-02 04:35:36] [DEBUG] findfont: score(FontEntry(fname='C:\\Users\\20210306-f2\\AppData\\Local\\Programs\\Python\\Python313\\Lib\\site-packages\\matplotlib\\mpl-data\\fonts\\ttf\\STIXSizTwoSymReg.ttf', name='STIXSizeTwoSym', style='normal', variant='normal', weight=400, stretch='normal', size='scalable')) = 10.05
[2026-01-02 04:35:36] [DEBUG] findfont: score(FontEntry(fname='C:\\Users\\20210306-f2\\AppData\\Local\\Programs\\Python\\Python313\\Lib\\site-packages\\matplotlib\\mpl-data\\fonts\\ttf\\STIXSizOneSymBol.ttf', name='STIXSizeOneSym', style='normal', variant='normal', weight=700, stretch='normal', size='scalable')) = 10.335
[2026-01-02 04:35:36] [DEBUG] findfont: score(FontEntry(fname='C:\\Users\\20210306-f2\\AppData\\Local\\Programs\\Python\\Python313\\Lib\\site-packages\\matplotlib\\mpl-data\\fonts\\ttf\\cmsy10.ttf', name='cmsy10', style='normal', variant='normal', weight=400, stretch='normal', size='scalable')) = 10.05
[2026-01-02 04:35:36] [DEBUG] findfont: score(FontEntry(fname='C:\\Users\\20210306-f2\\AppData\\Local\\Programs\\Python\\Python313\\Lib\\site-packages\\matplotlib\\mpl-data\\fonts\\ttf\\STIXGeneralBol.ttf', name='STIXGeneral', style='normal', variant='normal', weight=700, stretch='normal', size='scalable')) = 10.335
[2026-01-02 04:35:36] [DEBUG] findfont: score(FontEntry(fname='C:\\Users\\20210306-f2\\AppData\\Local\\Programs\\Python\\Python313\\Lib\\site-packages\\matplotlib\\mpl-data\\fonts\\ttf\\STIXGeneralBolIta.ttf', name='STIXGeneral', style='italic', variant='normal', weight=700, stretch='normal', size='scalable')) = 11.335
[2026-01-02 04:35:36] [DEBUG] findfont: score(FontEntry(fname='C:\\Users\\20210306-f2\\AppData\\Local\\Programs\\Python\\Python313\\Lib\\site-packages\\matplotlib\\mpl-data\\fonts\\ttf\\DejaVuSans-Bold.ttf', name='DejaVu Sans', style='normal', variant='normal', weight=700, stretch='normal', size='scalable')) = 10.335
[2026-01-02 04:35:36] [DEBUG] findfont: score(FontEntry(fname='C:\\Users\\20210306-f2\\AppData\\Local\\Programs\\Python\\Python313\\Lib\\site-packages\\matplotlib\\mpl-data\\fonts\\ttf\\STIXSizThreeSymBol.ttf', name='STIXSizeThreeSym', style='normal', variant='normal', weight=700, stretch='normal', size='scalable')) = 10.335
[2026-01-02 04:35:36] [DEBUG] findfont: score(FontEntry(fname='C:\\Users\\20210306-f2\\AppData\\Local\\Programs\\Python\\Python313\\Lib\\site-packages\\matplotlib\\mpl-data\\fonts\\ttf\\DejaVuSerif-Italic.ttf', name='DejaVu Serif', style='italic', variant='normal', weight=400, stretch='normal', size='scalable')) = 11.05
[2026-01-02 04:35:36] [DEBUG] findfont: score(FontEntry(fname='C:\\Users\\20210306-f2\\AppData\\Local\\Programs\\Python\\Python313\\Lib\\site-packages\\matplotlib\\mpl-data\\fonts\\ttf\\cmss10.ttf', name='cmss10', style='normal', variant='normal', weight=400, stretch='normal', size='scalable')) = 10.05
[2026-01-02 04:35:36] [DEBUG] findfont: score(FontEntry(fname='C:\\Users\\20210306-f2\\AppData\\Local\\Programs\\Python\\Python313\\Lib\\site-packages\\matplotlib\\mpl-data\\fonts\\ttf\\DejaVuSerif-BoldItalic.ttf', name='DejaVu Serif', style='italic', variant='normal', weight=700, stretch='normal', size='scalable')) = 11.335
[2026-01-02 04:35:36] [DEBUG] findfont: score(FontEntry(fname='C:\\Users\\20210306-f2\\AppData\\Local\\Programs\\Python\\Python313\\Lib\\site-packages\\matplotlib\\mpl-data\\fonts\\ttf\\cmr10.ttf', name='cmr10', style='normal', variant='normal', weight=400, stretch='normal', size='scalable')) = 10.05
[2026-01-02 04:35:36] [DEBUG] findfont: score(FontEntry(fname='C:\\Users\\20210306-f2\\AppData\\Local\\Programs\\Python\\Python313\\Lib\\site-packages\\matplotlib\\mpl-data\\fonts\\ttf\\STIXGeneral.ttf', name='STIXGeneral', style='normal', variant='normal', weight=400, stretch='normal', size='scalable')) = 10.05
[2026-01-02 04:35:36] [DEBUG] findfont: score(FontEntry(fname='C:\\Users\\20210306-f2\\AppData\\Local\\Programs\\Python\\Python313\\Lib\\site-packages\\matplotlib\\mpl-data\\fonts\\ttf\\STIXNonUniBol.ttf', name='STIXNonUnicode', style='normal', variant='normal', weight=700, stretch='normal', size='scalable')) = 10.335
[2026-01-02 04:35:36] [DEBUG] findfont: score(FontEntry(fname='C:\\Users\\20210306-f2\\AppData\\Local\\Programs\\Python\\Python313\\Lib\\site-packages\\matplotlib\\mpl-data\\fonts\\ttf\\STIXGeneralItalic.ttf', name='STIXGeneral', style='italic', variant='normal', weight=400, stretch='normal', size='scalable')) = 11.05
[2026-01-02 04:35:36] [DEBUG] findfont: score(FontEntry(fname='C:\\Users\\20210306-f2\\AppData\\Local\\Programs\\Python\\Python313\\Lib\\site-packages\\matplotlib\\mpl-data\\fonts\\ttf\\STIXSizOneSymReg.ttf', name='STIXSizeOneSym', style='normal', variant='normal', weight=400, stretch='normal', size='scalable')) = 10.05
[2026-01-02 04:35:36] [DEBUG] findfont: score(FontEntry(fname='C:\\Users\\20210306-f2\\AppData\\Local\\Programs\\Python\\Python313\\Lib\\site-packages\\matplotlib\\mpl-data\\fonts\\ttf\\cmb10.ttf', name='cmb10', style='normal', variant='normal', weight=400, stretch='normal', size='scalable')) = 10.05
[2026-01-02 04:35:36] [DEBUG] findfont: score(FontEntry(fname='C:\\Users\\20210306-f2\\AppData\\Local\\Programs\\Python\\Python313\\Lib\\site-packages\\matplotlib\\mpl-data\\fonts\\ttf\\DejaVuSansMono.ttf', name='DejaVu Sans Mono', style='normal', variant='normal', weight=400, stretch='normal', size='scalable')) = 10.05
[2026-01-02 04:35:36] [DEBUG] findfont: score(FontEntry(fname='C:\\Users\\20210306-f2\\AppData\\Local\\Programs\\Python\\Python313\\Lib\\site-packages\\matplotlib\\mpl-data\\fonts\\ttf\\cmtt10.ttf', name='cmtt10', style='normal', variant='normal', weight=400, stretch='normal', size='scalable')) = 10.05
[2026-01-02 04:35:36] [DEBUG] findfont: score(FontEntry(fname='C:\\Users\\20210306-f2\\AppData\\Local\\Programs\\Python\\Python313\\Lib\\site-packages\\matplotlib\\mpl-data\\fonts\\ttf\\STIXSizTwoSymBol.ttf', name='STIXSizeTwoSym', style='normal', variant='normal', weight=700, stretch='normal', size='scalable')) = 10.335
[2026-01-02 04:35:36] [DEBUG] findfont: score(FontEntry(fname='C:\\Users\\20210306-f2\\AppData\\Local\\Programs\\Python\\Python313\\Lib\\site-packages\\matplotlib\\mpl-data\\fonts\\ttf\\DejaVuSerifDisplay.ttf', name='DejaVu Serif Display', style='normal', variant='normal', weight=400, stretch='normal', size='scalable')) = 10.05
[2026-01-02 04:35:36] [DEBUG] findfont: score(FontEntry(fname='C:\\Users\\20210306-f2\\AppData\\Local\\Programs\\Python\\Python313\\Lib\\site-packages\\matplotlib\\mpl-data\\fonts\\ttf\\DejaVuSansDisplay.ttf', name='DejaVu Sans Display', style='normal', variant='normal', weight=400, stretch='normal', size='scalable')) = 10.05
[2026-01-02 04:35:36] [DEBUG] findfont: score(FontEntry(fname='C:\\Users\\20210306-f2\\AppData\\Local\\Programs\\Python\\Python313\\Lib\\site-packages\\matplotlib\\mpl-data\\fonts\\ttf\\DejaVuSerif-Bold.ttf', name='DejaVu Serif', style='normal', variant='normal', weight=700, stretch='normal', size='scalable')) = 10.335
[2026-01-02 04:35:36] [DEBUG] findfont: score(FontEntry(fname='C:\\Users\\20210306-f2\\AppData\\Local\\Programs\\Python\\Python313\\Lib\\site-packages\\matplotlib\\mpl-data\\fonts\\ttf\\STIXSizFourSymReg.ttf', name='STIXSizeFourSym', style='normal', variant='normal', weight=400, stretch='normal', size='scalable')) = 10.05
[2026-01-02 04:35:36] [DEBUG] findfont: score(FontEntry(fname='C:\\Users\\20210306-f2\\AppData\\Local\\Programs\\Python\\Python313\\Lib\\site-packages\\matplotlib\\mpl-data\\fonts\\ttf\\cmex10.ttf', name='cmex10', style='normal', variant='normal', weight=400, stretch='normal', size='scalable')) = 10.05
[2026-01-02 04:35:36] [DEBUG] findfont: score(FontEntry(fname='C:\\Users\\20210306-f2\\AppData\\Local\\Programs\\Python\\Python313\\Lib\\site-packages\\matplotlib\\mpl-data\\fonts\\ttf\\STIXNonUniIta.ttf', name='STIXNonUnicode', style='italic', variant='normal', weight=400, stretch='normal', size='scalable')) = 11.05
[2026-01-02 04:35:36] [DEBUG] findfont: score(FontEntry(fname='C:\\Users\\20210306-f2\\AppData\\Local\\Programs\\Python\\Python313\\Lib\\site-packages\\matplotlib\\mpl-data\\fonts\\ttf\\STIXSizFiveSymReg.ttf', name='STIXSizeFiveSym', style='normal', variant='normal', weight=400, stretch='normal', size='scalable')) = 10.05
[2026-01-02 04:35:36] [DEBUG] findfont: score(FontEntry(fname='C:\\Users\\20210306-f2\\AppData\\Local\\Programs\\Python\\Python313\\Lib\\site-packages\\matplotlib\\mpl-data\\fonts\\ttf\\DejaVuSansMono-Bold.ttf', name='DejaVu Sans Mono', style='normal', variant='normal', weight=700, stretch='normal', size='scalable')) = 10.335
[2026-01-02 04:35:36] [DEBUG] findfont: score(FontEntry(fname='C:\\Users\\20210306-f2\\AppData\\Local\\Programs\\Python\\Python313\\Lib\\site-packages\\matplotlib\\mpl-data\\fonts\\ttf\\DejaVuSansMono-Oblique.ttf', name='DejaVu Sans Mono', style='oblique', variant='normal', weight=400, stretch='normal', size='scalable')) = 11.05
[2026-01-02 04:35:36] [DEBUG] findfont: score(FontEntry(fname='C:\\Users\\20210306-f2\\AppData\\Local\\Programs\\Python\\Python313\\Lib\\site-packages\\matplotlib\\mpl-data\\fonts\\ttf\\STIXNonUni.ttf', name='STIXNonUnicode', style='normal', variant='normal', weight=400, stretch='normal', size='scalable')) = 10.05
[2026-01-02 04:35:36] [DEBUG] findfont: score(FontEntry(fname='C:\\Users\\20210306-f2\\AppData\\Local\\Programs\\Python\\Python313\\Lib\\site-packages\\matplotlib\\mpl-data\\fonts\\ttf\\DejaVuSans-Oblique.ttf', name='DejaVu Sans', style='oblique', variant='normal', weight=400, stretch='normal', size='scalable')) = 11.05
[2026-01-02 04:35:36] [DEBUG] findfont: score(FontEntry(fname='C:\\Users\\20210306-f2\\AppData\\Local\\Programs\\Python\\Python313\\Lib\\site-packages\\matplotlib\\mpl-data\\fonts\\ttf\\STIXSizThreeSymReg.ttf', name='STIXSizeThreeSym', style='normal', variant='normal', weight=400, stretch='normal', size='scalable')) = 10.05
[2026-01-02 04:35:36] [DEBUG] findfont: score(FontEntry(fname='C:\\Users\\20210306-f2\\AppData\\Local\\Programs\\Python\\Python313\\Lib\\site-packages\\matplotlib\\mpl-data\\fonts\\ttf\\DejaVuSerif.ttf', name='DejaVu Serif', style='normal', variant='normal', weight=400, stretch='normal', size='scalable')) = 10.05
[2026-01-02 04:35:36] [DEBUG] findfont: score(FontEntry(fname='C:\\Users\\20210306-f2\\AppData\\Local\\Programs\\Python\\Python313\\Lib\\site-packages\\matplotlib\\mpl-data\\fonts\\ttf\\STIXSizFourSymBol.ttf', name='STIXSizeFourSym', style='normal', variant='normal', weight=700, stretch='normal', size='scalable')) = 10.335
[2026-01-02 04:35:36] [DEBUG] findfont: score(FontEntry(fname='C:\\Users\\20210306-f2\\AppData\\Local\\Programs\\Python\\Python313\\Lib\\site-packages\\matplotlib\\mpl-data\\fonts\\ttf\\DejaVuSans-BoldOblique.ttf', name='DejaVu Sans', style='oblique', variant='normal', weight=700, stretch='normal', size='scalable')) = 11.335
[2026-01-02 04:35:36] [DEBUG] findfont: score(FontEntry(fname='C:\\Users\\20210306-f2\\AppData\\Local\\Programs\\Python\\Python313\\Lib\\site-packages\\matplotlib\\mpl-data\\fonts\\ttf\\DejaVuSansMono-BoldOblique.ttf', name='DejaVu Sans Mono', style='oblique', variant='normal', weight=700, stretch='normal', size='scalable')) = 11.335
[2026-01-02 04:35:36] [DEBUG] findfont: score(FontEntry(fname='C:\\Windows\\Fonts\\segoeuisl.ttf', name='Segoe UI', style='normal', variant='normal', weight=350, stretch='normal', size='scalable')) = 10.0975
[2026-01-02 04:35:36] [DEBUG] findfont: score(FontEntry(fname='C:\\Windows\\Fonts\\JUICE___.TTF', name='Juice ITC', style='normal', variant='normal', weight=400, stretch='normal', size='scalable')) = 10.05
[2026-01-02 04:35:36] [DEBUG] findfont: score(FontEntry(fname='C:\\Windows\\Fonts\\BIZ-UDGothicR.ttc', name='BIZ UDGothic', style='normal', variant='normal', weight=400, stretch='normal', size='scalable')) = 10.05
[2026-01-02 04:35:36] [DEBUG] findfont: score(FontEntry(fname='C:\\Windows\\Fonts\\mtproxy9.ttf', name='Proxy 9', style='normal', variant='normal', weight=400, stretch='normal', size='scalable')) = 10.05
[2026-01-02 04:35:36] [DEBUG] findfont: score(FontEntry(fname='C:\\Windows\\Fonts\\isocteui.ttf', name='ISOCTEUR', style='italic', variant='normal', weight=400, stretch='normal', size='scalable')) = 11.05
[2026-01-02 04:35:36] [DEBUG] findfont: score(FontEntry(fname='C:\\Program Files\\VEGAS\\VEGAS Pro 18.0\\fonts\\beyond_the_mountains.otf', name='Beyond The Mountains', style='normal', variant='normal', weight=400, stretch='normal', size='scalable')) = 10.05
[2026-01-02 04:35:36] [DEBUG] findfont: score(FontEntry(fname='C:\\Windows\\Fonts\\comici.ttf', name='Comic Sans MS', style='italic', variant='normal', weight=400, stretch='normal', size='scalable')) = 11.05
[2026-01-02 04:35:36] [DEBUG] findfont: score(FontEntry(fname='C:\\Windows\\Fonts\\NanumGothicExtraBold.ttf', name='NanumGothic', style='normal', variant='normal', weight=700, stretch='normal', size='scalable')) = 10.335
[2026-01-02 04:35:36] [DEBUG] findfont: score(FontEntry(fname='C:\\Windows\\Fonts\\panroman.ttf', name='PanRoman', style='normal', variant='normal', weight=400, stretch='normal', size='scalable')) = 10.05
[2026-01-02 04:35:36] [DEBUG] findfont: score(FontEntry(fname='C:\\Windows\\Fonts\\MSUIGHUR.TTF', name='Microsoft Uighur', style='normal', variant='normal', weight=400, stretch='normal', size='scalable')) = 10.05
[2026-01-02 04:35:36] [DEBUG] findfont: score(FontEntry(fname='C:\\Windows\\Fonts\\segoesc.ttf', name='Segoe Script', style='normal', variant='normal', weight=400, stretch='normal', size='scalable')) = 10.05
[2026-01-02 04:35:36] [DEBUG] findfont: score(FontEntry(fname='C:\\Windows\\Fonts\\segoeuiz.ttf', name='Segoe UI', style='italic', variant='normal', weight=700, stretch='normal', size='scalable')) = 11.335
[2026-01-02 04:35:36] [DEBUG] findfont: score(FontEntry(fname='C:\\Windows\\Fonts\\corbeli.ttf', name='Corbel', style='italic', variant='normal', weight=400, stretch='normal', size='scalable')) = 11.05
[2026-01-02 04:35:36] [DEBUG] findfont: score(FontEntry(fname='C:\\Windows\\Fonts\\HANBatangB.ttf', name='HCR Batang', style='normal', variant='normal', weight=700, stretch='normal', size='scalable')) = 10.335
[2026-01-02 04:35:36] [DEBUG] findfont: score(FontEntry(fname='C:\\Windows\\Fonts\\swiss.ttf', name='Swis721 BT', style='normal', variant='normal', weight=400, stretch='normal', size='scalable')) = 10.05
[2026-01-02 04:35:36] [DEBUG] findfont: score(FontEntry(fname='C:\\Windows\\Fonts\\DUBAI-BOLD.TTF', name='Dubai', style='normal', variant='normal', weight=700, stretch='normal', size='scalable')) = 10.335
[2026-01-02 04:35:36] [DEBUG] findfont: score(FontEntry(fname='C:\\Windows\\Fonts\\taile.ttf', name='Microsoft Tai Le', style='normal', variant='normal', weight=400, stretch='normal', size='scalable')) = 10.05
[2026-01-02 04:35:36] [DEBUG] findfont: score(FontEntry(fname='C:\\Program Files\\VEGAS\\VEGAS Pro 18.0\\fonts\\mark_my_words.otf', name='Mark My Words', style='normal', variant='normal', weight=400, stretch='normal', size='scalable')) = 10.05
[2026-01-02 04:35:36] [DEBUG] findfont: score(FontEntry(fname='C:\\Windows\\Fonts\\GILI____.TTF', name='Gill Sans MT', style='italic', variant='normal', weight=400, stretch='normal', size='scalable')) = 11.05
[2026-01-02 04:35:36] [DEBUG] findfont: score(FontEntry(fname='C:\\Windows\\Fonts\\javatext.ttf', name='Javanese Text', style='normal', variant='normal', weight=400, stretch='normal', size='scalable')) = 10.05
[2026-01-02 04:35:36] [DEBUG] findfont: score(FontEntry(fname='C:\\Windows\\Fonts\\seguili.ttf', name='Segoe UI', style='italic', variant='normal', weight=300, stretch='normal', size='scalable')) = 11.145
[2026-01-02 04:35:36] [DEBUG] findfont: score(FontEntry(fname='C:\\Windows\\Fonts\\georgiab.ttf', name='Georgia', style='normal', variant='normal', weight=700, stretch='normal', size='scalable')) = 10.335
[2026-01-02 04:35:36] [DEBUG] findfont: score(FontEntry(fname='C:\\Windows\\Fonts\\BOD_BLAR.TTF', name='Bodoni MT', style='normal', variant='normal', weight=900, stretch='normal', size='scalable')) = 10.525
[2026-01-02 04:35:36] [DEBUG] findfont: score(FontEntry(fname='C:\\Windows\\Fonts\\Nirmala.ttf', name='Nirmala UI', style='normal', variant='normal', weight=400, stretch='normal', size='scalable')) = 10.05
[2026-01-02 04:35:36] [DEBUG] findfont: score(FontEntry(fname='C:\\Users\\20210306-f2\\AppData\\Local\\Microsoft\\Windows\\Fonts\\나눔손글씨 강부장님체.ttf', name='Nanum GangBuJangNimCe', style='normal', variant='normal', weight=400, stretch='normal', size='scalable')) = 10.05
[2026-01-02 04:35:36] [DEBUG] findfont: score(FontEntry(fname='C:\\Windows\\Fonts\\monotxt_.ttf', name='Monotxt', style='normal', variant='normal', weight=400, stretch='normal', size='scalable')) = 10.05
[2026-01-02 04:35:36] [DEBUG] findfont: score(FontEntry(fname='C:\\Windows\\Fonts\\SNAP____.TTF', name='Snap ITC', style='normal', variant='normal', weight=400, stretch='normal', size='scalable')) = 10.05
[2026-01-02 04:35:36] [DEBUG] findfont: score(FontEntry(fname='C:\\Windows\\Fonts\\GOTHICB.TTF', name='Century Gothic', style='normal', variant='normal', weight=700, stretch='normal', size='scalable')) = 10.335
[2026-01-02 04:35:36] [DEBUG] findfont: score(FontEntry(fname='C:\\Windows\\Fonts\\verdana.ttf', name='Verdana', style='normal', variant='normal', weight=400, stretch='normal', size='scalable')) = 10.05
[2026-01-02 04:35:36] [DEBUG] findfont: score(FontEntry(fname='C:\\Windows\\Fonts\\AMGDT___.ttf', name='AMGDT', style='normal', variant='normal', weight=400, stretch='normal', size='scalable')) = 10.05
[2026-01-02 04:35:36] [DEBUG] findfont: score(FontEntry(fname='C:\\Windows\\Fonts\\swisseb.ttf', name='Swis721 Ex BT', style='normal', variant='normal', weight=700, stretch='expanded', size='scalable')) = 10.535
[2026-01-02 04:35:36] [DEBUG] findfont: score(FontEntry(fname='C:\\Program Files\\VEGAS\\VEGAS Pro 18.0\\fonts\\Mustardo.otf', name='Mustardo', style='normal', variant='normal', weight=400, stretch='normal', size='scalable')) = 10.05
[2026-01-02 04:35:36] [DEBUG] findfont: score(FontEntry(fname='C:\\Windows\\Fonts\\YuGothL.ttc', name='Yu Gothic', style='normal', variant='normal', weight=300, stretch='normal', size='scalable')) = 10.145
[2026-01-02 04:35:36] [DEBUG] findfont: score(FontEntry(fname='C:\\Windows\\Fonts\\GARAIT.TTF', name='Garamond', style='italic', variant='normal', weight=400, stretch='normal', size='scalable')) = 11.05
[2026-01-02 04:35:36] [DEBUG] findfont: score(FontEntry(fname='C:\\Windows\\Fonts\\LTYPEBO.TTF', name='Lucida Sans Typewriter', style='oblique', variant='normal', weight=600, stretch='normal', size='scalable')) = 11.24
[2026-01-02 04:35:36] [DEBUG] findfont: score(FontEntry(fname='C:\\Windows\\Fonts\\MTCORSVA.TTF', name='Monotype Corsiva', style='normal', variant='normal', weight=400, stretch='normal', size='scalable')) = 10.05
[2026-01-02 04:35:36] [DEBUG] findfont: score(FontEntry(fname='C:\\Windows\\Fonts\\swissi.ttf', name='Swis721 BT', style='italic', variant='normal', weight=400, stretch='normal', size='scalable')) = 11.05
[2026-01-02 04:35:36] [DEBUG] findfont: score(FontEntry(fname='C:\\Windows\\Fonts\\simsunb.ttf', name='SimSun-ExtB', style='normal', variant='normal', weight=400, stretch='normal', size='scalable')) = 10.05
[2026-01-02 04:35:36] [DEBUG] findfont: score(FontEntry(fname='C:\\Windows\\Fonts\\arialbi.ttf', name='Arial', style='italic', variant='normal', weight=700, stretch='normal', size='scalable')) = 11.335
[2026-01-02 04:35:36] [DEBUG] findfont: score(FontEntry(fname='C:\\Windows\\Fonts\\HTOWERTI.TTF', name='High Tower Text', style='italic', variant='normal', weight=400, stretch='normal', size='scalable')) = 11.05
[2026-01-02 04:35:36] [DEBUG] findfont: score(FontEntry(fname='C:\\Windows\\Fonts\\framdit.ttf', name='Franklin Gothic Medium', style='italic', variant='normal', weight=400, stretch='normal', size='scalable')) = 11.05
[2026-01-02 04:35:36] [DEBUG] findfont: score(FontEntry(fname='C:\\Windows\\Fonts\\BOD_BI.TTF', name='Bodoni MT', style='italic', variant='normal', weight=700, stretch='normal', size='scalable')) = 11.335
[2026-01-02 04:35:36] [DEBUG] findfont: score(FontEntry(fname='C:\\Windows\\Fonts\\PARCHM.TTF', name='Parchment', style='normal', variant='normal', weight=400, stretch='normal', size='scalable')) = 10.05
[2026-01-02 04:35:36] [DEBUG] findfont: score(FontEntry(fname='C:\\Windows\\Fonts\\romant__.ttf', name='RomanT', style='normal', variant='normal', weight=400, stretch='normal', size='scalable')) = 10.05
[2026-01-02 04:35:36] [DEBUG] findfont: score(FontEntry(fname='C:\\Windows\\Fonts\\GLECB.TTF', name='Gloucester MT Extra Condensed', style='normal', variant='normal', weight=400, stretch='condensed', size='scalable')) = 10.25
[2026-01-02 04:35:36] [DEBUG] findfont: score(FontEntry(fname='C:\\Windows\\Fonts\\georgiai.ttf', name='Georgia', style='italic', variant='normal', weight=400, stretch='normal', size='scalable')) = 11.05
[2026-01-02 04:35:36] [DEBUG] findfont: score(FontEntry(fname='C:\\Windows\\Fonts\\ERASLGHT.TTF', name='Eras Light ITC', style='normal', variant='normal', weight=400, stretch='normal', size='scalable')) = 10.05
[2026-01-02 04:35:36] [DEBUG] findfont: score(FontEntry(fname='C:\\Windows\\Fonts\\PERTILI.TTF', name='Perpetua Titling MT', style='normal', variant='normal', weight=300, stretch='normal', size='scalable')) = 10.145
[2026-01-02 04:35:36] [DEBUG] findfont: score(FontEntry(fname='C:\\Windows\\Fonts\\msjhl.ttc', name='Microsoft JhengHei', style='normal', variant='normal', weight=290, stretch='normal', size='scalable')) = 10.1545
[2026-01-02 04:35:36] [DEBUG] findfont: score(FontEntry(fname='C:\\Windows\\Fonts\\NIAGENG.TTF', name='Niagara Engraved', style='normal', variant='normal', weight=400, stretch='normal', size='scalable')) = 10.05
[2026-01-02 04:35:36] [DEBUG] findfont: score(FontEntry(fname='C:\\Windows\\Fonts\\ariblk.ttf', name='Arial', style='normal', variant='normal', weight=900, stretch='normal', size='scalable')) = 10.525
[2026-01-02 04:35:36] [DEBUG] findfont: score(FontEntry(fname='C:\\Windows\\Fonts\\isoct2__.ttf', name='ISOCT2', style='normal', variant='normal', weight=400, stretch='normal', size='scalable')) = 10.05
[2026-01-02 04:35:36] [DEBUG] findfont: score(FontEntry(fname='C:\\Windows\\Fonts\\monosbi.ttf', name='Monospac821 BT', style='italic', variant='normal', weight=700, stretch='normal', size='scalable')) = 11.335
[2026-01-02 04:35:36] [DEBUG] findfont: score(FontEntry(fname='C:\\Windows\\Fonts\\H2PORM.TTF', name='HYPost-Medium', style='normal', variant='normal', weight=400, stretch='normal', size='scalable')) = 10.05
[2026-01-02 04:35:36] [DEBUG] findfont: score(FontEntry(fname='C:\\Windows\\Fonts\\Artifakt Element Regular.ttf', name='Artifakt Element', style='normal', variant='normal', weight=400, stretch='normal', size='scalable')) = 10.05
[2026-01-02 04:35:36] [DEBUG] findfont: score(FontEntry(fname='C:\\Windows\\Fonts\\ARIALNI.TTF', name='Arial', style='italic', variant='normal', weight=400, stretch='condensed', size='scalable')) = 11.25
[2026-01-02 04:35:36] [DEBUG] findfont: score(FontEntry(fname='C:\\Windows\\Fonts\\malgunsl.ttf', name='Malgun Gothic', style='normal', variant='normal', weight=300, stretch='normal', size='scalable')) = 0.14500000000000002
[2026-01-02 04:35:36] [DEBUG] findfont: score(FontEntry(fname='C:\\Windows\\Fonts\\NanumBarunpenB.ttf', name='NanumBarunpen', style='normal', variant='normal', weight=700, stretch='normal', size='scalable')) = 10.335
[2026-01-02 04:35:36] [DEBUG] findfont: score(FontEntry(fname='C:\\Windows\\Fonts\\courbi.ttf', name='Courier New', style='italic', variant='normal', weight=700, stretch='normal', size='scalable')) = 11.335
[2026-01-02 04:35:36] [DEBUG] findfont: score(FontEntry(fname='C:\\Windows\\Fonts\\ARIALNB.TTF', name='Arial', style='normal', variant='normal', weight=700, stretch='condensed', size='scalable')) = 10.535
[2026-01-02 04:35:36] [DEBUG] findfont: score(FontEntry(fname='C:\\Windows\\Fonts\\NanumSquareRoundR.ttf', name='NanumSquareRound', style='normal', variant='normal', weight=400, stretch='normal', size='scalable')) = 10.05
[2026-01-02 04:35:36] [DEBUG] findfont: score(FontEntry(fname='C:\\Windows\\Fonts\\italicc_.ttf', name='ItalicC', style='italic', variant='normal', weight=400, stretch='normal', size='scalable')) = 11.05
[2026-01-02 04:35:36] [DEBUG] findfont: score(FontEntry(fname='C:\\Windows\\Fonts\\TCB_____.TTF', name='Tw Cen MT', style='normal', variant='normal', weight=700, stretch='normal', size='scalable')) = 10.335
[2026-01-02 04:35:36] [DEBUG] findfont: score(FontEntry(fname='C:\\Windows\\Fonts\\symusic_.ttf', name='Symusic', style='normal', variant='normal', weight=400, stretch='normal', size='scalable')) = 10.05
[2026-01-02 04:35:36] [DEBUG] findfont: score(FontEntry(fname='C:\\Windows\\Fonts\\LBRITEI.TTF', name='Lucida Bright', style='italic', variant='normal', weight=400, stretch='normal', size='scalable')) = 11.05
[2026-01-02 04:35:36] [DEBUG] findfont: score(FontEntry(fname='C:\\Windows\\Fonts\\GOTHIC.TTF', name='Century Gothic', style='normal', variant='normal', weight=400, stretch='normal', size='scalable')) = 10.05
[2026-01-02 04:35:36] [DEBUG] findfont: score(FontEntry(fname='C:\\Windows\\Fonts\\meiryob.ttc', name='Meiryo', style='normal', variant='normal', weight=700, stretch='normal', size='scalable')) = 10.335
[2026-01-02 04:35:36] [DEBUG] findfont: score(FontEntry(fname='C:\\Windows\\Fonts\\Artifakt Element LIght.ttf', name='Artifakt Element', style='normal', variant='normal', weight=300, stretch='normal', size='scalable')) = 10.145
[2026-01-02 04:35:36] [DEBUG] findfont: score(FontEntry(fname='C:\\Windows\\Fonts\\txt_____.ttf', name='Txt', style='normal', variant='normal', weight=400, stretch='normal', size='scalable')) = 10.05
[2026-01-02 04:35:36] [DEBUG] findfont: score(FontEntry(fname='C:\\Windows\\Fonts\\SitkaI.ttc', name='Sitka Small', style='italic', variant='normal', weight=400, stretch='normal', size='scalable')) = 11.05
[2026-01-02 04:35:36] [DEBUG] findfont: score(FontEntry(fname='C:\\Windows\\Fonts\\NanumMyeongjoBold.ttf', name='NanumMyeongjo', style='normal', variant='normal', weight=600, stretch='normal', size='scalable')) = 10.24
[2026-01-02 04:35:36] [DEBUG] findfont: score(FontEntry(fname='C:\\Windows\\Fonts\\dutcheb.ttf', name='Dutch801 XBd BT', style='normal', variant='normal', weight=400, stretch='normal', size='scalable')) = 10.05
[2026-01-02 04:35:36] [DEBUG] findfont: score(FontEntry(fname='C:\\Program Files\\VEGAS\\VEGAS Pro 18.0\\fonts\\marguerite.otf', name='Marguerite', style='normal', variant='normal', weight=400, stretch='normal', size='scalable')) = 10.05
[2026-01-02 04:35:36] [DEBUG] findfont: score(FontEntry(fname='C:\\Windows\\Fonts\\NotoSansKR-VF.ttf', name='Noto Sans KR', style='normal', variant='normal', weight=100, stretch='normal', size='scalable')) = 10.335
[2026-01-02 04:35:36] [DEBUG] findfont: score(FontEntry(fname='C:\\Windows\\Fonts\\TCBI____.TTF', name='Tw Cen MT', style='italic', variant='normal', weight=700, stretch='normal', size='scalable')) = 11.335
[2026-01-02 04:35:36] [DEBUG] findfont: score(FontEntry(fname='C:\\Windows\\Fonts\\times.ttf', name='Times New Roman', style='normal', variant='normal', weight=400, stretch='normal', size='scalable')) = 10.05
[2026-01-02 04:35:36] [DEBUG] findfont: score(FontEntry(fname='C:\\Program Files\\VEGAS\\VEGAS Pro 18.0\\fonts\\Jasmine_and_Greentea.otf', name='Jasmine And Greentea', style='normal', variant='normal', weight=400, stretch='normal', size='scalable')) = 10.05
[2026-01-02 04:35:36] [DEBUG] findfont: score(FontEntry(fname='C:\\Program Files\\VEGAS\\VEGAS Pro 18.0\\fonts\\LaGuapita.otf', name='La Guapita', style='normal', variant='normal', weight=400, stretch='normal', size='scalable')) = 10.05
[2026-01-02 04:35:36] [DEBUG] findfont: score(FontEntry(fname='C:\\Windows\\Fonts\\bgothm.ttf', name='BankGothic Md BT', style='normal', variant='normal', weight=400, stretch='normal', size='scalable')) = 10.05
[2026-01-02 04:35:36] [DEBUG] findfont: score(FontEntry(fname='C:\\Windows\\Fonts\\GARABD.TTF', name='Garamond', style='normal', variant='normal', weight=700, stretch='normal', size='scalable')) = 10.335
[2026-01-02 04:35:36] [DEBUG] findfont: score(FontEntry(fname='C:\\Windows\\Fonts\\BELLB.TTF', name='Bell MT', style='normal', variant='normal', weight=700, stretch='normal', size='scalable')) = 10.335
[2026-01-02 04:35:36] [DEBUG] findfont: score(FontEntry(fname='C:\\Windows\\Fonts\\HANDotum.ttf', name='HCR Dotum', style='normal', variant='normal', weight=400, stretch='normal', size='scalable')) = 10.05
[2026-01-02 04:35:36] [DEBUG] findfont: score(FontEntry(fname='C:\\Windows\\Fonts\\seguisym.ttf', name='Segoe UI Symbol', style='normal', variant='normal', weight=400, stretch='normal', size='scalable')) = 10.05
[2026-01-02 04:35:36] [DEBUG] findfont: score(FontEntry(fname='C:\\Windows\\Fonts\\calibrib.ttf', name='Calibri', style='normal', variant='normal', weight=700, stretch='normal', size='scalable')) = 10.335
[2026-01-02 04:35:36] [DEBUG] findfont: score(FontEntry(fname='C:\\Windows\\Fonts\\Candaral.ttf', name='Candara', style='normal', variant='normal', weight=400, stretch='normal', size='scalable')) = 10.05
[2026-01-02 04:35:36] [DEBUG] findfont: score(FontEntry(fname='C:\\Windows\\Fonts\\IMPRISHA.TTF', name='Imprint MT Shadow', style='normal', variant='normal', weight=400, stretch='normal', size='scalable')) = 10.05
[2026-01-02 04:35:36] [DEBUG] findfont: score(FontEntry(fname='C:\\Windows\\Fonts\\HMKMMAG.TTF', name='Magic R', style='normal', variant='normal', weight=400, stretch='normal', size='scalable')) = 10.05
[2026-01-02 04:35:36] [DEBUG] findfont: score(FontEntry(fname='C:\\Windows\\Fonts\\NanumBarunGothicUltraLight.ttf', name='NanumBarunGothic', style='normal', variant='normal', weight=300, stretch='normal', size='scalable')) = 10.145
[2026-01-02 04:35:36] [DEBUG] findfont: score(FontEntry(fname='C:\\Windows\\Fonts\\H2MKPB.TTF', name='HYPMokGak-Bold', style='normal', variant='normal', weight=400, stretch='normal', size='scalable')) = 10.05
[2026-01-02 04:35:36] [DEBUG] findfont: score(FontEntry(fname='C:\\Windows\\Fonts\\RAGE.TTF', name='Rage Italic', style='italic', variant='normal', weight=400, stretch='normal', size='scalable')) = 11.05
[2026-01-02 04:35:36] [DEBUG] findfont: score(FontEntry(fname='C:\\Program Files\\VEGAS\\VEGAS Pro 18.0\\fonts\\bakery.otf', name='Bakery', style='normal', variant='normal', weight=400, stretch='normal', size='scalable')) = 10.05
[2026-01-02 04:35:36] [DEBUG] findfont: score(FontEntry(fname='C:\\Windows\\Fonts\\segoescb.ttf', name='Segoe Script', style='normal', variant='normal', weight=700, stretch='normal', size='scalable')) = 10.335
[2026-01-02 04:35:36] [DEBUG] findfont: score(FontEntry(fname='C:\\Windows\\Fonts\\PLAYBILL.TTF', name='Playbill', style='normal', variant='normal', weight=400, stretch='normal', size='scalable')) = 10.05
[2026-01-02 04:35:36] [DEBUG] findfont: score(FontEntry(fname='C:\\Windows\\Fonts\\msyh.ttc', name='Microsoft YaHei', style='normal', variant='normal', weight=400, stretch='normal', size='scalable')) = 10.05
[2026-01-02 04:35:36] [DEBUG] findfont: score(FontEntry(fname='C:\\Windows\\Fonts\\GLSNECB.TTF', name='Gill Sans MT Ext Condensed Bold', style='normal', variant='normal', weight=400, stretch='condensed', size='scalable')) = 10.25
[2026-01-02 04:35:36] [DEBUG] findfont: score(FontEntry(fname='C:\\Windows\\Fonts\\CascadiaCode.ttf', name='Cascadia Code', style='normal', variant='normal', weight=400, stretch='normal', size='scalable')) = 10.05
[2026-01-02 04:35:36] [DEBUG] findfont: score(FontEntry(fname='C:\\Windows\\Fonts\\dutch.ttf', name='Dutch801 Rm BT', style='normal', variant='normal', weight=400, stretch='normal', size='scalable')) = 10.05
[2026-01-02 04:35:36] [DEBUG] findfont: score(FontEntry(fname='C:\\Windows\\Fonts\\FRADM.TTF', name='Franklin Gothic Demi', style='normal', variant='normal', weight=400, stretch='normal', size='scalable')) = 10.05
[2026-01-02 04:35:36] [DEBUG] findfont: score(FontEntry(fname='C:\\Windows\\Fonts\\GOUDOSI.TTF', name='Goudy Old Style', style='italic', variant='normal', weight=400, stretch='normal', size='scalable')) = 11.05
[2026-01-02 04:35:36] [DEBUG] findfont: score(FontEntry(fname='C:\\Windows\\Fonts\\YuGothR.ttc', name='Yu Gothic', style='normal', variant='normal', weight=400, stretch='normal', size='scalable')) = 10.05
[2026-01-02 04:35:36] [DEBUG] findfont: score(FontEntry(fname='C:\\Windows\\Fonts\\REFSAN.TTF', name='MS Reference Sans Serif', style='normal', variant='normal', weight=400, stretch='normal', size='scalable')) = 10.05
[2026-01-02 04:35:36] [DEBUG] findfont: score(FontEntry(fname='C:\\Windows\\Fonts\\Artifakt Element Medium Italic.ttf', name='Artifakt Element', style='italic', variant='normal', weight=600, stretch='normal', size='scalable')) = 11.24
[2026-01-02 04:35:36] [DEBUG] findfont: score(FontEntry(fname='C:\\Windows\\Fonts\\SitkaZ.ttc', name='Sitka Small', style='italic', variant='normal', weight=700, stretch='normal', size='scalable')) = 11.335
[2026-01-02 04:35:36] [DEBUG] findfont: score(FontEntry(fname='C:\\Windows\\Fonts\\BOD_CB.TTF', name='Bodoni MT', style='normal', variant='normal', weight=700, stretch='condensed', size='scalable')) = 10.535
[2026-01-02 04:35:36] [DEBUG] findfont: score(FontEntry(fname='C:\\Windows\\Fonts\\gothici_.ttf', name='GothicI', style='normal', variant='normal', weight=400, stretch='normal', size='scalable')) = 10.05
[2026-01-02 04:35:36] [DEBUG] findfont: score(FontEntry(fname='C:\\Windows\\Fonts\\BOOKOSB.TTF', name='Bookman Old Style', style='normal', variant='normal', weight=600, stretch='normal', size='scalable')) = 10.24
[2026-01-02 04:35:36] [DEBUG] findfont: score(FontEntry(fname='C:\\Windows\\Fonts\\swisscl.ttf', name='Swis721 LtCn BT', style='normal', variant='normal', weight=400, stretch='condensed', size='scalable')) = 10.25
[2026-01-02 04:35:36] [DEBUG] findfont: score(FontEntry(fname='C:\\Windows\\Fonts\\ROCC____.TTF', name='Rockwell Condensed', style='normal', variant='normal', weight=400, stretch='condensed', size='scalable')) = 10.25
[2026-01-02 04:35:36] [DEBUG] findfont: score(FontEntry(fname='C:\\Windows\\Fonts\\FRABKIT.TTF', name='Franklin Gothic Book', style='italic', variant='normal', weight=400, stretch='normal', size='scalable')) = 11.05
[2026-01-02 04:35:36] [DEBUG] findfont: score(FontEntry(fname='C:\\Windows\\Fonts\\swisski.ttf', name='Swis721 Blk BT', style='italic', variant='normal', weight=400, stretch='normal', size='scalable')) = 11.05
[2026-01-02 04:35:36] [DEBUG] findfont: score(FontEntry(fname='C:\\Program Files\\VEGAS\\VEGAS Pro 18.0\\fonts\\rose_of_baltimore.otf', name='Rose Of Baltimore', style='normal', variant='normal', weight=400, stretch='normal', size='scalable')) = 10.05
[2026-01-02 04:35:36] [DEBUG] findfont: score(FontEntry(fname='C:\\Windows\\Fonts\\swisscb.ttf', name='Swis721 Cn BT', style='normal', variant='normal', weight=700, stretch='condensed', size='scalable')) = 10.535
[2026-01-02 04:35:36] [DEBUG] findfont: score(FontEntry(fname='C:\\Windows\\Fonts\\isocpeur.ttf', name='ISOCPEUR', style='normal', variant='normal', weight=400, stretch='normal', size='scalable')) = 10.05
[2026-01-02 04:35:36] [DEBUG] findfont: score(FontEntry(fname='C:\\Windows\\Fonts\\HANBatang.ttf', name='HCR Batang', style='normal', variant='normal', weight=400, stretch='normal', size='scalable')) = 10.05
[2026-01-02 04:35:36] [DEBUG] findfont: score(FontEntry(fname='C:\\Windows\\Fonts\\comicbd.ttf', name='Comic Sans MS', style='normal', variant='normal', weight=700, stretch='normal', size='scalable')) = 10.335
[2026-01-02 04:35:36] [DEBUG] findfont: score(FontEntry(fname='C:\\Program Files\\VEGAS\\VEGAS Pro 18.0\\fonts\\Grand_Aventure_Outline.otf', name='Grand Aventure Outline', style='normal', variant='normal', weight=400, stretch='normal', size='scalable')) = 10.05
[2026-01-02 04:35:36] [DEBUG] findfont: score(FontEntry(fname='C:\\Windows\\Fonts\\ERASBD.TTF', name='Eras Bold ITC', style='normal', variant='normal', weight=400, stretch='normal', size='scalable')) = 10.05
[2026-01-02 04:35:36] [DEBUG] findfont: score(FontEntry(fname='C:\\Windows\\Fonts\\YuGothM.ttc', name='Yu Gothic', style='normal', variant='normal', weight=500, stretch='normal', size='scalable')) = 10.145
[2026-01-02 04:35:36] [DEBUG] findfont: score(FontEntry(fname='C:\\Windows\\Fonts\\gothice_.ttf', name='GothicE', style='normal', variant='normal', weight=400, stretch='normal', size='scalable')) = 10.05
[2026-01-02 04:35:36] [DEBUG] findfont: score(FontEntry(fname='C:\\Windows\\Fonts\\corbell.ttf', name='Corbel', style='normal', variant='normal', weight=300, stretch='normal', size='scalable')) = 10.145
[2026-01-02 04:35:36] [DEBUG] findfont: score(FontEntry(fname='C:\\Windows\\Fonts\\italic__.ttf', name='Italic', style='italic', variant='normal', weight=400, stretch='normal', size='scalable')) = 11.05
[2026-01-02 04:35:36] [DEBUG] findfont: score(FontEntry(fname='C:\\Windows\\Fonts\\micross.ttf', name='Microsoft Sans Serif', style='normal', variant='normal', weight=400, stretch='normal', size='scalable')) = 10.05
[2026-01-02 04:35:36] [DEBUG] findfont: score(FontEntry(fname='C:\\Windows\\Fonts\\CALIFB.TTF', name='Californian FB', style='normal', variant='normal', weight=700, stretch='normal', size='scalable')) = 10.335
[2026-01-02 04:35:36] [DEBUG] findfont: score(FontEntry(fname='C:\\Windows\\Fonts\\NanumBarunGothic.ttf', name='NanumBarunGothic', style='normal', variant='normal', weight=400, stretch='normal', size='scalable')) = 10.05
[2026-01-02 04:35:36] [DEBUG] findfont: score(FontEntry(fname='C:\\Windows\\Fonts\\VLADIMIR.TTF', name='Vladimir Script', style='normal', variant='normal', weight=400, stretch='normal', size='scalable')) = 10.05
[2026-01-02 04:35:36] [DEBUG] findfont: score(FontEntry(fname='C:\\Windows\\Fonts\\NanumGothic.ttf', name='NanumGothic', style='normal', variant='normal', weight=400, stretch='normal', size='scalable')) = 10.05
[2026-01-02 04:35:36] [DEBUG] findfont: score(FontEntry(fname='C:\\Windows\\Fonts\\constan.ttf', name='Constantia', style='normal', variant='normal', weight=400, stretch='normal', size='scalable')) = 10.05
[2026-01-02 04:35:36] [DEBUG] findfont: score(FontEntry(fname='C:\\Windows\\Fonts\\verdanab.ttf', name='Verdana', style='normal', variant='normal', weight=700, stretch='normal', size='scalable')) = 10.335
[2026-01-02 04:35:36] [DEBUG] findfont: score(FontEntry(fname='C:\\Windows\\Fonts\\palab.ttf', name='Palatino Linotype', style='normal', variant='normal', weight=700, stretch='normal', size='scalable')) = 10.335
[2026-01-02 04:35:36] [DEBUG] findfont: score(FontEntry(fname='C:\\Windows\\Fonts\\scripts_.ttf', name='ScriptS', style='normal', variant='normal', weight=400, stretch='normal', size='scalable')) = 10.05
[2026-01-02 04:35:36] [DEBUG] findfont: score(FontEntry(fname='C:\\Windows\\Fonts\\VIVALDII.TTF', name='Vivaldi', style='italic', variant='normal', weight=400, stretch='normal', size='scalable')) = 11.05
[2026-01-02 04:35:36] [DEBUG] findfont: score(FontEntry(fname='C:\\Windows\\Fonts\\gadugi.ttf', name='Gadugi', style='normal', variant='normal', weight=400, stretch='normal', size='scalable')) = 10.05
[2026-01-02 04:35:36] [DEBUG] findfont: score(FontEntry(fname='C:\\Windows\\Fonts\\TCCEB.TTF', name='Tw Cen MT Condensed Extra Bold', style='normal', variant='normal', weight=400, stretch='condensed', size='scalable')) = 10.25
[2026-01-02 04:35:36] [DEBUG] findfont: score(FontEntry(fname='C:\\Program Files\\VEGAS\\VEGAS Pro 18.0\\fonts\\docktrin.otf', name='Docktrin', style='normal', variant='normal', weight=400, stretch='normal', size='scalable')) = 10.05
[2026-01-02 04:35:36] [DEBUG] findfont: score(FontEntry(fname='C:\\Windows\\Fonts\\PERB____.TTF', name='Perpetua', style='normal', variant='normal', weight=700, stretch='normal', size='scalable')) = 10.335
[2026-01-02 04:35:36] [DEBUG] findfont: score(FontEntry(fname='C:\\Windows\\Fonts\\yumin.ttf', name='Yu Mincho', style='normal', variant='normal', weight=400, stretch='normal', size='scalable')) = 10.05
[2026-01-02 04:35:36] [DEBUG] findfont: score(FontEntry(fname='C:\\Windows\\Fonts\\mtproxy7.ttf', name='Proxy 7', style='normal', variant='normal', weight=400, stretch='normal', size='scalable')) = 10.05
[2026-01-02 04:35:36] [DEBUG] findfont: score(FontEntry(fname='C:\\Windows\\Fonts\\FRAHV.TTF', name='Franklin Gothic Heavy', style='normal', variant='normal', weight=400, stretch='normal', size='scalable')) = 10.05
[2026-01-02 04:35:36] [DEBUG] findfont: score(FontEntry(fname='C:\\Windows\\Fonts\\swissbi.ttf', name='Swis721 BT', style='italic', variant='normal', weight=700, stretch='normal', size='scalable')) = 11.335
[2026-01-02 04:35:36] [DEBUG] findfont: score(FontEntry(fname='C:\\Windows\\Fonts\\ROCKBI.TTF', name='Rockwell', style='italic', variant='normal', weight=700, stretch='normal', size='scalable')) = 11.335
[2026-01-02 04:35:36] [DEBUG] findfont: score(FontEntry(fname='C:\\Windows\\Fonts\\CENTAUR.TTF', name='Centaur', style='normal', variant='normal', weight=400, stretch='normal', size='scalable')) = 10.05
[2026-01-02 04:35:36] [DEBUG] findfont: score(FontEntry(fname='C:\\Program Files\\VEGAS\\VEGAS Pro 18.0\\fonts\\MarkMyWordsClean.otf', name='Mark My Words Clean', style='normal', variant='normal', weight=400, stretch='normal', size='scalable')) = 10.05
[2026-01-02 04:35:36] [DEBUG] findfont: score(FontEntry(fname='C:\\Windows\\Fonts\\MTEXTRA.TTF', name='MT Extra', style='normal', variant='normal', weight=400, stretch='normal', size='scalable')) = 10.05
[2026-01-02 04:35:36] [DEBUG] findfont: score(FontEntry(fname='C:\\Windows\\Fonts\\ANTQUABI.TTF', name='Book Antiqua', style='italic', variant='normal', weight=700, stretch='normal', size='scalable')) = 11.335
[2026-01-02 04:35:36] [DEBUG] findfont: score(FontEntry(fname='C:\\Windows\\Fonts\\Artifakt Element Book Italic.ttf', name='Artifakt Element', style='italic', variant='normal', weight=450, stretch='normal', size='scalable')) = 11.0975
[2026-01-02 04:35:36] [DEBUG] findfont: score(FontEntry(fname='C:\\Windows\\Fonts\\timesi.ttf', name='Times New Roman', style='italic', variant='normal', weight=400, stretch='normal', size='scalable')) = 11.05
[2026-01-02 04:35:36] [DEBUG] findfont: score(FontEntry(fname='C:\\Windows\\Fonts\\msjh.ttc', name='Microsoft JhengHei', style='normal', variant='normal', weight=400, stretch='normal', size='scalable')) = 10.05
[2026-01-02 04:35:36] [DEBUG] findfont: score(FontEntry(fname='C:\\Windows\\Fonts\\consolaz.ttf', name='Consolas', style='italic', variant='normal', weight=700, stretch='normal', size='scalable')) = 11.335
[2026-01-02 04:35:36] [DEBUG] findfont: score(FontEntry(fname='C:\\Windows\\Fonts\\GILC____.TTF', name='Gill Sans MT Condensed', style='normal', variant='normal', weight=400, stretch='condensed', size='scalable')) = 10.25
[2026-01-02 04:35:36] [DEBUG] findfont: score(FontEntry(fname='C:\\Windows\\Fonts\\constani.ttf', name='Constantia', style='italic', variant='normal', weight=400, stretch='normal', size='scalable')) = 11.05
[2026-01-02 04:35:36] [DEBUG] findfont: score(FontEntry(fname='C:\\Program Files\\VEGAS\\VEGAS Pro 18.0\\fonts\\hotel_de_paris_Xe.otf', name='Hotel De Paris Xe', style='normal', variant='normal', weight=400, stretch='normal', size='scalable')) = 10.05
[2026-01-02 04:35:36] [DEBUG] findfont: score(FontEntry(fname='C:\\Windows\\Fonts\\GOTHICBI.TTF', name='Century Gothic', style='italic', variant='normal', weight=700, stretch='normal', size='scalable')) = 11.335
[2026-01-02 04:35:36] [DEBUG] findfont: score(FontEntry(fname='C:\\Program Files\\VEGAS\\VEGAS Pro 18.0\\fonts\\bernadette.otf', name='Bernadette', style='normal', variant='normal', weight=400, stretch='normal', size='scalable')) = 10.05
[2026-01-02 04:35:36] [DEBUG] findfont: score(FontEntry(fname='C:\\Windows\\Fonts\\swissc.ttf', name='Swis721 Cn BT', style='normal', variant='normal', weight=400, stretch='condensed', size='scalable')) = 10.25
[2026-01-02 04:35:36] [DEBUG] findfont: score(FontEntry(fname='C:\\Windows\\Fonts\\HanSantteutDotum-Bold.ttf', name='Han Santteut Dotum', style='normal', variant='normal', weight=700, stretch='normal', size='scalable')) = 10.335
[2026-01-02 04:35:36] [DEBUG] findfont: score(FontEntry(fname='C:\\Windows\\Fonts\\mtproxy2.ttf', name='Proxy 2', style='normal', variant='normal', weight=400, stretch='normal', size='scalable')) = 10.05
[2026-01-02 04:35:36] [DEBUG] findfont: score(FontEntry(fname='C:\\Windows\\Fonts\\BIZ-UDMinchoM.ttc', name='BIZ UDMincho', style='normal', variant='normal', weight=500, stretch='normal', size='scalable')) = 10.145
[2026-01-02 04:35:36] [DEBUG] findfont: score(FontEntry(fname='C:\\Windows\\Fonts\\FRADMIT.TTF', name='Franklin Gothic Demi', style='italic', variant='normal', weight=400, stretch='normal', size='scalable')) = 11.05
[2026-01-02 04:35:36] [DEBUG] findfont: score(FontEntry(fname='C:\\Program Files\\VEGAS\\VEGAS Pro 18.0\\fonts\\SilverCharmDuo.otf', name='Silver Charm Duo', style='normal', variant='normal', weight=400, stretch='normal', size='scalable')) = 10.05
[2026-01-02 04:35:36] [DEBUG] findfont: score(FontEntry(fname='C:\\Windows\\Fonts\\NanumGothicLight.ttf', name='NanumGothic', style='normal', variant='normal', weight=300, stretch='normal', size='scalable')) = 10.145
[2026-01-02 04:35:36] [DEBUG] findfont: score(FontEntry(fname='C:\\Windows\\Fonts\\ARIALNBI.TTF', name='Arial', style='italic', variant='normal', weight=700, stretch='condensed', size='scalable')) = 11.535
[2026-01-02 04:35:36] [DEBUG] findfont: score(FontEntry(fname='C:\\Program Files\\VEGAS\\VEGAS Pro 18.0\\fonts\\Gloss_And_Bloom.otf', name='Gloss And Bloom', style='normal', variant='normal', weight=400, stretch='normal', size='scalable')) = 10.05
[2026-01-02 04:35:36] [DEBUG] findfont: score(FontEntry(fname='C:\\Windows\\Fonts\\taileb.ttf', name='Microsoft Tai Le', style='normal', variant='normal', weight=700, stretch='normal', size='scalable')) = 10.335
[2026-01-02 04:35:36] [DEBUG] findfont: score(FontEntry(fname='C:\\Windows\\Fonts\\msyhbd.ttc', name='Microsoft YaHei', style='normal', variant='normal', weight=700, stretch='normal', size='scalable')) = 10.335
[2026-01-02 04:35:36] [DEBUG] findfont: score(FontEntry(fname='C:\\Windows\\Fonts\\GIL_____.TTF', name='Gill Sans MT', style='normal', variant='normal', weight=400, stretch='normal', size='scalable')) = 10.05
[2026-01-02 04:35:36] [DEBUG] findfont: score(FontEntry(fname='C:\\Windows\\Fonts\\swissek.ttf', name='Swis721 BlkEx BT', style='normal', variant='normal', weight=400, stretch='expanded', size='scalable')) = 10.25
[2026-01-02 04:35:36] [DEBUG] findfont: score(FontEntry(fname='C:\\Windows\\Fonts\\trebucit.ttf', name='Trebuchet MS', style='italic', variant='normal', weight=400, stretch='normal', size='scalable')) = 11.05
[2026-01-02 04:35:36] [DEBUG] findfont: score(FontEntry(fname='C:\\Windows\\Fonts\\COOPBL.TTF', name='Cooper Black', style='normal', variant='normal', weight=400, stretch='normal', size='scalable')) = 10.05
[2026-01-02 04:35:36] [DEBUG] findfont: score(FontEntry(fname='C:\\Windows\\Fonts\\sanss___.ttf', name='SansSerif', style='normal', variant='normal', weight=400, stretch='normal', size='scalable')) = 10.05
[2026-01-02 04:35:36] [DEBUG] findfont: score(FontEntry(fname='C:\\Windows\\Fonts\\mtproxy3.ttf', name='Proxy 3', style='normal', variant='normal', weight=400, stretch='normal', size='scalable')) = 10.05
[2026-01-02 04:35:36] [DEBUG] findfont: score(FontEntry(fname='C:\\Windows\\Fonts\\NanumGothicBold.ttf', name='NanumGothic', style='normal', variant='normal', weight=600, stretch='normal', size='scalable')) = 10.24
[2026-01-02 04:35:36] [DEBUG] findfont: score(FontEntry(fname='C:\\Windows\\Fonts\\gulim.ttc', name='Gulim', style='normal', variant='normal', weight=400, stretch='normal', size='scalable')) = 10.05
[2026-01-02 04:35:36] [DEBUG] findfont: score(FontEntry(fname='C:\\Windows\\Fonts\\NanumMyeongjoExtraBold.ttf', name='NanumMyeongjo', style='normal', variant='normal', weight=700, stretch='normal', size='scalable')) = 10.335
[2026-01-02 04:35:36] [DEBUG] findfont: score(FontEntry(fname='C:\\Windows\\Fonts\\sylfaen.ttf', name='Sylfaen', style='normal', variant='normal', weight=400, stretch='normal', size='scalable')) = 10.05
[2026-01-02 04:35:36] [DEBUG] findfont: score(FontEntry(fname='C:\\Windows\\Fonts\\calibrii.ttf', name='Calibri', style='italic', variant='normal', weight=400, stretch='normal', size='scalable')) = 11.05
[2026-01-02 04:35:36] [DEBUG] findfont: score(FontEntry(fname='C:\\Program Files\\VEGAS\\VEGAS Pro 18.0\\fonts\\meat_buckets.otf', name='Meat Buckets', style='normal', variant='normal', weight=400, stretch='normal', size='scalable')) = 10.05
[2026-01-02 04:35:36] [DEBUG] findfont: score(FontEntry(fname='C:\\Program Files\\VEGAS\\VEGAS Pro 18.0\\fonts\\base05.otf', name='Base 05', style='normal', variant='normal', weight=400, stretch='normal', size='scalable')) = 10.05
[2026-01-02 04:35:36] [DEBUG] findfont: score(FontEntry(fname='C:\\Windows\\Fonts\\palai.ttf', name='Palatino Linotype', style='italic', variant='normal', weight=400, stretch='normal', size='scalable')) = 11.05
[2026-01-02 04:35:36] [DEBUG] findfont: score(FontEntry(fname='C:\\Windows\\Fonts\\DejaVuSansMono-Oblique_0.ttf', name='DejaVu Sans Mono', style='oblique', variant='normal', weight=400, stretch='normal', size='scalable')) = 11.05
[2026-01-02 04:35:36] [DEBUG] findfont: score(FontEntry(fname='C:\\Windows\\Fonts\\swissel.ttf', name='Swis721 LtEx BT', style='normal', variant='normal', weight=400, stretch='expanded', size='scalable')) = 10.25
[2026-01-02 04:35:36] [DEBUG] findfont: score(FontEntry(fname='C:\\Windows\\Fonts\\H2MJSM.TTF', name='HYSinMyeongJo-Medium', style='normal', variant='normal', weight=400, stretch='normal', size='scalable')) = 10.05
[2026-01-02 04:35:36] [DEBUG] findfont: score(FontEntry(fname='C:\\Windows\\Fonts\\WINGDNG2.TTF', name='Wingdings 2', style='normal', variant='normal', weight=400, stretch='normal', size='scalable')) = 10.05
[2026-01-02 04:35:36] [DEBUG] findfont: score(FontEntry(fname='C:\\Windows\\Fonts\\AIGDT___.TTF', name='AIGDT', style='normal', variant='normal', weight=400, stretch='normal', size='scalable')) = 10.05
[2026-01-02 04:35:36] [DEBUG] findfont: score(FontEntry(fname='C:\\Windows\\Fonts\\BERNHC.TTF', name='Bernard MT Condensed', style='normal', variant='normal', weight=400, stretch='condensed', size='scalable')) = 10.25
[2026-01-02 04:35:36] [DEBUG] findfont: score(FontEntry(fname='C:\\Windows\\Fonts\\consolai.ttf', name='Consolas', style='italic', variant='normal', weight=400, stretch='normal', size='scalable')) = 11.05
[2026-01-02 04:35:36] [DEBUG] findfont: score(FontEntry(fname='C:\\Windows\\Fonts\\timesbd.ttf', name='Times New Roman', style='normal', variant='normal', weight=700, stretch='normal', size='scalable')) = 10.335
[2026-01-02 04:35:36] [DEBUG] findfont: score(FontEntry(fname='C:\\Windows\\Fonts\\BOOKOSI.TTF', name='Bookman Old Style', style='italic', variant='normal', weight=300, stretch='normal', size='scalable')) = 11.145
[2026-01-02 04:35:36] [DEBUG] findfont: score(FontEntry(fname='C:\\Windows\\Fonts\\mtproxy8.ttf', name='Proxy 8', style='normal', variant='normal', weight=400, stretch='normal', size='scalable')) = 10.05
[2026-01-02 04:35:36] [DEBUG] findfont: score(FontEntry(fname='C:\\Windows\\Fonts\\comicz.ttf', name='Comic Sans MS', style='italic', variant='normal', weight=700, stretch='normal', size='scalable')) = 11.335
[2026-01-02 04:35:36] [DEBUG] findfont: score(FontEntry(fname='C:\\Windows\\Fonts\\NanumSquareR.ttf', name='NanumSquare', style='normal', variant='normal', weight=400, stretch='normal', size='scalable')) = 10.05
[2026-01-02 04:35:36] [DEBUG] findfont: score(FontEntry(fname='C:\\Windows\\Fonts\\H2MJRE.TTF', name='HYMyeongJo-Extra', style='normal', variant='normal', weight=400, stretch='normal', size='scalable')) = 10.05
[2026-01-02 04:35:36] [DEBUG] findfont: score(FontEntry(fname='C:\\Windows\\Fonts\\SCHLBKBI.TTF', name='Century Schoolbook', style='italic', variant='normal', weight=700, stretch='normal', size='scalable')) = 11.335
[2026-01-02 04:35:36] [DEBUG] findfont: score(FontEntry(fname='C:\\Windows\\Fonts\\MSUIGHUB.TTF', name='Microsoft Uighur', style='normal', variant='normal', weight=700, stretch='normal', size='scalable')) = 10.335
[2026-01-02 04:35:36] [DEBUG] findfont: score(FontEntry(fname='C:\\Windows\\Fonts\\GIGI.TTF', name='Gigi', style='normal', variant='normal', weight=400, stretch='normal', size='scalable')) = 10.05
[2026-01-02 04:35:36] [DEBUG] findfont: score(FontEntry(fname='C:\\Windows\\Fonts\\msjhbd.ttc', name='Microsoft JhengHei', style='normal', variant='normal', weight=700, stretch='normal', size='scalable')) = 10.335
[2026-01-02 04:35:36] [DEBUG] findfont: score(FontEntry(fname='C:\\Windows\\Fonts\\ariali.ttf', name='Arial', style='italic', variant='normal', weight=400, stretch='normal', size='scalable')) = 11.05
[2026-01-02 04:35:36] [DEBUG] findfont: score(FontEntry(fname='C:\\Windows\\Fonts\\HMFMOLD.TTF', name='Yet R', style='normal', variant='normal', weight=400, stretch='normal', size='scalable')) = 10.05
[2026-01-02 04:35:36] [DEBUG] findfont: score(FontEntry(fname='C:\\Windows\\Fonts\\GOTHICI.TTF', name='Century Gothic', style='italic', variant='normal', weight=400, stretch='normal', size='scalable')) = 11.05
[2026-01-02 04:35:36] [DEBUG] findfont: score(FontEntry(fname='C:\\Windows\\Fonts\\PAPYRUS.TTF', name='Papyrus', style='normal', variant='normal', weight=400, stretch='normal', size='scalable')) = 10.05
[2026-01-02 04:35:36] [DEBUG] findfont: score(FontEntry(fname='C:\\Windows\\Fonts\\corbelz.ttf', name='Corbel', style='italic', variant='normal', weight=700, stretch='normal', size='scalable')) = 11.335
[2026-01-02 04:35:36] [DEBUG] findfont: score(FontEntry(fname='C:\\Windows\\Fonts\\GENISO.ttf', name='GENISO', style='normal', variant='normal', weight=400, stretch='normal', size='scalable')) = 10.05
[2026-01-02 04:35:36] [DEBUG] findfont: score(FontEntry(fname='C:\\Windows\\Fonts\\swissb.ttf', name='Swis721 BT', style='normal', variant='normal', weight=700, stretch='normal', size='scalable')) = 10.335
[2026-01-02 04:35:36] [DEBUG] findfont: score(FontEntry(fname='C:\\Windows\\Fonts\\REFSPCL.TTF', name='MS Reference Specialty', style='normal', variant='normal', weight=400, stretch='normal', size='scalable')) = 10.05
[2026-01-02 04:35:36] [DEBUG] findfont: score(FontEntry(fname='C:\\Windows\\Fonts\\romand__.ttf', name='RomanD', style='normal', variant='normal', weight=400, stretch='normal', size='scalable')) = 10.05
[2026-01-02 04:35:36] [DEBUG] findfont: score(FontEntry(fname='C:\\Windows\\Fonts\\BOD_CR.TTF', name='Bodoni MT', style='normal', variant='normal', weight=400, stretch='condensed', size='scalable')) = 10.25
[2026-01-02 04:35:36] [DEBUG] findfont: score(FontEntry(fname='C:\\Windows\\Fonts\\techl___.ttf', name='TechnicLite', style='normal', variant='normal', weight=400, stretch='normal', size='scalable')) = 10.05
[2026-01-02 04:35:36] [DEBUG] findfont: score(FontEntry(fname='C:\\Windows\\Fonts\\impact.ttf', name='Impact', style='normal', variant='normal', weight=400, stretch='normal', size='scalable')) = 10.05
[2026-01-02 04:35:36] [DEBUG] findfont: score(FontEntry(fname='C:\\Windows\\Fonts\\cambriaz.ttf', name='Cambria', style='italic', variant='normal', weight=700, stretch='normal', size='scalable')) = 11.335
[2026-01-02 04:35:36] [DEBUG] findfont: score(FontEntry(fname='C:\\Windows\\Fonts\\swissk.ttf', name='Swis721 Blk BT', style='normal', variant='normal', weight=400, stretch='normal', size='scalable')) = 10.05
[2026-01-02 04:35:36] [DEBUG] findfont: score(FontEntry(fname='C:\\Windows\\Fonts\\hy헤드라인m.ttf', name='HYHeadLine-Medium', style='normal', variant='normal', weight=400, stretch='normal', size='scalable')) = 10.05
[2026-01-02 04:35:36] [DEBUG] findfont: score(FontEntry(fname='C:\\Windows\\Fonts\\PERTIBD.TTF', name='Perpetua Titling MT', style='normal', variant='normal', weight=700, stretch='normal', size='scalable')) = 10.335
[2026-01-02 04:35:36] [DEBUG] findfont: score(FontEntry(fname='C:\\Windows\\Fonts\\COPRGTL.TTF', name='Copperplate Gothic Light', style='normal', variant='normal', weight=400, stretch='normal', size='scalable')) = 10.05
[2026-01-02 04:35:36] [DEBUG] findfont: score(FontEntry(fname='C:\\Windows\\Fonts\\VINERITC.TTF', name='Viner Hand ITC', style='normal', variant='normal', weight=400, stretch='normal', size='scalable')) = 10.05
[2026-01-02 04:35:36] [DEBUG] findfont: score(FontEntry(fname='C:\\Program Files\\VEGAS\\VEGAS Pro 18.0\\fonts\\mocking_bird.otf', name='Mocking Bird', style='normal', variant='normal', weight=400, stretch='normal', size='scalable')) = 10.05
[2026-01-02 04:35:36] [DEBUG] findfont: score(FontEntry(fname='C:\\Windows\\Fonts\\MISTRAL.TTF', name='Mistral', style='normal', variant='normal', weight=400, stretch='normal', size='scalable')) = 10.05
[2026-01-02 04:35:36] [DEBUG] findfont: score(FontEntry(fname='C:\\Windows\\Fonts\\swissli.ttf', name='Swis721 Lt BT', style='italic', variant='normal', weight=400, stretch='normal', size='scalable')) = 11.05
[2026-01-02 04:35:36] [DEBUG] findfont: score(FontEntry(fname='C:\\Windows\\Fonts\\corbelli.ttf', name='Corbel', style='italic', variant='normal', weight=300, stretch='normal', size='scalable')) = 11.145
[2026-01-02 04:35:36] [DEBUG] findfont: score(FontEntry(fname='C:\\Windows\\Fonts\\Guitar Pro 5.ttf', name='Guitar Pro 5', style='normal', variant='normal', weight=400, stretch='normal', size='scalable')) = 10.05
[2026-01-02 04:35:36] [DEBUG] findfont: score(FontEntry(fname='C:\\Program Files\\VEGAS\\VEGAS Pro 18.0\\fonts\\huntress.otf', name='Huntress', style='normal', variant='normal', weight=400, stretch='normal', size='scalable')) = 10.05
[2026-01-02 04:35:36] [DEBUG] findfont: score(FontEntry(fname='C:\\Windows\\Fonts\\SCHLBKI.TTF', name='Century Schoolbook', style='italic', variant='normal', weight=400, stretch='normal', size='scalable')) = 11.05
[2026-01-02 04:35:36] [DEBUG] findfont: score(FontEntry(fname='C:\\Windows\\Fonts\\swisscli.ttf', name='Swis721 LtCn BT', style='italic', variant='normal', weight=400, stretch='condensed', size='scalable')) = 11.25
[2026-01-02 04:35:36] [DEBUG] findfont: score(FontEntry(fname='C:\\Program Files\\VEGAS\\VEGAS Pro 18.0\\fonts\\Strawberry Blossom.otf', name='Strawberry Blossom', style='normal', variant='normal', weight=400, stretch='normal', size='scalable')) = 10.05
[2026-01-02 04:35:36] [DEBUG] findfont: score(FontEntry(fname='C:\\Windows\\Fonts\\Artifakt Element Light Italic.ttf', name='Artifakt Element', style='italic', variant='normal', weight=300, stretch='normal', size='scalable')) = 11.145
[2026-01-02 04:35:36] [DEBUG] findfont: score(FontEntry(fname='C:\\Windows\\Fonts\\batang.ttc', name='Batang', style='normal', variant='normal', weight=400, stretch='normal', size='scalable')) = 10.05
[2026-01-02 04:35:36] [DEBUG] findfont: score(FontEntry(fname='C:\\Windows\\Fonts\\HANWing2.ttf', name='Haan Wing2', style='normal', variant='normal', weight=400, stretch='normal', size='scalable')) = 10.05
[2026-01-02 04:35:36] [DEBUG] findfont: score(FontEntry(fname='C:\\Windows\\Fonts\\PERBI___.TTF', name='Perpetua', style='italic', variant='normal', weight=700, stretch='normal', size='scalable')) = 11.335
[2026-01-02 04:35:36] [DEBUG] findfont: score(FontEntry(fname='C:\\Windows\\Fonts\\RAVIE.TTF', name='Ravie', style='normal', variant='normal', weight=400, stretch='normal', size='scalable')) = 10.05
[2026-01-02 04:35:36] [DEBUG] findfont: score(FontEntry(fname='C:\\Windows\\Fonts\\swissl.ttf', name='Swis721 Lt BT', style='normal', variant='normal', weight=400, stretch='normal', size='scalable')) = 10.05
[2026-01-02 04:35:36] [DEBUG] findfont: score(FontEntry(fname='C:\\Windows\\Fonts\\Gabriola.ttf', name='Gabriola', style='normal', variant='normal', weight=400, stretch='normal', size='scalable')) = 10.05
[2026-01-02 04:35:36] [DEBUG] findfont: score(FontEntry(fname='C:\\Windows\\Fonts\\OUTLOOK.TTF', name='MS Outlook', style='normal', variant='normal', weight=400, stretch='normal', size='scalable')) = 10.05
[2026-01-02 04:35:36] [DEBUG] findfont: score(FontEntry(fname='C:\\Windows\\Fonts\\gdt_____.ttf', name='GDT', style='normal', variant='normal', weight=400, stretch='normal', size='scalable')) = 10.05
[2026-01-02 04:35:36] [DEBUG] findfont: score(FontEntry(fname='C:\\Windows\\Fonts\\BOD_CBI.TTF', name='Bodoni MT', style='italic', variant='normal', weight=700, stretch='condensed', size='scalable')) = 11.535
[2026-01-02 04:35:36] [DEBUG] findfont: score(FontEntry(fname='C:\\Windows\\Fonts\\FRAMDCN.TTF', name='Franklin Gothic Medium Cond', style='normal', variant='normal', weight=400, stretch='condensed', size='scalable')) = 10.25
[2026-01-02 04:35:36] [DEBUG] findfont: score(FontEntry(fname='C:\\Windows\\Fonts\\seguiemj.ttf', name='Segoe UI Emoji', style='normal', variant='normal', weight=400, stretch='normal', size='scalable')) = 10.05
[2026-01-02 04:35:36] [DEBUG] findfont: score(FontEntry(fname='C:\\Windows\\Fonts\\ROCKI.TTF', name='Rockwell', style='italic', variant='normal', weight=400, stretch='normal', size='scalable')) = 11.05
[2026-01-02 04:35:36] [DEBUG] findfont: score(FontEntry(fname='C:\\Windows\\Fonts\\swissko.ttf', name='Swis721 BlkOul BT', style='normal', variant='normal', weight=400, stretch='normal', size='scalable')) = 10.05
[2026-01-02 04:35:36] [DEBUG] findfont: score(FontEntry(fname='C:\\Windows\\Fonts\\scriptc_.ttf', name='ScriptC', style='normal', variant='normal', weight=400, stretch='normal', size='scalable')) = 10.05
[2026-01-02 04:35:36] [DEBUG] findfont: score(FontEntry(fname='C:\\Windows\\Fonts\\LSANSDI.TTF', name='Lucida Sans', style='italic', variant='normal', weight=600, stretch='normal', size='scalable')) = 11.24
[2026-01-02 04:35:36] [DEBUG] findfont: score(FontEntry(fname='C:\\Windows\\Fonts\\DejaVuSansMono_0.ttf', name='DejaVu Sans Mono', style='normal', variant='normal', weight=400, stretch='normal', size='scalable')) = 10.05
[2026-01-02 04:35:36] [DEBUG] findfont: score(FontEntry(fname='C:\\Windows\\Fonts\\segoepr.ttf', name='Segoe Print', style='normal', variant='normal', weight=400, stretch='normal', size='scalable')) = 10.05
[2026-01-02 04:35:36] [DEBUG] findfont: score(FontEntry(fname='C:\\Windows\\Fonts\\HancomEQN.ttf', name='HancomEQN', style='normal', variant='normal', weight=400, stretch='normal', size='scalable')) = 10.05
[2026-01-02 04:35:36] [DEBUG] findfont: score(FontEntry(fname='C:\\Windows\\Fonts\\trebuc.ttf', name='Trebuchet MS', style='normal', variant='normal', weight=400, stretch='normal', size='scalable')) = 10.05
[2026-01-02 04:35:36] [DEBUG] findfont: score(FontEntry(fname='C:\\Windows\\Fonts\\TTSNOTE.TTF', name='TtsNote', style='normal', variant='normal', weight=400, stretch='normal', size='scalable')) = 10.05
[2026-01-02 04:35:36] [DEBUG] findfont: score(FontEntry(fname='C:\\Windows\\Fonts\\ITCBLKAD.TTF', name='Blackadder ITC', style='normal', variant='normal', weight=400, stretch='normal', size='scalable')) = 10.05
[2026-01-02 04:35:36] [DEBUG] findfont: score(FontEntry(fname='C:\\Windows\\Fonts\\HMFMPYUN.TTF', name='Pyunji R', style='normal', variant='normal', weight=400, stretch='normal', size='scalable')) = 10.05
[2026-01-02 04:35:36] [DEBUG] findfont: score(FontEntry(fname='C:\\Windows\\Fonts\\PERI____.TTF', name='Perpetua', style='italic', variant='normal', weight=400, stretch='normal', size='scalable')) = 11.05
[2026-01-02 04:35:36] [DEBUG] findfont: score(FontEntry(fname='C:\\Windows\\Fonts\\arial.ttf', name='Arial', style='normal', variant='normal', weight=400, stretch='normal', size='scalable')) = 10.05
[2026-01-02 04:35:36] [DEBUG] findfont: score(FontEntry(fname='C:\\Program Files\\VEGAS\\VEGAS Pro 18.0\\fonts\\Julietta.otf', name='Julietta', style='normal', variant='normal', weight=400, stretch='normal', size='scalable')) = 10.05
[2026-01-02 04:35:36] [DEBUG] findfont: score(FontEntry(fname='C:\\Windows\\Fonts\\INFROMAN.TTF', name='Informal Roman', style='normal', variant='normal', weight=400, stretch='normal', size='scalable')) = 10.05
[2026-01-02 04:35:36] [DEBUG] findfont: score(FontEntry(fname='C:\\Windows\\Fonts\\trebucbd.ttf', name='Trebuchet MS', style='normal', variant='normal', weight=700, stretch='normal', size='scalable')) = 10.335
[2026-01-02 04:35:36] [DEBUG] findfont: score(FontEntry(fname='C:\\Windows\\Fonts\\sanssbo_.ttf', name='SansSerif', style='oblique', variant='normal', weight=700, stretch='normal', size='scalable')) = 11.335
[2026-01-02 04:35:36] [DEBUG] findfont: score(FontEntry(fname='C:\\Windows\\Fonts\\LFAXDI.TTF', name='Lucida Fax', style='italic', variant='normal', weight=600, stretch='normal', size='scalable')) = 11.24
[2026-01-02 04:35:36] [DEBUG] findfont: score(FontEntry(fname='C:\\Windows\\Fonts\\BOD_R.TTF', name='Bodoni MT', style='normal', variant='normal', weight=400, stretch='normal', size='scalable')) = 10.05
[2026-01-02 04:35:36] [DEBUG] findfont: score(FontEntry(fname='C:\\Program Files\\VEGAS\\VEGAS Pro 18.0\\fonts\\Wasted.otf', name='Wasted', style='normal', variant='normal', weight=400, stretch='normal', size='scalable')) = 10.05
[2026-01-02 04:35:36] [DEBUG] findfont: score(FontEntry(fname='C:\\Windows\\Fonts\\HYHWPEQ.TTF', name='HyhwpEQ', style='normal', variant='normal', weight=400, stretch='normal', size='scalable')) = 10.05
[2026-01-02 04:35:36] [DEBUG] findfont: score(FontEntry(fname='C:\\Windows\\Fonts\\TEMPSITC.TTF', name='Tempus Sans ITC', style='normal', variant='normal', weight=400, stretch='normal', size='scalable')) = 10.05
[2026-01-02 04:35:36] [DEBUG] findfont: score(FontEntry(fname='C:\\Windows\\Fonts\\himalaya.ttf', name='Microsoft Himalaya', style='normal', variant='normal', weight=400, stretch='normal', size='scalable')) = 10.05
[2026-01-02 04:35:36] [DEBUG] findfont: score(FontEntry(fname='C:\\Windows\\Fonts\\HARNGTON.TTF', name='Harrington', style='normal', variant='normal', weight=400, stretch='normal', size='scalable')) = 10.05
[2026-01-02 04:35:36] [DEBUG] findfont: score(FontEntry(fname='C:\\Windows\\Fonts\\ROCKB.TTF', name='Rockwell', style='normal', variant='normal', weight=700, stretch='normal', size='scalable')) = 10.335
[2026-01-02 04:35:36] [DEBUG] findfont: score(FontEntry(fname='C:\\Windows\\Fonts\\SCRIPTBL.TTF', name='Script MT Bold', style='normal', variant='normal', weight=700, stretch='normal', size='scalable')) = 10.335
[2026-01-02 04:35:36] [DEBUG] findfont: score(FontEntry(fname='C:\\Windows\\Fonts\\romab___.ttf', name='Romantic', style='normal', variant='normal', weight=700, stretch='normal', size='scalable')) = 10.335
[2026-01-02 04:35:36] [DEBUG] findfont: score(FontEntry(fname='C:\\Windows\\Fonts\\swisscbi.ttf', name='Swis721 Cn BT', style='italic', variant='normal', weight=700, stretch='condensed', size='scalable')) = 11.535
[2026-01-02 04:35:36] [DEBUG] findfont: score(FontEntry(fname='C:\\Windows\\Fonts\\Candarab.ttf', name='Candara', style='normal', variant='normal', weight=700, stretch='normal', size='scalable')) = 10.335
[2026-01-02 04:35:36] [DEBUG] findfont: score(FontEntry(fname='C:\\Windows\\Fonts\\symeteo_.ttf', name='Symeteo', style='normal', variant='normal', weight=400, stretch='normal', size='scalable')) = 10.05
[2026-01-02 04:35:36] [DEBUG] findfont: score(FontEntry(fname='C:\\Windows\\Fonts\\ELEPHNT.TTF', name='Elephant', style='normal', variant='normal', weight=400, stretch='normal', size='scalable')) = 10.05
[2026-01-02 04:35:36] [DEBUG] findfont: score(FontEntry(fname='C:\\Windows\\Fonts\\segoeuil.ttf', name='Segoe UI', style='normal', variant='normal', weight=300, stretch='normal', size='scalable')) = 10.145
[2026-01-02 04:35:36] [DEBUG] findfont: score(FontEntry(fname='C:\\Windows\\Fonts\\complex_.ttf', name='Complex', style='normal', variant='normal', weight=400, stretch='normal', size='scalable')) = 10.05
[2026-01-02 04:35:36] [DEBUG] findfont: score(FontEntry(fname='C:\\Windows\\Fonts\\seguihis.ttf', name='Segoe UI Historic', style='normal', variant='normal', weight=400, stretch='normal', size='scalable')) = 10.05
[2026-01-02 04:35:36] [DEBUG] findfont: score(FontEntry(fname='C:\\Program Files\\VEGAS\\VEGAS Pro 18.0\\fonts\\Grand_Aventure_Text.otf', name='Grand Aventure Text', style='normal', variant='normal', weight=400, stretch='normal', size='scalable')) = 10.05
[2026-01-02 04:35:36] [DEBUG] findfont: score(FontEntry(fname='C:\\Windows\\Fonts\\LBRITED.TTF', name='Lucida Bright', style='normal', variant='normal', weight=600, stretch='normal', size='scalable')) = 10.24
[2026-01-02 04:35:36] [DEBUG] findfont: score(FontEntry(fname='C:\\Windows\\Fonts\\ANTQUAI.TTF', name='Book Antiqua', style='italic', variant='normal', weight=400, stretch='normal', size='scalable')) = 11.05
[2026-01-02 04:35:36] [DEBUG] findfont: score(FontEntry(fname='C:\\Program Files\\VEGAS\\VEGAS Pro 18.0\\fonts\\MarkMyWords.otf', name='Mark My Words', style='normal', variant='normal', weight=400, stretch='normal', size='scalable')) = 10.05
[2026-01-02 04:35:36] [DEBUG] findfont: score(FontEntry(fname='C:\\Windows\\Fonts\\simsun.ttc', name='SimSun', style='normal', variant='normal', weight=400, stretch='normal', size='scalable')) = 10.05
[2026-01-02 04:35:36] [DEBUG] findfont: score(FontEntry(fname='C:\\Windows\\Fonts\\BAUHS93.TTF', name='Bauhaus 93', style='normal', variant='normal', weight=400, stretch='normal', size='scalable')) = 10.05
[2026-01-02 04:35:36] [DEBUG] findfont: score(FontEntry(fname='C:\\Windows\\Fonts\\GILLUBCD.TTF', name='Gill Sans Ultra Bold Condensed', style='normal', variant='normal', weight=400, stretch='condensed', size='scalable')) = 10.25
[2026-01-02 04:35:36] [DEBUG] findfont: score(FontEntry(fname='C:\\Windows\\Fonts\\BRLNSDB.TTF', name='Berlin Sans FB Demi', style='normal', variant='normal', weight=700, stretch='normal', size='scalable')) = 10.335
[2026-01-02 04:35:36] [DEBUG] findfont: score(FontEntry(fname='C:\\Windows\\Fonts\\H2GTRM.TTF', name='HYGothic-Medium', style='normal', variant='normal', weight=400, stretch='normal', size='scalable')) = 10.05
[2026-01-02 04:35:36] [DEBUG] findfont: score(FontEntry(fname='C:\\Program Files\\VEGAS\\VEGAS Pro 18.0\\fonts\\Grand_Aventure_Shadow.otf', name='Grand Aventure Shadow', style='normal', variant='normal', weight=400, stretch='normal', size='scalable')) = 10.05
[2026-01-02 04:35:36] [DEBUG] findfont: score(FontEntry(fname='C:\\Windows\\Fonts\\Artifakt Element Bold.ttf', name='Artifakt Element', style='normal', variant='normal', weight=700, stretch='normal', size='scalable')) = 10.335
[2026-01-02 04:35:36] [DEBUG] findfont: score(FontEntry(fname='C:\\Windows\\Fonts\\LeelUIsl.ttf', name='Leelawadee UI', style='normal', variant='normal', weight=350, stretch='normal', size='scalable')) = 10.0975
[2026-01-02 04:35:36] [DEBUG] findfont: score(FontEntry(fname='C:\\Windows\\Fonts\\l_10646.ttf', name='Lucida Sans Unicode', style='normal', variant='normal', weight=400, stretch='normal', size='scalable')) = 10.05
[2026-01-02 04:35:36] [DEBUG] findfont: score(FontEntry(fname='C:\\Windows\\Fonts\\seguisb.ttf', name='Segoe UI', style='normal', variant='normal', weight=600, stretch='normal', size='scalable')) = 10.24
[2026-01-02 04:35:36] [DEBUG] findfont: score(FontEntry(fname='C:\\Windows\\Fonts\\BKANT.TTF', name='Book Antiqua', style='normal', variant='normal', weight=400, stretch='normal', size='scalable')) = 10.05
[2026-01-02 04:35:36] [DEBUG] findfont: score(FontEntry(fname='C:\\Windows\\Fonts\\DejaVuSansMono-Bold_0.ttf', name='DejaVu Sans Mono', style='normal', variant='normal', weight=700, stretch='normal', size='scalable')) = 10.335
[2026-01-02 04:35:36] [DEBUG] findfont: score(FontEntry(fname='C:\\Windows\\Fonts\\Artifakt Element Hair.ttf', name='Artifakt Element', style='normal', variant='normal', weight=100, stretch='normal', size='scalable')) = 10.335
[2026-01-02 04:35:36] [DEBUG] findfont: score(FontEntry(fname='C:\\Windows\\Fonts\\STENCIL.TTF', name='Stencil', style='normal', variant='normal', weight=400, stretch='normal', size='scalable')) = 10.05
[2026-01-02 04:35:36] [DEBUG] findfont: score(FontEntry(fname='C:\\Windows\\Fonts\\corbelb.ttf', name='Corbel', style='normal', variant='normal', weight=700, stretch='normal', size='scalable')) = 10.335
[2026-01-02 04:35:36] [DEBUG] findfont: score(FontEntry(fname='C:\\Windows\\Fonts\\ebrimabd.ttf', name='Ebrima', style='normal', variant='normal', weight=700, stretch='normal', size='scalable')) = 10.335
[2026-01-02 04:35:36] [DEBUG] findfont: score(FontEntry(fname='C:\\Windows\\Fonts\\bahnschrift.ttf', name='Bahnschrift', style='normal', variant='normal', weight=400, stretch='normal', size='scalable')) = 10.05
[2026-01-02 04:35:36] [DEBUG] findfont: score(FontEntry(fname='C:\\Windows\\Fonts\\Hancom Gothic Regular.ttf', name='Hancom Gothic', style='normal', variant='normal', weight=400, stretch='normal', size='scalable')) = 10.05
[2026-01-02 04:35:36] [DEBUG] findfont: score(FontEntry(fname='C:\\Windows\\Fonts\\CALIFR.TTF', name='Californian FB', style='normal', variant='normal', weight=400, stretch='normal', size='scalable')) = 10.05
[2026-01-02 04:35:36] [DEBUG] findfont: score(FontEntry(fname='C:\\Windows\\Fonts\\FELIXTI.TTF', name='Felix Titling', style='normal', variant='normal', weight=400, stretch='normal', size='scalable')) = 10.05
[2026-01-02 04:35:36] [DEBUG] findfont: score(FontEntry(fname='C:\\Windows\\Fonts\\compi.ttf', name='CommercialPi BT', style='normal', variant='normal', weight=400, stretch='normal', size='scalable')) = 10.05
[2026-01-02 04:35:36] [DEBUG] findfont: score(FontEntry(fname='C:\\Windows\\Fonts\\ntailu.ttf', name='Microsoft New Tai Lue', style='normal', variant='normal', weight=400, stretch='normal', size='scalable')) = 10.05
[2026-01-02 04:35:36] [DEBUG] findfont: score(FontEntry(fname='C:\\Windows\\Fonts\\calibril.ttf', name='Calibri', style='normal', variant='normal', weight=300, stretch='normal', size='scalable')) = 10.145
[2026-01-02 04:35:36] [DEBUG] findfont: score(FontEntry(fname='C:\\Windows\\Fonts\\swisscbo.ttf', name='Swis721 BdCnOul BT', style='normal', variant='normal', weight=400, stretch='condensed', size='scalable')) = 10.25
[2026-01-02 04:35:36] [DEBUG] findfont: score(FontEntry(fname='C:\\Windows\\Fonts\\ntailub.ttf', name='Microsoft New Tai Lue', style='normal', variant='normal', weight=700, stretch='normal', size='scalable')) = 10.335
[2026-01-02 04:35:36] [DEBUG] findfont: score(FontEntry(fname='C:\\Windows\\Fonts\\romans__.ttf', name='RomanS', style='normal', variant='normal', weight=400, stretch='normal', size='scalable')) = 10.05
[2026-01-02 04:35:36] [DEBUG] findfont: score(FontEntry(fname='C:\\Windows\\Fonts\\LTYPEO.TTF', name='Lucida Sans Typewriter', style='oblique', variant='normal', weight=400, stretch='normal', size='scalable')) = 11.05
[2026-01-02 04:35:36] [DEBUG] findfont: score(FontEntry(fname='C:\\Windows\\Fonts\\H2GSRB.TTF', name='HYGungSo-Bold', style='normal', variant='normal', weight=400, stretch='normal', size='scalable')) = 10.05
[2026-01-02 04:35:36] [DEBUG] findfont: score(FontEntry(fname='C:\\Windows\\Fonts\\yumindb.ttf', name='Yu Mincho', style='normal', variant='normal', weight=600, stretch='normal', size='scalable')) = 10.24
[2026-01-02 04:35:36] [DEBUG] findfont: score(FontEntry(fname='C:\\Windows\\Fonts\\monosb.ttf', name='Monospac821 BT', style='normal', variant='normal', weight=700, stretch='normal', size='scalable')) = 10.335
[2026-01-02 04:35:36] [DEBUG] findfont: score(FontEntry(fname='C:\\Program Files\\VEGAS\\VEGAS Pro 18.0\\fonts\\Grand_Aventure.otf', name='Grand Aventure', style='normal', variant='normal', weight=400, stretch='normal', size='scalable')) = 10.05
[2026-01-02 04:35:36] [DEBUG] findfont: score(FontEntry(fname='C:\\Windows\\Fonts\\HMFMMUEX.TTC', name='MoeumT R', style='normal', variant='normal', weight=400, stretch='normal', size='scalable')) = 10.05
[2026-01-02 04:35:36] [DEBUG] findfont: score(FontEntry(fname='C:\\Windows\\Fonts\\comsc.ttf', name='CommercialScript BT', style='normal', variant='normal', weight=400, stretch='normal', size='scalable')) = 10.05
[2026-01-02 04:35:36] [DEBUG] findfont: score(FontEntry(fname='C:\\Windows\\Fonts\\NanumBrush.ttf', name='Nanum Brush Script', style='normal', variant='normal', weight=400, stretch='normal', size='scalable')) = 10.05
[2026-01-02 04:35:36] [DEBUG] findfont: score(FontEntry(fname='C:\\Program Files\\VEGAS\\VEGAS Pro 18.0\\fonts\\The Perfect Christmas.otf', name='The Perfect Christmas', style='normal', variant='normal', weight=400, stretch='normal', size='scalable')) = 10.05
[2026-01-02 04:35:36] [DEBUG] findfont: score(FontEntry(fname='C:\\Program Files\\VEGAS\\VEGAS Pro 18.0\\fonts\\SilverCharm.otf', name='Silver Charm', style='normal', variant='normal', weight=400, stretch='normal', size='scalable')) = 10.05
[2026-01-02 04:35:36] [DEBUG] findfont: score(FontEntry(fname='C:\\Windows\\Fonts\\Artifakt Element Heavy Italic.ttf', name='Artifakt Element', style='italic', variant='normal', weight=900, stretch='normal', size='scalable')) = 11.525
[2026-01-02 04:35:36] [DEBUG] findfont: score(FontEntry(fname='C:\\Windows\\Fonts\\Artifakt Element Italic.ttf', name='Artifakt Element', style='italic', variant='normal', weight=400, stretch='normal', size='scalable')) = 11.05
[2026-01-02 04:35:36] [DEBUG] findfont: score(FontEntry(fname='C:\\Windows\\Fonts\\Artifakt Element Heavy.ttf', name='Artifakt Element', style='normal', variant='normal', weight=900, stretch='normal', size='scalable')) = 10.525
[2026-01-02 04:35:36] [DEBUG] findfont: score(FontEntry(fname='C:\\Windows\\Fonts\\mtproxy4.ttf', name='Proxy 4', style='normal', variant='normal', weight=400, stretch='normal', size='scalable')) = 10.05
[2026-01-02 04:35:36] [DEBUG] findfont: score(FontEntry(fname='C:\\Windows\\Fonts\\swisse.ttf', name='Swis721 Ex BT', style='normal', variant='normal', weight=400, stretch='expanded', size='scalable')) = 10.25
[2026-01-02 04:35:36] [DEBUG] findfont: score(FontEntry(fname='C:\\Windows\\Fonts\\gadugib.ttf', name='Gadugi', style='normal', variant='normal', weight=700, stretch='normal', size='scalable')) = 10.335
[2026-01-02 04:35:36] [DEBUG] findfont: score(FontEntry(fname='C:\\Windows\\Fonts\\LFAX.TTF', name='Lucida Fax', style='normal', variant='normal', weight=400, stretch='normal', size='scalable')) = 10.05
[2026-01-02 04:35:36] [DEBUG] findfont: score(FontEntry(fname='C:\\Windows\\Fonts\\KUNSTLER.TTF', name='Kunstler Script', style='normal', variant='normal', weight=400, stretch='normal', size='scalable')) = 10.05
[2026-01-02 04:35:36] [DEBUG] findfont: score(FontEntry(fname='C:\\Windows\\Fonts\\msyi.ttf', name='Microsoft Yi Baiti', style='normal', variant='normal', weight=400, stretch='normal', size='scalable')) = 10.05
[2026-01-02 04:35:36] [DEBUG] findfont: score(FontEntry(fname='C:\\Windows\\Fonts\\romanc__.ttf', name='RomanC', style='normal', variant='normal', weight=400, stretch='normal', size='scalable')) = 10.05
[2026-01-02 04:35:36] [DEBUG] findfont: score(FontEntry(fname='C:\\Windows\\Fonts\\trebucbi.ttf', name='Trebuchet MS', style='italic', variant='normal', weight=700, stretch='normal', size='scalable')) = 11.335
[2026-01-02 04:35:36] [DEBUG] findfont: score(FontEntry(fname='C:\\Windows\\Fonts\\POORICH.TTF', name='Poor Richard', style='normal', variant='normal', weight=400, stretch='normal', size='scalable')) = 10.05
[2026-01-02 04:35:36] [DEBUG] findfont: score(FontEntry(fname='C:\\Windows\\Fonts\\Artifakt Element Thin.ttf', name='Artifakt Element', style='normal', variant='normal', weight=200, stretch='normal', size='scalable')) = 10.24
[2026-01-02 04:35:36] [DEBUG] findfont: score(FontEntry(fname='C:\\Windows\\Fonts\\OCRAEXT.TTF', name='OCR A Extended', style='normal', variant='normal', weight=400, stretch='expanded', size='scalable')) = 10.25
[2026-01-02 04:35:36] [DEBUG] findfont: score(FontEntry(fname='C:\\Windows\\Fonts\\CHILLER.TTF', name='Chiller', style='normal', variant='normal', weight=400, stretch='normal', size='scalable')) = 10.05
[2026-01-02 04:35:36] [DEBUG] findfont: score(FontEntry(fname='C:\\Windows\\Fonts\\romai___.ttf', name='Romantic', style='italic', variant='normal', weight=400, stretch='normal', size='scalable')) = 11.05
[2026-01-02 04:35:36] [DEBUG] findfont: score(FontEntry(fname='C:\\Windows\\Fonts\\FTLTLT.TTF', name='Footlight MT Light', style='normal', variant='normal', weight=300, stretch='normal', size='scalable')) = 10.145
[2026-01-02 04:35:36] [DEBUG] findfont: score(FontEntry(fname='C:\\Windows\\Fonts\\greekc__.ttf', name='GreekC', style='normal', variant='normal', weight=400, stretch='normal', size='scalable')) = 10.05
[2026-01-02 04:35:36] [DEBUG] findfont: score(FontEntry(fname='C:\\Windows\\Fonts\\HancomHoonminjeongeumH.ttf', name='Hancom Hoonminjeongeum_H', style='normal', variant='normal', weight=400, stretch='normal', size='scalable')) = 10.05
[2026-01-02 04:35:36] [DEBUG] findfont: score(FontEntry(fname='C:\\Windows\\Fonts\\greeks__.ttf', name='GreekS', style='normal', variant='normal', weight=400, stretch='normal', size='scalable')) = 10.05
[2026-01-02 04:35:36] [DEBUG] findfont: score(FontEntry(fname='C:\\Windows\\Fonts\\NanumSquareRoundL.ttf', name='NanumSquareRound', style='normal', variant='normal', weight=300, stretch='normal', size='scalable')) = 10.145
[2026-01-02 04:35:36] [DEBUG] findfont: score(FontEntry(fname='C:\\Windows\\Fonts\\BRUSHSCI.TTF', name='Brush Script MT', style='italic', variant='normal', weight=400, stretch='normal', size='scalable')) = 11.05
[2026-01-02 04:35:36] [DEBUG] findfont: score(FontEntry(fname='C:\\Windows\\Fonts\\supef___.ttf', name='SuperFrench', style='normal', variant='normal', weight=400, stretch='normal', size='scalable')) = 10.05
[2026-01-02 04:35:36] [DEBUG] findfont: score(FontEntry(fname='C:\\Windows\\Fonts\\MalangmalangB.ttf', name='Hancom MalangMalang', style='normal', variant='normal', weight=700, stretch='normal', size='scalable')) = 10.335
[2026-01-02 04:35:36] [DEBUG] findfont: score(FontEntry(fname='C:\\Windows\\Fonts\\JOKERMAN.TTF', name='Jokerman', style='normal', variant='normal', weight=400, stretch='normal', size='scalable')) = 10.05
[2026-01-02 04:35:36] [DEBUG] findfont: score(FontEntry(fname='C:\\Windows\\Fonts\\H2SA1M.TTF', name='HYShortSamul-Medium', style='normal', variant='normal', weight=400, stretch='normal', size='scalable')) = 10.05
[2026-01-02 04:35:36] [DEBUG] findfont: score(FontEntry(fname='C:\\Windows\\Fonts\\Artifakt Element Book.ttf', name='Artifakt Element', style='normal', variant='normal', weight=450, stretch='normal', size='scalable')) = 10.0975
[2026-01-02 04:35:36] [DEBUG] findfont: score(FontEntry(fname='C:\\Windows\\Fonts\\lucon.ttf', name='Lucida Console', style='normal', variant='normal', weight=400, stretch='normal', size='scalable')) = 10.05
[2026-01-02 04:35:36] [DEBUG] findfont: score(FontEntry(fname='C:\\Windows\\Fonts\\HANDotumExt.ttf', name='HCR Dotum Ext', style='normal', variant='normal', weight=400, stretch='normal', size='scalable')) = 10.05
[2026-01-02 04:35:36] [DEBUG] findfont: score(FontEntry(fname='C:\\Windows\\Fonts\\UDDigiKyokashoN-R.ttc', name='UD Digi Kyokasho N-R', style='normal', variant='normal', weight=400, stretch='normal', size='scalable')) = 10.05
[2026-01-02 04:35:36] [DEBUG] findfont: score(FontEntry(fname='C:\\Windows\\Fonts\\symbol.ttf', name='Symbol', style='normal', variant='normal', weight=400, stretch='normal', size='scalable')) = 10.05
[2026-01-02 04:35:36] [DEBUG] findfont: score(FontEntry(fname='C:\\Windows\\Fonts\\technic_.ttf', name='Technic', style='normal', variant='normal', weight=400, stretch='normal', size='scalable')) = 10.05
[2026-01-02 04:35:36] [DEBUG] findfont: score(FontEntry(fname='C:\\Windows\\Fonts\\NirmalaS.ttf', name='Nirmala UI', style='normal', variant='normal', weight=350, stretch='normal', size='scalable')) = 10.0975
[2026-01-02 04:35:36] [DEBUG] findfont: score(FontEntry(fname='C:\\Windows\\Fonts\\holomdl2.ttf', name='HoloLens MDL2 Assets', style='normal', variant='normal', weight=400, stretch='normal', size='scalable')) = 10.05
[2026-01-02 04:35:36] [DEBUG] findfont: score(FontEntry(fname='C:\\Windows\\Fonts\\monosi.ttf', name='Monospac821 BT', style='italic', variant='normal', weight=400, stretch='normal', size='scalable')) = 11.05
[2026-01-02 04:35:36] [DEBUG] findfont: score(FontEntry(fname='C:\\Windows\\Fonts\\H2PORL.TTF', name='HYPost-Light', style='normal', variant='normal', weight=400, stretch='normal', size='scalable')) = 10.05
[2026-01-02 04:35:36] [DEBUG] findfont: score(FontEntry(fname='C:\\Windows\\Fonts\\seguibli.ttf', name='Segoe UI', style='italic', variant='normal', weight=900, stretch='normal', size='scalable')) = 11.525
[2026-01-02 04:35:36] [DEBUG] findfont: score(FontEntry(fname='C:\\Windows\\Fonts\\phagspa.ttf', name='Microsoft PhagsPa', style='normal', variant='normal', weight=400, stretch='normal', size='scalable')) = 10.05
[2026-01-02 04:35:36] [DEBUG] findfont: score(FontEntry(fname='C:\\Windows\\Fonts\\isoct3__.ttf', name='ISOCT3', style='normal', variant='normal', weight=400, stretch='normal', size='scalable')) = 10.05
[2026-01-02 04:35:36] [DEBUG] findfont: score(FontEntry(fname='C:\\Windows\\Fonts\\CENTURY.TTF', name='Century', style='normal', variant='normal', weight=400, stretch='normal', size='scalable')) = 10.05
[2026-01-02 04:35:36] [DEBUG] findfont: score(FontEntry(fname='C:\\Program Files\\VEGAS\\VEGAS Pro 18.0\\fonts\\hotel_de_paris.otf', name='Hotel De Paris', style='normal', variant='normal', weight=400, stretch='normal', size='scalable')) = 10.05
[2026-01-02 04:35:36] [DEBUG] findfont: score(FontEntry(fname='C:\\Windows\\Fonts\\Candarai.ttf', name='Candara', style='italic', variant='normal', weight=400, stretch='normal', size='scalable')) = 11.05
[2026-01-02 04:35:36] [DEBUG] findfont: score(FontEntry(fname='C:\\Windows\\Fonts\\DUBAI-REGULAR.TTF', name='Dubai', style='normal', variant='normal', weight=400, stretch='normal', size='scalable')) = 10.05
[2026-01-02 04:35:36] [DEBUG] findfont: score(FontEntry(fname='C:\\Windows\\Fonts\\Artifakt Element Bold Italic.ttf', name='Artifakt Element', style='italic', variant='normal', weight=700, stretch='normal', size='scalable')) = 11.335
[2026-01-02 04:35:36] [DEBUG] findfont: score(FontEntry(fname='C:\\Windows\\Fonts\\LSANS.TTF', name='Lucida Sans', style='normal', variant='normal', weight=400, stretch='normal', size='scalable')) = 10.05
[2026-01-02 04:35:36] [DEBUG] findfont: score(FontEntry(fname='C:\\Windows\\Fonts\\LTYPE.TTF', name='Lucida Sans Typewriter', style='normal', variant='normal', weight=400, stretch='normal', size='scalable')) = 10.05
[2026-01-02 04:35:36] [DEBUG] findfont: score(FontEntry(fname='C:\\Windows\\Fonts\\ALGER.TTF', name='Algerian', style='normal', variant='normal', weight=400, stretch='normal', size='scalable')) = 10.05
[2026-01-02 04:35:36] [DEBUG] findfont: score(FontEntry(fname='C:\\Windows\\Fonts\\LeelaUIb.ttf', name='Leelawadee UI', style='normal', variant='normal', weight=700, stretch='normal', size='scalable')) = 10.335
[2026-01-02 04:35:36] [DEBUG] findfont: score(FontEntry(fname='C:\\Windows\\Fonts\\LBRITE.TTF', name='Lucida Bright', style='normal', variant='normal', weight=400, stretch='normal', size='scalable')) = 10.05
[2026-01-02 04:35:36] [DEBUG] findfont: score(FontEntry(fname='C:\\Windows\\Fonts\\cambria.ttc', name='Cambria', style='normal', variant='normal', weight=400, stretch='normal', size='scalable')) = 10.05
[2026-01-02 04:35:36] [DEBUG] findfont: score(FontEntry(fname='C:\\Windows\\Fonts\\ebrima.ttf', name='Ebrima', style='normal', variant='normal', weight=400, stretch='normal', size='scalable')) = 10.05
[2026-01-02 04:35:36] [DEBUG] findfont: score(FontEntry(fname='C:\\Windows\\Fonts\\dutchi.ttf', name='Dutch801 Rm BT', style='italic', variant='normal', weight=400, stretch='normal', size='scalable')) = 11.05
[2026-01-02 04:35:36] [DEBUG] findfont: score(FontEntry(fname='C:\\Windows\\Fonts\\Hancom Gothic Bold.ttf', name='Hancom Gothic', style='normal', variant='normal', weight=700, stretch='normal', size='scalable')) = 10.335
[2026-01-02 04:35:36] [DEBUG] findfont: score(FontEntry(fname='C:\\Windows\\Fonts\\ARLRDBD.TTF', name='Arial Rounded MT Bold', style='normal', variant='normal', weight=400, stretch='normal', size='scalable')) = 10.05
[2026-01-02 04:35:36] [DEBUG] findfont: score(FontEntry(fname='C:\\Windows\\Fonts\\seguisli.ttf', name='Segoe UI', style='italic', variant='normal', weight=350, stretch='normal', size='scalable')) = 11.0975
[2026-01-02 04:35:36] [DEBUG] findfont: score(FontEntry(fname='C:\\Windows\\Fonts\\swissbo.ttf', name='Swis721 BdOul BT', style='normal', variant='normal', weight=400, stretch='normal', size='scalable')) = 10.05
[2026-01-02 04:35:36] [DEBUG] findfont: score(FontEntry(fname='C:\\Windows\\Fonts\\isocp3__.ttf', name='ISOCP3', style='normal', variant='normal', weight=400, stretch='normal', size='scalable')) = 10.05
[2026-01-02 04:35:36] [DEBUG] findfont: score(FontEntry(fname='C:\\Program Files\\VEGAS\\VEGAS Pro 18.0\\fonts\\Thinking_of_Betty_Light.otf', name='Thinking Of Betty Light', style='normal', variant='normal', weight=400, stretch='normal', size='scalable')) = 10.05
[2026-01-02 04:35:36] [DEBUG] findfont: score(FontEntry(fname='C:\\Program Files\\VEGAS\\VEGAS Pro 18.0\\fonts\\Broadcast_Matter.otf', name='Broadcast Matter', style='normal', variant='normal', weight=400, stretch='normal', size='scalable')) = 10.05
[2026-01-02 04:35:36] [DEBUG] findfont: score(FontEntry(fname='C:\\Windows\\Fonts\\LeelawUI.ttf', name='Leelawadee UI', style='normal', variant='normal', weight=400, stretch='normal', size='scalable')) = 10.05
[2026-01-02 04:35:36] [DEBUG] findfont: score(FontEntry(fname='C:\\Windows\\Fonts\\ITCEDSCR.TTF', name='Edwardian Script ITC', style='normal', variant='normal', weight=400, stretch='normal', size='scalable')) = 10.05
[2026-01-02 04:35:36] [DEBUG] findfont: score(FontEntry(fname='C:\\Windows\\Fonts\\BELL.TTF', name='Bell MT', style='normal', variant='normal', weight=400, stretch='normal', size='scalable')) = 10.05
[2026-01-02 04:35:36] [DEBUG] findfont: score(FontEntry(fname='C:\\Windows\\Fonts\\ARIALN.TTF', name='Arial', style='normal', variant='normal', weight=400, stretch='condensed', size='scalable')) = 10.25
[2026-01-02 04:35:36] [DEBUG] findfont: score(FontEntry(fname='C:\\Windows\\Fonts\\NanumSquareRoundEB.ttf', name='NanumSquareRound', style='normal', variant='normal', weight=800, stretch='normal', size='scalable')) = 10.43
[2026-01-02 04:35:36] [DEBUG] findfont: score(FontEntry(fname='C:\\Windows\\Fonts\\cambriai.ttf', name='Cambria', style='italic', variant='normal', weight=400, stretch='normal', size='scalable')) = 11.05
[2026-01-02 04:35:36] [DEBUG] findfont: score(FontEntry(fname='C:\\Windows\\Fonts\\Candara.ttf', name='Candara', style='normal', variant='normal', weight=400, stretch='normal', size='scalable')) = 10.05
[2026-01-02 04:35:36] [DEBUG] findfont: score(FontEntry(fname='C:\\Windows\\Fonts\\isocp___.ttf', name='ISOCP', style='normal', variant='normal', weight=400, stretch='normal', size='scalable')) = 10.05
[2026-01-02 04:35:36] [DEBUG] findfont: score(FontEntry(fname='C:\\Windows\\Fonts\\YuGothB.ttc', name='Yu Gothic', style='normal', variant='normal', weight=700, stretch='normal', size='scalable')) = 10.335
[2026-01-02 04:35:36] [DEBUG] findfont: score(FontEntry(fname='C:\\Windows\\Fonts\\BSSYM7.TTF', name='Bookshelf Symbol 7', style='normal', variant='normal', weight=400, stretch='normal', size='scalable')) = 10.05
[2026-01-02 04:35:36] [DEBUG] findfont: score(FontEntry(fname='C:\\Windows\\Fonts\\CASTELAR.TTF', name='Castellar', style='normal', variant='normal', weight=400, stretch='normal', size='scalable')) = 10.05
[2026-01-02 04:35:36] [DEBUG] findfont: score(FontEntry(fname='C:\\Windows\\Fonts\\HMKMAMI.TTF', name='Ami R', style='normal', variant='normal', weight=400, stretch='normal', size='scalable')) = 10.05
[2026-01-02 04:35:36] [DEBUG] findfont: score(FontEntry(fname='C:\\Windows\\Fonts\\swisscki.ttf', name='Swis721 BlkCn BT', style='italic', variant='normal', weight=400, stretch='condensed', size='scalable')) = 11.25
[2026-01-02 04:35:36] [DEBUG] findfont: score(FontEntry(fname='C:\\Windows\\Fonts\\TCM_____.TTF', name='Tw Cen MT', style='normal', variant='normal', weight=400, stretch='normal', size='scalable')) = 10.05
[2026-01-02 04:35:36] [DEBUG] findfont: score(FontEntry(fname='C:\\Windows\\Fonts\\segoeprb.ttf', name='Segoe Print', style='normal', variant='normal', weight=700, stretch='normal', size='scalable')) = 10.335
[2026-01-02 04:35:36] [DEBUG] findfont: score(FontEntry(fname='C:\\Windows\\Fonts\\phagspab.ttf', name='Microsoft PhagsPa', style='normal', variant='normal', weight=700, stretch='normal', size='scalable')) = 10.335
[2026-01-02 04:35:36] [DEBUG] findfont: score(FontEntry(fname='C:\\Windows\\Fonts\\comic.ttf', name='Comic Sans MS', style='normal', variant='normal', weight=400, stretch='normal', size='scalable')) = 10.05
[2026-01-02 04:35:36] [DEBUG] findfont: score(FontEntry(fname='C:\\Windows\\Fonts\\sanssb__.ttf', name='SansSerif', style='normal', variant='normal', weight=700, stretch='normal', size='scalable')) = 10.335
[2026-01-02 04:35:36] [DEBUG] findfont: score(FontEntry(fname='C:\\Windows\\Fonts\\monos.ttf', name='Monospac821 BT', style='normal', variant='normal', weight=400, stretch='normal', size='scalable')) = 10.05
[2026-01-02 04:35:36] [DEBUG] findfont: score(FontEntry(fname='C:\\Windows\\Fonts\\HANBatangExt.ttf', name='HCR Batang Ext', style='normal', variant='normal', weight=400, stretch='normal', size='scalable')) = 10.05
[2026-01-02 04:35:36] [DEBUG] findfont: score(FontEntry(fname='C:\\Windows\\Fonts\\SCHLBKB.TTF', name='Century Schoolbook', style='normal', variant='normal', weight=700, stretch='normal', size='scalable')) = 10.335
[2026-01-02 04:35:36] [DEBUG] findfont: score(FontEntry(fname='C:\\Windows\\Fonts\\malgun.ttf', name='Malgun Gothic', style='normal', variant='normal', weight=400, stretch='normal', size='scalable')) = 0.05
[2026-01-02 04:35:36] [DEBUG] findfont: score(FontEntry(fname='C:\\Windows\\Fonts\\consola.ttf', name='Consolas', style='normal', variant='normal', weight=400, stretch='normal', size='scalable')) = 10.05
[2026-01-02 04:35:36] [DEBUG] findfont: score(FontEntry(fname='C:\\Windows\\Fonts\\CALISTBI.TTF', name='Calisto MT', style='italic', variant='normal', weight=700, stretch='normal', size='scalable')) = 11.335
[2026-01-02 04:35:36] [DEBUG] findfont: score(FontEntry(fname='C:\\Windows\\Fonts\\monbaiti.ttf', name='Mongolian Baiti', style='normal', variant='normal', weight=400, stretch='normal', size='scalable')) = 10.05
[2026-01-02 04:35:36] [DEBUG] findfont: score(FontEntry(fname='C:\\Windows\\Fonts\\BOD_BLAI.TTF', name='Bodoni MT', style='italic', variant='normal', weight=900, stretch='normal', size='scalable')) = 11.525
[2026-01-02 04:35:36] [DEBUG] findfont: score(FontEntry(fname='C:\\Windows\\Fonts\\GOUDOSB.TTF', name='Goudy Old Style', style='normal', variant='normal', weight=700, stretch='normal', size='scalable')) = 10.335
[2026-01-02 04:35:36] [DEBUG] findfont: score(FontEntry(fname='C:\\Windows\\Fonts\\LFAXI.TTF', name='Lucida Fax', style='italic', variant='normal', weight=400, stretch='normal', size='scalable')) = 11.05
[2026-01-02 04:35:36] [DEBUG] findfont: score(FontEntry(fname='C:\\Windows\\Fonts\\NanumSquareRoundB.ttf', name='NanumSquareRound', style='normal', variant='normal', weight=700, stretch='normal', size='scalable')) = 10.335
[2026-01-02 04:35:36] [DEBUG] findfont: score(FontEntry(fname='C:\\Windows\\Fonts\\COLONNA.TTF', name='Colonna MT', style='normal', variant='normal', weight=400, stretch='normal', size='scalable')) = 10.05
[2026-01-02 04:35:36] [DEBUG] findfont: score(FontEntry(fname='C:\\Windows\\Fonts\\ELEPHNTI.TTF', name='Elephant', style='italic', variant='normal', weight=400, stretch='normal', size='scalable')) = 11.05
[2026-01-02 04:35:36] [DEBUG] findfont: score(FontEntry(fname='C:\\Windows\\Fonts\\GOUDOS.TTF', name='Goudy Old Style', style='normal', variant='normal', weight=400, stretch='normal', size='scalable')) = 10.05
[2026-01-02 04:35:36] [DEBUG] findfont: score(FontEntry(fname='C:\\Program Files\\VEGAS\\VEGAS Pro 18.0\\fonts\\work_in_progress.otf', name='Work In Progress', style='normal', variant='normal', weight=400, stretch='normal', size='scalable')) = 10.05
[2026-01-02 04:35:36] [DEBUG] findfont: score(FontEntry(fname='C:\\Windows\\Fonts\\cityb___.ttf', name='CityBlueprint', style='normal', variant='normal', weight=400, stretch='normal', size='scalable')) = 10.05
[2026-01-02 04:35:36] [DEBUG] findfont: score(FontEntry(fname='C:\\Windows\\Fonts\\segoeuii.ttf', name='Segoe UI', style='italic', variant='normal', weight=400, stretch='normal', size='scalable')) = 11.05
[2026-01-02 04:35:36] [DEBUG] findfont: score(FontEntry(fname='C:\\Windows\\Fonts\\NIAGSOL.TTF', name='Niagara Solid', style='normal', variant='normal', weight=400, stretch='normal', size='scalable')) = 10.05
[2026-01-02 04:35:36] [DEBUG] findfont: score(FontEntry(fname='C:\\Windows\\Fonts\\LATINWD.TTF', name='Wide Latin', style='normal', variant='normal', weight=400, stretch='expanded', size='scalable')) = 10.25
[2026-01-02 04:35:36] [DEBUG] findfont: score(FontEntry(fname='C:\\Windows\\Fonts\\NanumBarunpenR.ttf', name='NanumBarunpen', style='normal', variant='normal', weight=400, stretch='normal', size='scalable')) = 10.05
[2026-01-02 04:35:36] [DEBUG] findfont: score(FontEntry(fname='C:\\Windows\\Fonts\\mingliub.ttc', name='MingLiU-ExtB', style='normal', variant='normal', weight=400, stretch='normal', size='scalable')) = 10.05
[2026-01-02 04:35:36] [DEBUG] findfont: score(FontEntry(fname='C:\\Windows\\Fonts\\yuminl.ttf', name='Yu Mincho', style='normal', variant='normal', weight=300, stretch='normal', size='scalable')) = 10.145
[2026-01-02 04:35:36] [DEBUG] findfont: score(FontEntry(fname='C:\\Windows\\Fonts\\meiryo.ttc', name='Meiryo', style='normal', variant='normal', weight=400, stretch='normal', size='scalable')) = 10.05
[2026-01-02 04:35:36] [DEBUG] findfont: score(FontEntry(fname='C:\\Windows\\Fonts\\simplex_.ttf', name='Simplex', style='normal', variant='normal', weight=400, stretch='normal', size='scalable')) = 10.05
[2026-01-02 04:35:36] [DEBUG] findfont: score(FontEntry(fname='C:\\Windows\\Fonts\\symath__.ttf', name='Symath', style='normal', variant='normal', weight=400, stretch='normal', size='scalable')) = 10.05
[2026-01-02 04:35:36] [DEBUG] findfont: score(FontEntry(fname='C:\\Windows\\Fonts\\italict_.ttf', name='ItalicT', style='italic', variant='normal', weight=400, stretch='normal', size='scalable')) = 11.05
[2026-01-02 04:35:36] [DEBUG] findfont: score(FontEntry(fname='C:\\Windows\\Fonts\\CALIFI.TTF', name='Californian FB', style='italic', variant='normal', weight=400, stretch='normal', size='scalable')) = 11.05
[2026-01-02 04:35:36] [DEBUG] findfont: score(FontEntry(fname='C:\\Windows\\Fonts\\verdanaz.ttf', name='Verdana', style='italic', variant='normal', weight=700, stretch='normal', size='scalable')) = 11.335
[2026-01-02 04:35:36] [DEBUG] findfont: score(FontEntry(fname='C:\\Windows\\Fonts\\LSANSI.TTF', name='Lucida Sans', style='italic', variant='normal', weight=400, stretch='normal', size='scalable')) = 11.05
[2026-01-02 04:35:36] [DEBUG] findfont: score(FontEntry(fname='C:\\Windows\\Fonts\\framd.ttf', name='Franklin Gothic Medium', style='normal', variant='normal', weight=400, stretch='normal', size='scalable')) = 10.05
[2026-01-02 04:35:36] [DEBUG] findfont: score(FontEntry(fname='C:\\Windows\\Fonts\\BELLI.TTF', name='Bell MT', style='italic', variant='normal', weight=400, stretch='normal', size='scalable')) = 11.05
[2026-01-02 04:35:36] [DEBUG] findfont: score(FontEntry(fname='C:\\Windows\\Fonts\\MAGNETOB.TTF', name='Magneto', style='normal', variant='normal', weight=700, stretch='normal', size='scalable')) = 10.335
[2026-01-02 04:35:36] [DEBUG] findfont: score(FontEntry(fname='C:\\Windows\\Fonts\\CENSCBK.TTF', name='Century Schoolbook', style='normal', variant='normal', weight=400, stretch='normal', size='scalable')) = 10.05
[2026-01-02 04:35:36] [DEBUG] findfont: score(FontEntry(fname='C:\\Windows\\Fonts\\DUBAI-MEDIUM.TTF', name='Dubai', style='normal', variant='normal', weight=500, stretch='normal', size='scalable')) = 10.145
[2026-01-02 04:35:36] [DEBUG] findfont: score(FontEntry(fname='C:\\Windows\\Fonts\\H2GTRE.TTF', name='HYGothic-Extra', style='normal', variant='normal', weight=400, stretch='normal', size='scalable')) = 10.05
[2026-01-02 04:35:36] [DEBUG] findfont: score(FontEntry(fname='C:\\Windows\\Fonts\\segoeuib.ttf', name='Segoe UI', style='normal', variant='normal', weight=700, stretch='normal', size='scalable')) = 10.335
[2026-01-02 04:35:36] [DEBUG] findfont: score(FontEntry(fname='C:\\Windows\\Fonts\\FRAHVIT.TTF', name='Franklin Gothic Heavy', style='italic', variant='normal', weight=400, stretch='normal', size='scalable')) = 11.05
[2026-01-02 04:35:36] [DEBUG] findfont: score(FontEntry(fname='C:\\Windows\\Fonts\\LHANDW.TTF', name='Lucida Handwriting', style='italic', variant='normal', weight=400, stretch='normal', size='scalable')) = 11.05
[2026-01-02 04:35:36] [DEBUG] findfont: score(FontEntry(fname='C:\\Windows\\Fonts\\TCCB____.TTF', name='Tw Cen MT Condensed', style='normal', variant='normal', weight=700, stretch='condensed', size='scalable')) = 10.535
[2026-01-02 04:35:36] [DEBUG] findfont: score(FontEntry(fname='C:\\Windows\\Fonts\\verdanai.ttf', name='Verdana', style='italic', variant='normal', weight=400, stretch='normal', size='scalable')) = 11.05
[2026-01-02 04:35:36] [DEBUG] findfont: score(FontEntry(fname='C:\\Windows\\Fonts\\romantic.ttf', name='Romantic', style='normal', variant='normal', weight=400, stretch='normal', size='scalable')) = 10.05
[2026-01-02 04:35:36] [DEBUG] findfont: score(FontEntry(fname='C:\\Windows\\Fonts\\MOD20.TTF', name='Modern No. 20', style='normal', variant='normal', weight=400, stretch='normal', size='scalable')) = 10.05
[2026-01-02 04:35:36] [DEBUG] findfont: score(FontEntry(fname='C:\\Windows\\Fonts\\BIZ-UDGothicB.ttc', name='BIZ UDGothic', style='normal', variant='normal', weight=700, stretch='normal', size='scalable')) = 10.335
[2026-01-02 04:35:36] [DEBUG] findfont: score(FontEntry(fname='C:\\Windows\\Fonts\\ENGR.TTF', name='Engravers MT', style='normal', variant='normal', weight=500, stretch='normal', size='scalable')) = 10.145
[2026-01-02 04:35:36] [DEBUG] findfont: score(FontEntry(fname='C:\\Windows\\Fonts\\GILBI___.TTF', name='Gill Sans MT', style='italic', variant='normal', weight=700, stretch='normal', size='scalable')) = 11.335
[2026-01-02 04:35:36] [DEBUG] findfont: score(FontEntry(fname='C:\\Windows\\Fonts\\techb___.ttf', name='TechnicBold', style='normal', variant='normal', weight=400, stretch='normal', size='scalable')) = 10.05
[2026-01-02 04:35:36] [DEBUG] findfont: score(FontEntry(fname='C:\\Windows\\Fonts\\FRSCRIPT.TTF', name='French Script MT', style='normal', variant='normal', weight=400, stretch='normal', size='scalable')) = 10.05
[2026-01-02 04:35:36] [DEBUG] findfont: score(FontEntry(fname='C:\\Windows\\Fonts\\SitkaB.ttc', name='Sitka Small', style='normal', variant='normal', weight=700, stretch='normal', size='scalable')) = 10.335
[2026-01-02 04:35:36] [DEBUG] findfont: score(FontEntry(fname='C:\\Windows\\Fonts\\LFAXD.TTF', name='Lucida Fax', style='normal', variant='normal', weight=600, stretch='normal', size='scalable')) = 10.24
[2026-01-02 04:35:36] [DEBUG] findfont: score(FontEntry(fname='C:\\Windows\\Fonts\\NotoSansJP-VF.ttf', name='Noto Sans JP', style='normal', variant='normal', weight=100, stretch='normal', size='scalable')) = 10.335
[2026-01-02 04:35:36] [DEBUG] findfont: score(FontEntry(fname='C:\\Windows\\Fonts\\LSANSD.TTF', name='Lucida Sans', style='normal', variant='normal', weight=600, stretch='normal', size='scalable')) = 10.24
[2026-01-02 04:35:36] [DEBUG] findfont: score(FontEntry(fname='C:\\Windows\\Fonts\\mtproxy1.ttf', name='Proxy 1', style='normal', variant='normal', weight=400, stretch='normal', size='scalable')) = 10.05
[2026-01-02 04:35:36] [DEBUG] findfont: score(FontEntry(fname='C:\\Windows\\Fonts\\isocpeui.ttf', name='ISOCPEUR', style='italic', variant='normal', weight=400, stretch='normal', size='scalable')) = 11.05
[2026-01-02 04:35:36] [DEBUG] findfont: score(FontEntry(fname='C:\\Windows\\Fonts\\seguisbi.ttf', name='Segoe UI', style='italic', variant='normal', weight=600, stretch='normal', size='scalable')) = 11.24
[2026-01-02 04:35:36] [DEBUG] findfont: score(FontEntry(fname='C:\\Windows\\Fonts\\calibri.ttf', name='Calibri', style='normal', variant='normal', weight=400, stretch='normal', size='scalable')) = 10.05
[2026-01-02 04:35:36] [DEBUG] findfont: score(FontEntry(fname='C:\\Windows\\Fonts\\ERASMD.TTF', name='Eras Medium ITC', style='normal', variant='normal', weight=400, stretch='normal', size='scalable')) = 10.05
[2026-01-02 04:35:36] [DEBUG] findfont: score(FontEntry(fname='C:\\Windows\\Fonts\\PER_____.TTF', name='Perpetua', style='normal', variant='normal', weight=400, stretch='normal', size='scalable')) = 10.05
[2026-01-02 04:35:36] [DEBUG] findfont: score(FontEntry(fname='C:\\Windows\\Fonts\\dutchb.ttf', name='Dutch801 Rm BT', style='normal', variant='normal', weight=700, stretch='normal', size='scalable')) = 10.335
[2026-01-02 04:35:36] [DEBUG] findfont: score(FontEntry(fname='C:\\Windows\\Fonts\\Artifakt Element Medium.ttf', name='Artifakt Element', style='normal', variant='normal', weight=600, stretch='normal', size='scalable')) = 10.24
[2026-01-02 04:35:36] [DEBUG] findfont: score(FontEntry(fname='C:\\Windows\\Fonts\\BOD_B.TTF', name='Bodoni MT', style='normal', variant='normal', weight=700, stretch='normal', size='scalable')) = 10.335
[2026-01-02 04:35:36] [DEBUG] findfont: score(FontEntry(fname='C:\\Windows\\Fonts\\CALISTB.TTF', name='Calisto MT', style='normal', variant='normal', weight=700, stretch='normal', size='scalable')) = 10.335
[2026-01-02 04:35:36] [DEBUG] findfont: score(FontEntry(fname='C:\\Windows\\Fonts\\CALIST.TTF', name='Calisto MT', style='normal', variant='normal', weight=400, stretch='normal', size='scalable')) = 10.05
[2026-01-02 04:35:36] [DEBUG] findfont: score(FontEntry(fname='C:\\Windows\\Fonts\\DUBAI-LIGHT.TTF', name='Dubai', style='normal', variant='normal', weight=300, stretch='normal', size='scalable')) = 10.145
[2026-01-02 04:35:36] [DEBUG] findfont: score(FontEntry(fname='C:\\Windows\\Fonts\\corbel.ttf', name='Corbel', style='normal', variant='normal', weight=400, stretch='normal', size='scalable')) = 10.05
[2026-01-02 04:35:36] [DEBUG] findfont: score(FontEntry(fname='C:\\Windows\\Fonts\\BOD_PSTC.TTF', name='Bodoni MT', style='normal', variant='normal', weight=300, stretch='normal', size='scalable')) = 10.145
[2026-01-02 04:35:36] [DEBUG] findfont: score(FontEntry(fname='C:\\Windows\\Fonts\\FORTE.TTF', name='Forte', style='normal', variant='normal', weight=400, stretch='normal', size='scalable')) = 10.05
[2026-01-02 04:35:36] [DEBUG] findfont: score(FontEntry(fname='C:\\Windows\\Fonts\\HANDotumB.ttf', name='HCR Dotum', style='normal', variant='normal', weight=700, stretch='normal', size='scalable')) = 10.335
[2026-01-02 04:35:36] [DEBUG] findfont: score(FontEntry(fname='C:\\Windows\\Fonts\\LBRITEDI.TTF', name='Lucida Bright', style='italic', variant='normal', weight=600, stretch='normal', size='scalable')) = 11.24
[2026-01-02 04:35:36] [DEBUG] findfont: score(FontEntry(fname='C:\\Windows\\Fonts\\LCALLIG.TTF', name='Lucida Calligraphy', style='italic', variant='normal', weight=400, stretch='normal', size='scalable')) = 11.05
[2026-01-02 04:35:36] [DEBUG] findfont: score(FontEntry(fname='C:\\Windows\\Fonts\\pala.ttf', name='Palatino Linotype', style='normal', variant='normal', weight=400, stretch='normal', size='scalable')) = 10.05
[2026-01-02 04:35:36] [DEBUG] findfont: score(FontEntry(fname='C:\\Windows\\Fonts\\BRITANIC.TTF', name='Britannic Bold', style='normal', variant='normal', weight=400, stretch='normal', size='scalable')) = 10.05
[2026-01-02 04:35:36] [DEBUG] findfont: score(FontEntry(fname='C:\\Windows\\Fonts\\bgothl.ttf', name='BankGothic Lt BT', style='normal', variant='normal', weight=400, stretch='normal', size='scalable')) = 10.05
[2026-01-02 04:35:36] [DEBUG] findfont: score(FontEntry(fname='C:\\Windows\\Fonts\\seguibl.ttf', name='Segoe UI', style='normal', variant='normal', weight=900, stretch='normal', size='scalable')) = 10.525
[2026-01-02 04:35:36] [DEBUG] findfont: score(FontEntry(fname='C:\\Windows\\Fonts\\arialbd.ttf', name='Arial', style='normal', variant='normal', weight=700, stretch='normal', size='scalable')) = 10.335
[2026-01-02 04:35:36] [DEBUG] findfont: score(FontEntry(fname='C:\\Windows\\Fonts\\dutchbi.ttf', name='Dutch801 Rm BT', style='italic', variant='normal', weight=700, stretch='normal', size='scalable')) = 11.335
[2026-01-02 04:35:36] [DEBUG] findfont: score(FontEntry(fname='C:\\Windows\\Fonts\\malgunbd.ttf', name='Malgun Gothic', style='normal', variant='normal', weight=700, stretch='normal', size='scalable')) = 0.33499999999999996
[2026-01-02 04:35:36] [DEBUG] findfont: score(FontEntry(fname='C:\\Windows\\Fonts\\msgothic.ttc', name='MS Gothic', style='normal', variant='normal', weight=400, stretch='normal', size='scalable')) = 10.05
[2026-01-02 04:35:36] [DEBUG] findfont: score(FontEntry(fname='C:\\Windows\\Fonts\\mtproxy5.ttf', name='Proxy 5', style='normal', variant='normal', weight=400, stretch='normal', size='scalable')) = 10.05
[2026-01-02 04:35:36] [DEBUG] findfont: score(FontEntry(fname='C:\\Windows\\Fonts\\CURLZ___.TTF', name='Curlz MT', style='normal', variant='normal', weight=400, stretch='normal', size='scalable')) = 10.05
[2026-01-02 04:35:36] [DEBUG] findfont: score(FontEntry(fname='C:\\Windows\\Fonts\\AGENCYB.TTF', name='Agency FB', style='normal', variant='normal', weight=700, stretch='normal', size='scalable')) = 10.335
[2026-01-02 04:35:36] [DEBUG] findfont: score(FontEntry(fname='C:\\Windows\\Fonts\\eurro___.ttf', name='EuroRoman', style='oblique', variant='normal', weight=400, stretch='normal', size='scalable')) = 11.05
[2026-01-02 04:35:36] [DEBUG] findfont: score(FontEntry(fname='C:\\Windows\\Fonts\\BASKVILL.TTF', name='Baskerville Old Face', style='normal', variant='normal', weight=400, stretch='normal', size='scalable')) = 10.05
[2026-01-02 04:35:36] [DEBUG] findfont: score(FontEntry(fname='C:\\Windows\\Fonts\\couri.ttf', name='Courier New', style='italic', variant='normal', weight=400, stretch='normal', size='scalable')) = 11.05
[2026-01-02 04:35:36] [DEBUG] findfont: score(FontEntry(fname='C:\\Windows\\Fonts\\CascadiaMono.ttf', name='Cascadia Mono', style='normal', variant='normal', weight=400, stretch='normal', size='scalable')) = 10.05
[2026-01-02 04:35:36] [DEBUG] findfont: score(FontEntry(fname='C:\\Windows\\Fonts\\HTOWERT.TTF', name='High Tower Text', style='normal', variant='normal', weight=400, stretch='normal', size='scalable')) = 10.05
[2026-01-02 04:35:36] [DEBUG] findfont: score(FontEntry(fname='C:\\Windows\\Fonts\\HARLOWSI.TTF', name='Harlow Solid Italic', style='italic', variant='normal', weight=400, stretch='normal', size='scalable')) = 11.05
[2026-01-02 04:35:36] [DEBUG] findfont: score(FontEntry(fname='C:\\Windows\\Fonts\\stylu.ttf', name='Stylus BT', style='normal', variant='normal', weight=300, stretch='normal', size='scalable')) = 10.145
[2026-01-02 04:35:36] [DEBUG] findfont: score(FontEntry(fname='C:\\Windows\\Fonts\\PALSCRI.TTF', name='Palace Script MT', style='normal', variant='normal', weight=400, stretch='normal', size='scalable')) = 10.05
[2026-01-02 04:35:36] [DEBUG] findfont: score(FontEntry(fname='C:\\Windows\\Fonts\\HATTEN.TTF', name='Haettenschweiler', style='normal', variant='normal', weight=400, stretch='normal', size='scalable')) = 10.05
[2026-01-02 04:35:36] [DEBUG] findfont: score(FontEntry(fname='C:\\Windows\\Fonts\\isocteur.ttf', name='ISOCTEUR', style='normal', variant='normal', weight=400, stretch='normal', size='scalable')) = 10.05
[2026-01-02 04:35:36] [DEBUG] findfont: score(FontEntry(fname='C:\\Windows\\Fonts\\CALISTI.TTF', name='Calisto MT', style='italic', variant='normal', weight=400, stretch='normal', size='scalable')) = 11.05
[2026-01-02 04:35:36] [DEBUG] findfont: score(FontEntry(fname='C:\\Windows\\Fonts\\NanumSquareB.ttf', name='NanumSquare', style='normal', variant='normal', weight=700, stretch='normal', size='scalable')) = 10.335
[2026-01-02 04:35:36] [DEBUG] findfont: score(FontEntry(fname='C:\\Windows\\Fonts\\PRISTINA.TTF', name='Pristina', style='normal', variant='normal', weight=400, stretch='normal', size='scalable')) = 10.05
[2026-01-02 04:35:36] [DEBUG] findfont: score(FontEntry(fname='C:\\Windows\\Fonts\\SHOWG.TTF', name='Showcard Gothic', style='normal', variant='normal', weight=400, stretch='normal', size='scalable')) = 10.05
[2026-01-02 04:35:36] [DEBUG] findfont: score(FontEntry(fname='C:\\Windows\\Fonts\\counb___.ttf', name='CountryBlueprint', style='normal', variant='normal', weight=400, stretch='normal', size='scalable')) = 10.05
[2026-01-02 04:35:36] [DEBUG] findfont: score(FontEntry(fname='C:\\Windows\\Fonts\\LEELAWAD.TTF', name='Leelawadee', style='normal', variant='normal', weight=400, stretch='normal', size='scalable')) = 10.05
[2026-01-02 04:35:36] [DEBUG] findfont: score(FontEntry(fname='C:\\Windows\\Fonts\\msmincho.ttc', name='MS Mincho', style='normal', variant='normal', weight=400, stretch='normal', size='scalable')) = 10.05
[2026-01-02 04:35:36] [DEBUG] findfont: score(FontEntry(fname='C:\\Windows\\Fonts\\LEELAWDB.TTF', name='Leelawadee', style='normal', variant='normal', weight=700, stretch='normal', size='scalable')) = 10.335
[2026-01-02 04:35:36] [DEBUG] findfont: score(FontEntry(fname='C:\\Windows\\Fonts\\BOOKOS.TTF', name='Bookman Old Style', style='normal', variant='normal', weight=300, stretch='normal', size='scalable')) = 10.145
[2026-01-02 04:35:36] [DEBUG] findfont: score(FontEntry(fname='C:\\Windows\\Fonts\\NirmalaB.ttf', name='Nirmala UI', style='normal', variant='normal', weight=700, stretch='normal', size='scalable')) = 10.335
[2026-01-02 04:35:36] [DEBUG] findfont: score(FontEntry(fname='C:\\Windows\\Fonts\\eurr____.ttf', name='EuroRoman', style='normal', variant='normal', weight=400, stretch='normal', size='scalable')) = 10.05
[2026-01-02 04:35:36] [DEBUG] findfont: score(FontEntry(fname='C:\\Windows\\Fonts\\constanb.ttf', name='Constantia', style='normal', variant='normal', weight=700, stretch='normal', size='scalable')) = 10.335
[2026-01-02 04:35:36] [DEBUG] findfont: score(FontEntry(fname='C:\\Windows\\Fonts\\BOOKOSBI.TTF', name='Bookman Old Style', style='italic', variant='normal', weight=600, stretch='normal', size='scalable')) = 11.24
[2026-01-02 04:35:36] [DEBUG] findfont: score(FontEntry(fname='C:\\Windows\\Fonts\\calibrili.ttf', name='Calibri', style='italic', variant='normal', weight=300, stretch='normal', size='scalable')) = 11.145
[2026-01-02 04:35:36] [DEBUG] findfont: score(FontEntry(fname='C:\\Windows\\Fonts\\MalangmalangR.ttf', name='Hancom MalangMalang', style='normal', variant='normal', weight=400, stretch='normal', size='scalable')) = 10.05
[2026-01-02 04:35:36] [DEBUG] findfont: score(FontEntry(fname='C:\\Windows\\Fonts\\mmrtext.ttf', name='Myanmar Text', style='normal', variant='normal', weight=400, stretch='normal', size='scalable')) = 10.05
[2026-01-02 04:35:36] [DEBUG] findfont: score(FontEntry(fname='C:\\Windows\\Fonts\\tahomabd.ttf', name='Tahoma', style='normal', variant='normal', weight=700, stretch='normal', size='scalable')) = 10.335
[2026-01-02 04:35:36] [DEBUG] findfont: score(FontEntry(fname='C:\\Windows\\Fonts\\timesbi.ttf', name='Times New Roman', style='italic', variant='normal', weight=700, stretch='normal', size='scalable')) = 11.335
[2026-01-02 04:35:36] [DEBUG] findfont: score(FontEntry(fname='C:\\Windows\\Fonts\\ROCK.TTF', name='Rockwell', style='normal', variant='normal', weight=400, stretch='normal', size='scalable')) = 10.05
[2026-01-02 04:35:36] [DEBUG] findfont: score(FontEntry(fname='C:\\Windows\\Fonts\\BOD_CI.TTF', name='Bodoni MT', style='italic', variant='normal', weight=400, stretch='condensed', size='scalable')) = 11.25
[2026-01-02 04:35:36] [DEBUG] findfont: score(FontEntry(fname='C:\\Windows\\Fonts\\NGULIM.TTF', name='New Gulim', style='normal', variant='normal', weight=400, stretch='normal', size='scalable')) = 10.05
[2026-01-02 04:35:36] [DEBUG] findfont: score(FontEntry(fname='C:\\Windows\\Fonts\\Candaraz.ttf', name='Candara', style='italic', variant='normal', weight=700, stretch='normal', size='scalable')) = 11.335
[2026-01-02 04:35:36] [DEBUG] findfont: score(FontEntry(fname='C:\\Windows\\Fonts\\GILB____.TTF', name='Gill Sans MT', style='normal', variant='normal', weight=700, stretch='normal', size='scalable')) = 10.335
[2026-01-02 04:35:36] [DEBUG] findfont: score(FontEntry(fname='C:\\Windows\\Fonts\\Artifakt Element Black.ttf', name='Artifakt Element', style='normal', variant='normal', weight=800, stretch='normal', size='scalable')) = 10.43
[2026-01-02 04:35:36] [DEBUG] findfont: score(FontEntry(fname='C:\\Program Files\\VEGAS\\VEGAS Pro 18.0\\fonts\\magnolia_sky.otf', name='Magnolia Sky', style='normal', variant='normal', weight=400, stretch='normal', size='scalable')) = 10.05
[2026-01-02 04:35:36] [DEBUG] findfont: score(FontEntry(fname='C:\\Windows\\Fonts\\BRLNSB.TTF', name='Berlin Sans FB', style='normal', variant='normal', weight=700, stretch='normal', size='scalable')) = 10.335
[2026-01-02 04:35:36] [DEBUG] findfont: score(FontEntry(fname='C:\\Windows\\Fonts\\isocp2__.ttf', name='ISOCP2', style='normal', variant='normal', weight=400, stretch='normal', size='scalable')) = 10.05
[2026-01-02 04:35:36] [DEBUG] findfont: score(FontEntry(fname='C:\\Windows\\Fonts\\mtproxy6.ttf', name='Proxy 6', style='normal', variant='normal', weight=400, stretch='normal', size='scalable')) = 10.05
[2026-01-02 04:35:36] [DEBUG] findfont: score(FontEntry(fname='C:\\Windows\\Fonts\\MATURASC.TTF', name='Matura MT Script Capitals', style='normal', variant='normal', weight=400, stretch='normal', size='scalable')) = 10.05
[2026-01-02 04:35:36] [DEBUG] findfont: score(FontEntry(fname='C:\\Windows\\Fonts\\symap___.ttf', name='Symap', style='normal', variant='normal', weight=400, stretch='normal', size='scalable')) = 10.05
[2026-01-02 04:35:36] [DEBUG] findfont: score(FontEntry(fname='C:\\Windows\\Fonts\\constanz.ttf', name='Constantia', style='italic', variant='normal', weight=700, stretch='normal', size='scalable')) = 11.335
[2026-01-02 04:35:36] [DEBUG] findfont: score(FontEntry(fname='C:\\Windows\\Fonts\\mvboli.ttf', name='MV Boli', style='normal', variant='normal', weight=400, stretch='normal', size='scalable')) = 10.05
[2026-01-02 04:35:36] [DEBUG] findfont: score(FontEntry(fname='C:\\Windows\\Fonts\\NanumMyeongjo.ttf', name='NanumMyeongjo', style='normal', variant='normal', weight=400, stretch='normal', size='scalable')) = 10.05
[2026-01-02 04:35:36] [DEBUG] findfont: score(FontEntry(fname='C:\\Windows\\Fonts\\BOD_I.TTF', name='Bodoni MT', style='italic', variant='normal', weight=400, stretch='normal', size='scalable')) = 11.05
[2026-01-02 04:35:36] [DEBUG] findfont: score(FontEntry(fname='C:\\Windows\\Fonts\\ROCKEB.TTF', name='Rockwell Extra Bold', style='normal', variant='normal', weight=800, stretch='normal', size='scalable')) = 10.43
[2026-01-02 04:35:36] [DEBUG] findfont: score(FontEntry(fname='C:\\Windows\\Fonts\\segmdl2.ttf', name='Segoe MDL2 Assets', style='normal', variant='normal', weight=400, stretch='normal', size='scalable')) = 10.05
[2026-01-02 04:35:36] [DEBUG] findfont: score(FontEntry(fname='C:\\Windows\\Fonts\\NanumBarunGothicBold.ttf', name='NanumBarunGothic', style='normal', variant='normal', weight=600, stretch='normal', size='scalable')) = 10.24
[2026-01-02 04:35:36] [DEBUG] findfont: score(FontEntry(fname='C:\\Windows\\Fonts\\FRABK.TTF', name='Franklin Gothic Book', style='normal', variant='normal', weight=400, stretch='normal', size='scalable')) = 10.05
[2026-01-02 04:35:36] [DEBUG] findfont: score(FontEntry(fname='C:\\Windows\\Fonts\\ANTQUAB.TTF', name='Book Antiqua', style='normal', variant='normal', weight=700, stretch='normal', size='scalable')) = 10.335
[2026-01-02 04:35:36] [DEBUG] findfont: score(FontEntry(fname='C:\\Windows\\Fonts\\courbd.ttf', name='Courier New', style='normal', variant='normal', weight=700, stretch='normal', size='scalable')) = 10.335
[2026-01-02 04:35:36] [DEBUG] findfont: score(FontEntry(fname='C:\\Windows\\Fonts\\GOUDYSTO.TTF', name='Goudy Stout', style='normal', variant='normal', weight=400, stretch='normal', size='scalable')) = 10.05
[2026-01-02 04:35:36] [DEBUG] findfont: score(FontEntry(fname='C:\\Windows\\Fonts\\DejaVuSansMono-BoldOblique_0.ttf', name='DejaVu Sans Mono', style='oblique', variant='normal', weight=700, stretch='normal', size='scalable')) = 11.335
[2026-01-02 04:35:36] [DEBUG] findfont: score(FontEntry(fname='C:\\Windows\\Fonts\\NanumSquareEB.ttf', name='NanumSquare', style='normal', variant='normal', weight=800, stretch='normal', size='scalable')) = 10.43
[2026-01-02 04:35:36] [DEBUG] findfont: score(FontEntry(fname='C:\\Windows\\Fonts\\BRLNSR.TTF', name='Berlin Sans FB', style='normal', variant='normal', weight=400, stretch='normal', size='scalable')) = 10.05
[2026-01-02 04:35:36] [DEBUG] findfont: score(FontEntry(fname='C:\\Windows\\Fonts\\FREESCPT.TTF', name='Freestyle Script', style='normal', variant='normal', weight=400, stretch='normal', size='scalable')) = 10.05
[2026-01-02 04:35:36] [DEBUG] findfont: score(FontEntry(fname='C:\\Program Files\\VEGAS\\VEGAS Pro 18.0\\fonts\\the_breakdown.otf', name='The Breakdown', style='normal', variant='normal', weight=400, stretch='normal', size='scalable')) = 10.05
[2026-01-02 04:35:36] [DEBUG] findfont: score(FontEntry(fname='C:\\Windows\\Fonts\\palabi.ttf', name='Palatino Linotype', style='italic', variant='normal', weight=700, stretch='normal', size='scalable')) = 11.335
[2026-01-02 04:35:36] [DEBUG] findfont: score(FontEntry(fname='C:\\Windows\\Fonts\\cour.ttf', name='Courier New', style='normal', variant='normal', weight=400, stretch='normal', size='scalable')) = 10.05
[2026-01-02 04:35:36] [DEBUG] findfont: score(FontEntry(fname='C:\\Windows\\Fonts\\LTYPEB.TTF', name='Lucida Sans Typewriter', style='normal', variant='normal', weight=600, stretch='normal', size='scalable')) = 10.24
[2026-01-02 04:35:36] [DEBUG] findfont: score(FontEntry(fname='C:\\Windows\\Fonts\\sansso__.ttf', name='SansSerif', style='oblique', variant='normal', weight=400, stretch='normal', size='scalable')) = 11.05
[2026-01-02 04:35:36] [DEBUG] findfont: score(FontEntry(fname='C:\\Windows\\Fonts\\Artifakt Element Thin Italic.ttf', name='Artifakt Element', style='italic', variant='normal', weight=200, stretch='normal', size='scalable')) = 11.24
[2026-01-02 04:35:36] [DEBUG] findfont: score(FontEntry(fname='C:\\Windows\\Fonts\\Hancom HMJE_V.ttf', name='Hancom Hoonminjeongeum_V', style='normal', variant='normal', weight=400, stretch='normal', size='scalable')) = 10.05
[2026-01-02 04:35:36] [DEBUG] findfont: score(FontEntry(fname='C:\\Windows\\Fonts\\AGENCYR.TTF', name='Agency FB', style='normal', variant='normal', weight=400, stretch='normal', size='scalable')) = 10.05
[2026-01-02 04:35:36] [DEBUG] findfont: score(FontEntry(fname='C:\\Windows\\Fonts\\H2GPRM.TTF', name='HYGraphic-Medium', style='normal', variant='normal', weight=400, stretch='normal', size='scalable')) = 10.05
[2026-01-02 04:35:36] [DEBUG] findfont: score(FontEntry(fname='C:\\Windows\\Fonts\\Artifakt Element Hair Italic.ttf', name='Artifakt Element', style='italic', variant='normal', weight=100, stretch='normal', size='scalable')) = 11.335
[2026-01-02 04:35:36] [DEBUG] findfont: score(FontEntry(fname='C:\\Windows\\Fonts\\isoct___.ttf', name='ISOCT', style='normal', variant='normal', weight=400, stretch='normal', size='scalable')) = 10.05
[2026-01-02 04:35:36] [DEBUG] findfont: score(FontEntry(fname='C:\\Windows\\Fonts\\ITCKRIST.TTF', name='Kristen ITC', style='normal', variant='normal', weight=400, stretch='normal', size='scalable')) = 10.05
[2026-01-02 04:35:36] [DEBUG] findfont: score(FontEntry(fname='C:\\Windows\\Fonts\\Sitka.ttc', name='Sitka Small', style='normal', variant='normal', weight=400, stretch='normal', size='scalable')) = 10.05
[2026-01-02 04:35:36] [DEBUG] findfont: score(FontEntry(fname='C:\\Windows\\Fonts\\syastro_.ttf', name='Syastro', style='normal', variant='normal', weight=400, stretch='normal', size='scalable')) = 10.05
[2026-01-02 04:35:36] [DEBUG] findfont: score(FontEntry(fname='C:\\Windows\\Fonts\\GILSANUB.TTF', name='Gill Sans Ultra Bold', style='normal', variant='normal', weight=400, stretch='normal', size='scalable')) = 10.05
[2026-01-02 04:35:36] [DEBUG] findfont: score(FontEntry(fname='C:\\Windows\\Fonts\\ERASDEMI.TTF', name='Eras Demi ITC', style='normal', variant='normal', weight=400, stretch='normal', size='scalable')) = 10.05
[2026-01-02 04:35:36] [DEBUG] findfont: score(FontEntry(fname='C:\\Windows\\Fonts\\tahoma.ttf', name='Tahoma', style='normal', variant='normal', weight=400, stretch='normal', size='scalable')) = 10.05
[2026-01-02 04:35:36] [DEBUG] findfont: score(FontEntry(fname='C:\\Windows\\Fonts\\vinet.ttf', name='Vineta BT', style='normal', variant='normal', weight=400, stretch='normal', size='scalable')) = 10.05
[2026-01-02 04:35:36] [DEBUG] findfont: score(FontEntry(fname='C:\\Windows\\Fonts\\GARA.TTF', name='Garamond', style='normal', variant='normal', weight=400, stretch='normal', size='scalable')) = 10.05
[2026-01-02 04:35:36] [DEBUG] findfont: score(FontEntry(fname='C:\\Windows\\Fonts\\TCCM____.TTF', name='Tw Cen MT Condensed', style='normal', variant='normal', weight=400, stretch='condensed', size='scalable')) = 10.25
[2026-01-02 04:35:36] [DEBUG] findfont: score(FontEntry(fname='C:\\Windows\\Fonts\\COPRGTB.TTF', name='Copperplate Gothic Bold', style='normal', variant='normal', weight=400, stretch='normal', size='scalable')) = 10.05
[2026-01-02 04:35:36] [DEBUG] findfont: score(FontEntry(fname='C:\\Windows\\Fonts\\UDDigiKyokashoN-B.ttc', name='UD Digi Kyokasho N-B', style='normal', variant='normal', weight=700, stretch='normal', size='scalable')) = 10.335
[2026-01-02 04:35:36] [DEBUG] findfont: score(FontEntry(fname='C:\\Windows\\Fonts\\swissck.ttf', name='Swis721 BlkCn BT', style='normal', variant='normal', weight=400, stretch='condensed', size='scalable')) = 10.25
[2026-01-02 04:35:36] [DEBUG] findfont: score(FontEntry(fname='C:\\Windows\\Fonts\\ONYX.TTF', name='Onyx', style='normal', variant='normal', weight=400, stretch='normal', size='scalable')) = 10.05
[2026-01-02 04:35:36] [DEBUG] findfont: score(FontEntry(fname='C:\\Windows\\Fonts\\HMKMRHD.TTF', name='Headline R', style='normal', variant='normal', weight=400, stretch='normal', size='scalable')) = 10.05
[2026-01-02 04:35:36] [DEBUG] findfont: score(FontEntry(fname='C:\\Windows\\Fonts\\georgia.ttf', name='Georgia', style='normal', variant='normal', weight=400, stretch='normal', size='scalable')) = 10.05
[2026-01-02 04:35:36] [DEBUG] findfont: score(FontEntry(fname='C:\\Windows\\Fonts\\segoeui.ttf', name='Segoe UI', style='normal', variant='normal', weight=400, stretch='normal', size='scalable')) = 10.05
[2026-01-02 04:35:36] [DEBUG] findfont: score(FontEntry(fname='C:\\Windows\\Fonts\\MAIAN.TTF', name='Maiandra GD', style='normal', variant='normal', weight=400, stretch='normal', size='scalable')) = 10.05
[2026-01-02 04:35:36] [DEBUG] findfont: score(FontEntry(fname='C:\\Windows\\Fonts\\AcadEref.ttf', name='AcadEref', style='normal', variant='normal', weight=400, stretch='normal', size='scalable')) = 10.05
[2026-01-02 04:35:36] [DEBUG] findfont: score(FontEntry(fname='C:\\Windows\\Fonts\\H2HDRM.TTF', name='HYHeadLine-Medium', style='normal', variant='normal', weight=400, stretch='normal', size='scalable')) = 10.05
[2026-01-02 04:35:36] [DEBUG] findfont: score(FontEntry(fname='C:\\Windows\\Fonts\\NanumSquareL.ttf', name='NanumSquare', style='normal', variant='normal', weight=300, stretch='normal', size='scalable')) = 10.145
[2026-01-02 04:35:36] [DEBUG] findfont: score(FontEntry(fname='C:\\Windows\\Fonts\\Candarali.ttf', name='Candara', style='italic', variant='normal', weight=400, stretch='normal', size='scalable')) = 11.05
[2026-01-02 04:35:36] [DEBUG] findfont: score(FontEntry(fname='C:\\Windows\\Fonts\\wingding.ttf', name='Wingdings', style='normal', variant='normal', weight=400, stretch='normal', size='scalable')) = 10.05
[2026-01-02 04:35:36] [DEBUG] findfont: score(FontEntry(fname='C:\\Windows\\Fonts\\Artifakt Element Black Italic.ttf', name='Artifakt Element', style='italic', variant='normal', weight=800, stretch='normal', size='scalable')) = 11.43
[2026-01-02 04:35:36] [DEBUG] findfont: score(FontEntry(fname='C:\\Windows\\Fonts\\WINGDNG3.TTF', name='Wingdings 3', style='normal', variant='normal', weight=400, stretch='normal', size='scalable')) = 10.05
[2026-01-02 04:35:36] [DEBUG] findfont: score(FontEntry(fname='C:\\Windows\\Fonts\\BRADHITC.TTF', name='Bradley Hand ITC', style='normal', variant='normal', weight=400, stretch='normal', size='scalable')) = 10.05
[2026-01-02 04:35:36] [DEBUG] findfont: score(FontEntry(fname='C:\\Windows\\Fonts\\BROADW.TTF', name='Broadway', style='normal', variant='normal', weight=400, stretch='normal', size='scalable')) = 10.05
[2026-01-02 04:35:36] [DEBUG] findfont: score(FontEntry(fname='C:\\Windows\\Fonts\\swissci.ttf', name='Swis721 Cn BT', style='italic', variant='normal', weight=400, stretch='condensed', size='scalable')) = 11.25
[2026-01-02 04:35:36] [DEBUG] findfont: score(FontEntry(fname='C:\\Windows\\Fonts\\AMDT_Symbols.ttf', name='AmdtSymbols', style='normal', variant='normal', weight=400, stretch='normal', size='scalable')) = 10.05
[2026-01-02 04:35:36] [DEBUG] findfont: score(FontEntry(fname='C:\\Windows\\Fonts\\Inkfree.ttf', name='Ink Free', style='normal', variant='normal', weight=400, stretch='normal', size='scalable')) = 10.05
[2026-01-02 04:35:36] [DEBUG] findfont: score(FontEntry(fname='C:\\Windows\\Fonts\\NanumPen.ttf', name='Nanum Pen Script', style='normal', variant='normal', weight=400, stretch='normal', size='scalable')) = 10.05
[2026-01-02 04:35:36] [DEBUG] findfont: score(FontEntry(fname='C:\\Windows\\Fonts\\SimsunExtG.ttf', name='SimSun-ExtG', style='normal', variant='normal', weight=400, stretch='normal', size='scalable')) = 10.05
[2026-01-02 04:35:36] [DEBUG] findfont: score(FontEntry(fname='C:\\Windows\\Fonts\\cambriab.ttf', name='Cambria', style='normal', variant='normal', weight=700, stretch='normal', size='scalable')) = 10.335
[2026-01-02 04:35:36] [DEBUG] findfont: score(FontEntry(fname='C:\\Windows\\Fonts\\gothicg_.ttf', name='GothicG', style='normal', variant='normal', weight=400, stretch='normal', size='scalable')) = 10.05
[2026-01-02 04:35:36] [DEBUG] findfont: score(FontEntry(fname='C:\\Windows\\Fonts\\OLDENGL.TTF', name='Old English Text MT', style='normal', variant='normal', weight=400, stretch='normal', size='scalable')) = 10.05
[2026-01-02 04:35:36] [DEBUG] findfont: score(FontEntry(fname='C:\\Windows\\Fonts\\webdings.ttf', name='Webdings', style='normal', variant='normal', weight=400, stretch='normal', size='scalable')) = 10.05
[2026-01-02 04:35:36] [DEBUG] findfont: score(FontEntry(fname='C:\\Windows\\Fonts\\ROCCB___.TTF', name='Rockwell Condensed', style='normal', variant='normal', weight=700, stretch='condensed', size='scalable')) = 10.535
[2026-01-02 04:35:36] [DEBUG] findfont: score(FontEntry(fname='C:\\Windows\\Fonts\\mmrtextb.ttf', name='Myanmar Text', style='normal', variant='normal', weight=700, stretch='normal', size='scalable')) = 10.335
[2026-01-02 04:35:36] [DEBUG] findfont: score(FontEntry(fname='C:\\Windows\\Fonts\\msyhl.ttc', name='Microsoft YaHei', style='normal', variant='normal', weight=290, stretch='normal', size='scalable')) = 10.1545
[2026-01-02 04:35:36] [DEBUG] findfont: score(FontEntry(fname='C:\\Windows\\Fonts\\NanumBarunGothicLight.ttf', name='NanumBarunGothic', style='normal', variant='normal', weight=300, stretch='normal', size='scalable')) = 10.145
[2026-01-02 04:35:36] [DEBUG] findfont: score(FontEntry(fname='C:\\Program Files\\VEGAS\\VEGAS Pro 18.0\\fonts\\Grand_Aventure_Rough.otf', name='Grand Aventure Rough', style='normal', variant='normal', weight=400, stretch='normal', size='scalable')) = 10.05
[2026-01-02 04:35:36] [DEBUG] findfont: score(FontEntry(fname='C:\\Windows\\Fonts\\FRADMCN.TTF', name='Franklin Gothic Demi Cond', style='normal', variant='normal', weight=400, stretch='condensed', size='scalable')) = 10.25
[2026-01-02 04:35:36] [DEBUG] findfont: score(FontEntry(fname='C:\\Windows\\Fonts\\calibriz.ttf', name='Calibri', style='italic', variant='normal', weight=700, stretch='normal', size='scalable')) = 11.335
[2026-01-02 04:35:36] [DEBUG] findfont: score(FontEntry(fname='C:\\Program Files\\VEGAS\\VEGAS Pro 18.0\\fonts\\bernadette_rough.otf', name='Bernadette Rough', style='normal', variant='normal', weight=400, stretch='normal', size='scalable')) = 10.05
[2026-01-02 04:35:36] [DEBUG] findfont: score(FontEntry(fname='C:\\Windows\\Fonts\\HanSantteutDotum-Regular.ttf', name='Han Santteut Dotum', style='normal', variant='normal', weight=400, stretch='normal', size='scalable')) = 10.05
[2026-01-02 04:35:36] [DEBUG] findfont: score(FontEntry(fname='C:\\Windows\\Fonts\\consolab.ttf', name='Consolas', style='normal', variant='normal', weight=700, stretch='normal', size='scalable')) = 10.335
[2026-01-02 04:35:36] [DEBUG] findfont: score(FontEntry(fname='C:\\Windows\\Fonts\\umath.ttf', name='UniversalMath1 BT', style='normal', variant='normal', weight=400, stretch='normal', size='scalable')) = 10.05
[2026-01-02 04:35:36] [DEBUG] findfont: score(FontEntry(fname='C:\\Windows\\Fonts\\georgiaz.ttf', name='Georgia', style='italic', variant='normal', weight=700, stretch='normal', size='scalable')) = 11.335
[2026-01-02 04:35:36] [DEBUG] findfont: score(FontEntry(fname='C:\\Windows\\Fonts\\TCMI____.TTF', name='Tw Cen MT', style='italic', variant='normal', weight=400, stretch='normal', size='scalable')) = 11.05
[2026-01-02 04:35:36] [DEBUG] findfont: Matching Malgun Gothic:style=normal:variant=normal:weight=normal:stretch=normal:size=10.0 to Malgun Gothic ('C:\\Windows\\Fonts\\malgun.ttf') with score of 0.050000.
[2026-01-02 04:35:36] [DEBUG] findfont: Matching Malgun Gothic:style=normal:variant=normal:weight=bold:stretch=normal:size=16.0.
[2026-01-02 04:35:36] [DEBUG] findfont: score(FontEntry(fname='C:\\Users\\20210306-f2\\AppData\\Local\\Programs\\Python\\Python313\\Lib\\site-packages\\matplotlib\\mpl-data\\fonts\\ttf\\DejaVuSans.ttf', name='DejaVu Sans', style='normal', variant='normal', weight=400, stretch='normal', size='scalable')) = 10.335
[2026-01-02 04:35:36] [DEBUG] findfont: score(FontEntry(fname='C:\\Users\\20210306-f2\\AppData\\Local\\Programs\\Python\\Python313\\Lib\\site-packages\\matplotlib\\mpl-data\\fonts\\ttf\\cmmi10.ttf', name='cmmi10', style='normal', variant='normal', weight=400, stretch='normal', size='scalable')) = 10.335
[2026-01-02 04:35:36] [DEBUG] findfont: score(FontEntry(fname='C:\\Users\\20210306-f2\\AppData\\Local\\Programs\\Python\\Python313\\Lib\\site-packages\\matplotlib\\mpl-data\\fonts\\ttf\\STIXNonUniBolIta.ttf', name='STIXNonUnicode', style='italic', variant='normal', weight=700, stretch='normal', size='scalable')) = 11.05
[2026-01-02 04:35:36] [DEBUG] findfont: score(FontEntry(fname='C:\\Users\\20210306-f2\\AppData\\Local\\Programs\\Python\\Python313\\Lib\\site-packages\\matplotlib\\mpl-data\\fonts\\ttf\\STIXSizTwoSymReg.ttf', name='STIXSizeTwoSym', style='normal', variant='normal', weight=400, stretch='normal', size='scalable')) = 10.335
[2026-01-02 04:35:36] [DEBUG] findfont: score(FontEntry(fname='C:\\Users\\20210306-f2\\AppData\\Local\\Programs\\Python\\Python313\\Lib\\site-packages\\matplotlib\\mpl-data\\fonts\\ttf\\STIXSizOneSymBol.ttf', name='STIXSizeOneSym', style='normal', variant='normal', weight=700, stretch='normal', size='scalable')) = 10.05
[2026-01-02 04:35:36] [DEBUG] findfont: score(FontEntry(fname='C:\\Users\\20210306-f2\\AppData\\Local\\Programs\\Python\\Python313\\Lib\\site-packages\\matplotlib\\mpl-data\\fonts\\ttf\\cmsy10.ttf', name='cmsy10', style='normal', variant='normal', weight=400, stretch='normal', size='scalable')) = 10.335
[2026-01-02 04:35:36] [DEBUG] findfont: score(FontEntry(fname='C:\\Users\\20210306-f2\\AppData\\Local\\Programs\\Python\\Python313\\Lib\\site-packages\\matplotlib\\mpl-data\\fonts\\ttf\\STIXGeneralBol.ttf', name='STIXGeneral', style='normal', variant='normal', weight=700, stretch='normal', size='scalable')) = 10.05
[2026-01-02 04:35:36] [DEBUG] findfont: score(FontEntry(fname='C:\\Users\\20210306-f2\\AppData\\Local\\Programs\\Python\\Python313\\Lib\\site-packages\\matplotlib\\mpl-data\\fonts\\ttf\\STIXGeneralBolIta.ttf', name='STIXGeneral', style='italic', variant='normal', weight=700, stretch='normal', size='scalable')) = 11.05
[2026-01-02 04:35:36] [DEBUG] findfont: score(FontEntry(fname='C:\\Users\\20210306-f2\\AppData\\Local\\Programs\\Python\\Python313\\Lib\\site-packages\\matplotlib\\mpl-data\\fonts\\ttf\\DejaVuSans-Bold.ttf', name='DejaVu Sans', style='normal', variant='normal', weight=700, stretch='normal', size='scalable')) = 10.05
[2026-01-02 04:35:36] [DEBUG] findfont: score(FontEntry(fname='C:\\Users\\20210306-f2\\AppData\\Local\\Programs\\Python\\Python313\\Lib\\site-packages\\matplotlib\\mpl-data\\fonts\\ttf\\STIXSizThreeSymBol.ttf', name='STIXSizeThreeSym', style='normal', variant='normal', weight=700, stretch='normal', size='scalable')) = 10.05
[2026-01-02 04:35:36] [DEBUG] findfont: score(FontEntry(fname='C:\\Users\\20210306-f2\\AppData\\Local\\Programs\\Python\\Python313\\Lib\\site-packages\\matplotlib\\mpl-data\\fonts\\ttf\\DejaVuSerif-Italic.ttf', name='DejaVu Serif', style='italic', variant='normal', weight=400, stretch='normal', size='scalable')) = 11.335
[2026-01-02 04:35:36] [DEBUG] findfont: score(FontEntry(fname='C:\\Users\\20210306-f2\\AppData\\Local\\Programs\\Python\\Python313\\Lib\\site-packages\\matplotlib\\mpl-data\\fonts\\ttf\\cmss10.ttf', name='cmss10', style='normal', variant='normal', weight=400, stretch='normal', size='scalable')) = 10.335
[2026-01-02 04:35:36] [DEBUG] findfont: score(FontEntry(fname='C:\\Users\\20210306-f2\\AppData\\Local\\Programs\\Python\\Python313\\Lib\\site-packages\\matplotlib\\mpl-data\\fonts\\ttf\\DejaVuSerif-BoldItalic.ttf', name='DejaVu Serif', style='italic', variant='normal', weight=700, stretch='normal', size='scalable')) = 11.05
[2026-01-02 04:35:36] [DEBUG] findfont: score(FontEntry(fname='C:\\Users\\20210306-f2\\AppData\\Local\\Programs\\Python\\Python313\\Lib\\site-packages\\matplotlib\\mpl-data\\fonts\\ttf\\cmr10.ttf', name='cmr10', style='normal', variant='normal', weight=400, stretch='normal', size='scalable')) = 10.335
[2026-01-02 04:35:36] [DEBUG] findfont: score(FontEntry(fname='C:\\Users\\20210306-f2\\AppData\\Local\\Programs\\Python\\Python313\\Lib\\site-packages\\matplotlib\\mpl-data\\fonts\\ttf\\STIXGeneral.ttf', name='STIXGeneral', style='normal', variant='normal', weight=400, stretch='normal', size='scalable')) = 10.335
[2026-01-02 04:35:36] [DEBUG] findfont: score(FontEntry(fname='C:\\Users\\20210306-f2\\AppData\\Local\\Programs\\Python\\Python313\\Lib\\site-packages\\matplotlib\\mpl-data\\fonts\\ttf\\STIXNonUniBol.ttf', name='STIXNonUnicode', style='normal', variant='normal', weight=700, stretch='normal', size='scalable')) = 10.05
[2026-01-02 04:35:36] [DEBUG] findfont: score(FontEntry(fname='C:\\Users\\20210306-f2\\AppData\\Local\\Programs\\Python\\Python313\\Lib\\site-packages\\matplotlib\\mpl-data\\fonts\\ttf\\STIXGeneralItalic.ttf', name='STIXGeneral', style='italic', variant='normal', weight=400, stretch='normal', size='scalable')) = 11.335
[2026-01-02 04:35:36] [DEBUG] findfont: score(FontEntry(fname='C:\\Users\\20210306-f2\\AppData\\Local\\Programs\\Python\\Python313\\Lib\\site-packages\\matplotlib\\mpl-data\\fonts\\ttf\\STIXSizOneSymReg.ttf', name='STIXSizeOneSym', style='normal', variant='normal', weight=400, stretch='normal', size='scalable')) = 10.335
[2026-01-02 04:35:36] [DEBUG] findfont: score(FontEntry(fname='C:\\Users\\20210306-f2\\AppData\\Local\\Programs\\Python\\Python313\\Lib\\site-packages\\matplotlib\\mpl-data\\fonts\\ttf\\cmb10.ttf', name='cmb10', style='normal', variant='normal', weight=400, stretch='normal', size='scalable')) = 10.335
[2026-01-02 04:35:36] [DEBUG] findfont: score(FontEntry(fname='C:\\Users\\20210306-f2\\AppData\\Local\\Programs\\Python\\Python313\\Lib\\site-packages\\matplotlib\\mpl-data\\fonts\\ttf\\DejaVuSansMono.ttf', name='DejaVu Sans Mono', style='normal', variant='normal', weight=400, stretch='normal', size='scalable')) = 10.335
[2026-01-02 04:35:36] [DEBUG] findfont: score(FontEntry(fname='C:\\Users\\20210306-f2\\AppData\\Local\\Programs\\Python\\Python313\\Lib\\site-packages\\matplotlib\\mpl-data\\fonts\\ttf\\cmtt10.ttf', name='cmtt10', style='normal', variant='normal', weight=400, stretch='normal', size='scalable')) = 10.335
[2026-01-02 04:35:36] [DEBUG] findfont: score(FontEntry(fname='C:\\Users\\20210306-f2\\AppData\\Local\\Programs\\Python\\Python313\\Lib\\site-packages\\matplotlib\\mpl-data\\fonts\\ttf\\STIXSizTwoSymBol.ttf', name='STIXSizeTwoSym', style='normal', variant='normal', weight=700, stretch='normal', size='scalable')) = 10.05
[2026-01-02 04:35:36] [DEBUG] findfont: score(FontEntry(fname='C:\\Users\\20210306-f2\\AppData\\Local\\Programs\\Python\\Python313\\Lib\\site-packages\\matplotlib\\mpl-data\\fonts\\ttf\\DejaVuSerifDisplay.ttf', name='DejaVu Serif Display', style='normal', variant='normal', weight=400, stretch='normal', size='scalable')) = 10.335
[2026-01-02 04:35:36] [DEBUG] findfont: score(FontEntry(fname='C:\\Users\\20210306-f2\\AppData\\Local\\Programs\\Python\\Python313\\Lib\\site-packages\\matplotlib\\mpl-data\\fonts\\ttf\\DejaVuSansDisplay.ttf', name='DejaVu Sans Display', style='normal', variant='normal', weight=400, stretch='normal', size='scalable')) = 10.335
[2026-01-02 04:35:36] [DEBUG] findfont: score(FontEntry(fname='C:\\Users\\20210306-f2\\AppData\\Local\\Programs\\Python\\Python313\\Lib\\site-packages\\matplotlib\\mpl-data\\fonts\\ttf\\DejaVuSerif-Bold.ttf', name='DejaVu Serif', style='normal', variant='normal', weight=700, stretch='normal', size='scalable')) = 10.05
[2026-01-02 04:35:36] [DEBUG] findfont: score(FontEntry(fname='C:\\Users\\20210306-f2\\AppData\\Local\\Programs\\Python\\Python313\\Lib\\site-packages\\matplotlib\\mpl-data\\fonts\\ttf\\STIXSizFourSymReg.ttf', name='STIXSizeFourSym', style='normal', variant='normal', weight=400, stretch='normal', size='scalable')) = 10.335
[2026-01-02 04:35:36] [DEBUG] findfont: score(FontEntry(fname='C:\\Users\\20210306-f2\\AppData\\Local\\Programs\\Python\\Python313\\Lib\\site-packages\\matplotlib\\mpl-data\\fonts\\ttf\\cmex10.ttf', name='cmex10', style='normal', variant='normal', weight=400, stretch='normal', size='scalable')) = 10.335
[2026-01-02 04:35:36] [DEBUG] findfont: score(FontEntry(fname='C:\\Users\\20210306-f2\\AppData\\Local\\Programs\\Python\\Python313\\Lib\\site-packages\\matplotlib\\mpl-data\\fonts\\ttf\\STIXNonUniIta.ttf', name='STIXNonUnicode', style='italic', variant='normal', weight=400, stretch='normal', size='scalable')) = 11.335
[2026-01-02 04:35:36] [DEBUG] findfont: score(FontEntry(fname='C:\\Users\\20210306-f2\\AppData\\Local\\Programs\\Python\\Python313\\Lib\\site-packages\\matplotlib\\mpl-data\\fonts\\ttf\\STIXSizFiveSymReg.ttf', name='STIXSizeFiveSym', style='normal', variant='normal', weight=400, stretch='normal', size='scalable')) = 10.335
[2026-01-02 04:35:36] [DEBUG] findfont: score(FontEntry(fname='C:\\Users\\20210306-f2\\AppData\\Local\\Programs\\Python\\Python313\\Lib\\site-packages\\matplotlib\\mpl-data\\fonts\\ttf\\DejaVuSansMono-Bold.ttf', name='DejaVu Sans Mono', style='normal', variant='normal', weight=700, stretch='normal', size='scalable')) = 10.05
[2026-01-02 04:35:36] [DEBUG] findfont: score(FontEntry(fname='C:\\Users\\20210306-f2\\AppData\\Local\\Programs\\Python\\Python313\\Lib\\site-packages\\matplotlib\\mpl-data\\fonts\\ttf\\DejaVuSansMono-Oblique.ttf', name='DejaVu Sans Mono', style='oblique', variant='normal', weight=400, stretch='normal', size='scalable')) = 11.335
[2026-01-02 04:35:36] [DEBUG] findfont: score(FontEntry(fname='C:\\Users\\20210306-f2\\AppData\\Local\\Programs\\Python\\Python313\\Lib\\site-packages\\matplotlib\\mpl-data\\fonts\\ttf\\STIXNonUni.ttf', name='STIXNonUnicode', style='normal', variant='normal', weight=400, stretch='normal', size='scalable')) = 10.335
[2026-01-02 04:35:36] [DEBUG] findfont: score(FontEntry(fname='C:\\Users\\20210306-f2\\AppData\\Local\\Programs\\Python\\Python313\\Lib\\site-packages\\matplotlib\\mpl-data\\fonts\\ttf\\DejaVuSans-Oblique.ttf', name='DejaVu Sans', style='oblique', variant='normal', weight=400, stretch='normal', size='scalable')) = 11.335
[2026-01-02 04:35:36] [DEBUG] findfont: score(FontEntry(fname='C:\\Users\\20210306-f2\\AppData\\Local\\Programs\\Python\\Python313\\Lib\\site-packages\\matplotlib\\mpl-data\\fonts\\ttf\\STIXSizThreeSymReg.ttf', name='STIXSizeThreeSym', style='normal', variant='normal', weight=400, stretch='normal', size='scalable')) = 10.335
[2026-01-02 04:35:36] [DEBUG] findfont: score(FontEntry(fname='C:\\Users\\20210306-f2\\AppData\\Local\\Programs\\Python\\Python313\\Lib\\site-packages\\matplotlib\\mpl-data\\fonts\\ttf\\DejaVuSerif.ttf', name='DejaVu Serif', style='normal', variant='normal', weight=400, stretch='normal', size='scalable')) = 10.335
[2026-01-02 04:35:36] [DEBUG] findfont: score(FontEntry(fname='C:\\Users\\20210306-f2\\AppData\\Local\\Programs\\Python\\Python313\\Lib\\site-packages\\matplotlib\\mpl-data\\fonts\\ttf\\STIXSizFourSymBol.ttf', name='STIXSizeFourSym', style='normal', variant='normal', weight=700, stretch='normal', size='scalable')) = 10.05
[2026-01-02 04:35:36] [DEBUG] findfont: score(FontEntry(fname='C:\\Users\\20210306-f2\\AppData\\Local\\Programs\\Python\\Python313\\Lib\\site-packages\\matplotlib\\mpl-data\\fonts\\ttf\\DejaVuSans-BoldOblique.ttf', name='DejaVu Sans', style='oblique', variant='normal', weight=700, stretch='normal', size='scalable')) = 11.05
[2026-01-02 04:35:36] [DEBUG] findfont: score(FontEntry(fname='C:\\Users\\20210306-f2\\AppData\\Local\\Programs\\Python\\Python313\\Lib\\site-packages\\matplotlib\\mpl-data\\fonts\\ttf\\DejaVuSansMono-BoldOblique.ttf', name='DejaVu Sans Mono', style='oblique', variant='normal', weight=700, stretch='normal', size='scalable')) = 11.05
[2026-01-02 04:35:36] [DEBUG] findfont: score(FontEntry(fname='C:\\Windows\\Fonts\\segoeuisl.ttf', name='Segoe UI', style='normal', variant='normal', weight=350, stretch='normal', size='scalable')) = 10.3825
[2026-01-02 04:35:36] [DEBUG] findfont: score(FontEntry(fname='C:\\Windows\\Fonts\\JUICE___.TTF', name='Juice ITC', style='normal', variant='normal', weight=400, stretch='normal', size='scalable')) = 10.335
[2026-01-02 04:35:36] [DEBUG] findfont: score(FontEntry(fname='C:\\Windows\\Fonts\\BIZ-UDGothicR.ttc', name='BIZ UDGothic', style='normal', variant='normal', weight=400, stretch='normal', size='scalable')) = 10.335
[2026-01-02 04:35:36] [DEBUG] findfont: score(FontEntry(fname='C:\\Windows\\Fonts\\mtproxy9.ttf', name='Proxy 9', style='normal', variant='normal', weight=400, stretch='normal', size='scalable')) = 10.335
[2026-01-02 04:35:36] [DEBUG] findfont: score(FontEntry(fname='C:\\Windows\\Fonts\\isocteui.ttf', name='ISOCTEUR', style='italic', variant='normal', weight=400, stretch='normal', size='scalable')) = 11.335
[2026-01-02 04:35:36] [DEBUG] findfont: score(FontEntry(fname='C:\\Program Files\\VEGAS\\VEGAS Pro 18.0\\fonts\\beyond_the_mountains.otf', name='Beyond The Mountains', style='normal', variant='normal', weight=400, stretch='normal', size='scalable')) = 10.335
[2026-01-02 04:35:36] [DEBUG] findfont: score(FontEntry(fname='C:\\Windows\\Fonts\\comici.ttf', name='Comic Sans MS', style='italic', variant='normal', weight=400, stretch='normal', size='scalable')) = 11.335
[2026-01-02 04:35:36] [DEBUG] findfont: score(FontEntry(fname='C:\\Windows\\Fonts\\NanumGothicExtraBold.ttf', name='NanumGothic', style='normal', variant='normal', weight=700, stretch='normal', size='scalable')) = 10.05
[2026-01-02 04:35:36] [DEBUG] findfont: score(FontEntry(fname='C:\\Windows\\Fonts\\panroman.ttf', name='PanRoman', style='normal', variant='normal', weight=400, stretch='normal', size='scalable')) = 10.335
[2026-01-02 04:35:36] [DEBUG] findfont: score(FontEntry(fname='C:\\Windows\\Fonts\\MSUIGHUR.TTF', name='Microsoft Uighur', style='normal', variant='normal', weight=400, stretch='normal', size='scalable')) = 10.335
[2026-01-02 04:35:36] [DEBUG] findfont: score(FontEntry(fname='C:\\Windows\\Fonts\\segoesc.ttf', name='Segoe Script', style='normal', variant='normal', weight=400, stretch='normal', size='scalable')) = 10.335
[2026-01-02 04:35:36] [DEBUG] findfont: score(FontEntry(fname='C:\\Windows\\Fonts\\segoeuiz.ttf', name='Segoe UI', style='italic', variant='normal', weight=700, stretch='normal', size='scalable')) = 11.05
[2026-01-02 04:35:36] [DEBUG] findfont: score(FontEntry(fname='C:\\Windows\\Fonts\\corbeli.ttf', name='Corbel', style='italic', variant='normal', weight=400, stretch='normal', size='scalable')) = 11.335
[2026-01-02 04:35:36] [DEBUG] findfont: score(FontEntry(fname='C:\\Windows\\Fonts\\HANBatangB.ttf', name='HCR Batang', style='normal', variant='normal', weight=700, stretch='normal', size='scalable')) = 10.05
[2026-01-02 04:35:36] [DEBUG] findfont: score(FontEntry(fname='C:\\Windows\\Fonts\\swiss.ttf', name='Swis721 BT', style='normal', variant='normal', weight=400, stretch='normal', size='scalable')) = 10.335
[2026-01-02 04:35:36] [DEBUG] findfont: score(FontEntry(fname='C:\\Windows\\Fonts\\DUBAI-BOLD.TTF', name='Dubai', style='normal', variant='normal', weight=700, stretch='normal', size='scalable')) = 10.05
[2026-01-02 04:35:36] [DEBUG] findfont: score(FontEntry(fname='C:\\Windows\\Fonts\\taile.ttf', name='Microsoft Tai Le', style='normal', variant='normal', weight=400, stretch='normal', size='scalable')) = 10.335
[2026-01-02 04:35:36] [DEBUG] findfont: score(FontEntry(fname='C:\\Program Files\\VEGAS\\VEGAS Pro 18.0\\fonts\\mark_my_words.otf', name='Mark My Words', style='normal', variant='normal', weight=400, stretch='normal', size='scalable')) = 10.335
[2026-01-02 04:35:36] [DEBUG] findfont: score(FontEntry(fname='C:\\Windows\\Fonts\\GILI____.TTF', name='Gill Sans MT', style='italic', variant='normal', weight=400, stretch='normal', size='scalable')) = 11.335
[2026-01-02 04:35:36] [DEBUG] findfont: score(FontEntry(fname='C:\\Windows\\Fonts\\javatext.ttf', name='Javanese Text', style='normal', variant='normal', weight=400, stretch='normal', size='scalable')) = 10.335
[2026-01-02 04:35:36] [DEBUG] findfont: score(FontEntry(fname='C:\\Windows\\Fonts\\seguili.ttf', name='Segoe UI', style='italic', variant='normal', weight=300, stretch='normal', size='scalable')) = 11.43
[2026-01-02 04:35:36] [DEBUG] findfont: score(FontEntry(fname='C:\\Windows\\Fonts\\georgiab.ttf', name='Georgia', style='normal', variant='normal', weight=700, stretch='normal', size='scalable')) = 10.05
[2026-01-02 04:35:36] [DEBUG] findfont: score(FontEntry(fname='C:\\Windows\\Fonts\\BOD_BLAR.TTF', name='Bodoni MT', style='normal', variant='normal', weight=900, stretch='normal', size='scalable')) = 10.24
[2026-01-02 04:35:36] [DEBUG] findfont: score(FontEntry(fname='C:\\Windows\\Fonts\\Nirmala.ttf', name='Nirmala UI', style='normal', variant='normal', weight=400, stretch='normal', size='scalable')) = 10.335
[2026-01-02 04:35:36] [DEBUG] findfont: score(FontEntry(fname='C:\\Users\\20210306-f2\\AppData\\Local\\Microsoft\\Windows\\Fonts\\나눔손글씨 강부장님체.ttf', name='Nanum GangBuJangNimCe', style='normal', variant='normal', weight=400, stretch='normal', size='scalable')) = 10.335
[2026-01-02 04:35:36] [DEBUG] findfont: score(FontEntry(fname='C:\\Windows\\Fonts\\monotxt_.ttf', name='Monotxt', style='normal', variant='normal', weight=400, stretch='normal', size='scalable')) = 10.335
[2026-01-02 04:35:36] [DEBUG] findfont: score(FontEntry(fname='C:\\Windows\\Fonts\\SNAP____.TTF', name='Snap ITC', style='normal', variant='normal', weight=400, stretch='normal', size='scalable')) = 10.335
[2026-01-02 04:35:36] [DEBUG] findfont: score(FontEntry(fname='C:\\Windows\\Fonts\\GOTHICB.TTF', name='Century Gothic', style='normal', variant='normal', weight=700, stretch='normal', size='scalable')) = 10.05
[2026-01-02 04:35:36] [DEBUG] findfont: score(FontEntry(fname='C:\\Windows\\Fonts\\verdana.ttf', name='Verdana', style='normal', variant='normal', weight=400, stretch='normal', size='scalable')) = 10.335
[2026-01-02 04:35:36] [DEBUG] findfont: score(FontEntry(fname='C:\\Windows\\Fonts\\AMGDT___.ttf', name='AMGDT', style='normal', variant='normal', weight=400, stretch='normal', size='scalable')) = 10.335
[2026-01-02 04:35:36] [DEBUG] findfont: score(FontEntry(fname='C:\\Windows\\Fonts\\swisseb.ttf', name='Swis721 Ex BT', style='normal', variant='normal', weight=700, stretch='expanded', size='scalable')) = 10.25
[2026-01-02 04:35:36] [DEBUG] findfont: score(FontEntry(fname='C:\\Program Files\\VEGAS\\VEGAS Pro 18.0\\fonts\\Mustardo.otf', name='Mustardo', style='normal', variant='normal', weight=400, stretch='normal', size='scalable')) = 10.335
[2026-01-02 04:35:36] [DEBUG] findfont: score(FontEntry(fname='C:\\Windows\\Fonts\\YuGothL.ttc', name='Yu Gothic', style='normal', variant='normal', weight=300, stretch='normal', size='scalable')) = 10.43
[2026-01-02 04:35:36] [DEBUG] findfont: score(FontEntry(fname='C:\\Windows\\Fonts\\GARAIT.TTF', name='Garamond', style='italic', variant='normal', weight=400, stretch='normal', size='scalable')) = 11.335
[2026-01-02 04:35:36] [DEBUG] findfont: score(FontEntry(fname='C:\\Windows\\Fonts\\LTYPEBO.TTF', name='Lucida Sans Typewriter', style='oblique', variant='normal', weight=600, stretch='normal', size='scalable')) = 11.145
[2026-01-02 04:35:36] [DEBUG] findfont: score(FontEntry(fname='C:\\Windows\\Fonts\\MTCORSVA.TTF', name='Monotype Corsiva', style='normal', variant='normal', weight=400, stretch='normal', size='scalable')) = 10.335
[2026-01-02 04:35:36] [DEBUG] findfont: score(FontEntry(fname='C:\\Windows\\Fonts\\swissi.ttf', name='Swis721 BT', style='italic', variant='normal', weight=400, stretch='normal', size='scalable')) = 11.335
[2026-01-02 04:35:36] [DEBUG] findfont: score(FontEntry(fname='C:\\Windows\\Fonts\\simsunb.ttf', name='SimSun-ExtB', style='normal', variant='normal', weight=400, stretch='normal', size='scalable')) = 10.335
[2026-01-02 04:35:36] [DEBUG] findfont: score(FontEntry(fname='C:\\Windows\\Fonts\\arialbi.ttf', name='Arial', style='italic', variant='normal', weight=700, stretch='normal', size='scalable')) = 11.05
[2026-01-02 04:35:36] [DEBUG] findfont: score(FontEntry(fname='C:\\Windows\\Fonts\\HTOWERTI.TTF', name='High Tower Text', style='italic', variant='normal', weight=400, stretch='normal', size='scalable')) = 11.335
[2026-01-02 04:35:36] [DEBUG] findfont: score(FontEntry(fname='C:\\Windows\\Fonts\\framdit.ttf', name='Franklin Gothic Medium', style='italic', variant='normal', weight=400, stretch='normal', size='scalable')) = 11.335
[2026-01-02 04:35:36] [DEBUG] findfont: score(FontEntry(fname='C:\\Windows\\Fonts\\BOD_BI.TTF', name='Bodoni MT', style='italic', variant='normal', weight=700, stretch='normal', size='scalable')) = 11.05
[2026-01-02 04:35:36] [DEBUG] findfont: score(FontEntry(fname='C:\\Windows\\Fonts\\PARCHM.TTF', name='Parchment', style='normal', variant='normal', weight=400, stretch='normal', size='scalable')) = 10.335
[2026-01-02 04:35:36] [DEBUG] findfont: score(FontEntry(fname='C:\\Windows\\Fonts\\romant__.ttf', name='RomanT', style='normal', variant='normal', weight=400, stretch='normal', size='scalable')) = 10.335
[2026-01-02 04:35:36] [DEBUG] findfont: score(FontEntry(fname='C:\\Windows\\Fonts\\GLECB.TTF', name='Gloucester MT Extra Condensed', style='normal', variant='normal', weight=400, stretch='condensed', size='scalable')) = 10.535
[2026-01-02 04:35:36] [DEBUG] findfont: score(FontEntry(fname='C:\\Windows\\Fonts\\georgiai.ttf', name='Georgia', style='italic', variant='normal', weight=400, stretch='normal', size='scalable')) = 11.335
[2026-01-02 04:35:36] [DEBUG] findfont: score(FontEntry(fname='C:\\Windows\\Fonts\\ERASLGHT.TTF', name='Eras Light ITC', style='normal', variant='normal', weight=400, stretch='normal', size='scalable')) = 10.335
[2026-01-02 04:35:36] [DEBUG] findfont: score(FontEntry(fname='C:\\Windows\\Fonts\\PERTILI.TTF', name='Perpetua Titling MT', style='normal', variant='normal', weight=300, stretch='normal', size='scalable')) = 10.43
[2026-01-02 04:35:36] [DEBUG] findfont: score(FontEntry(fname='C:\\Windows\\Fonts\\msjhl.ttc', name='Microsoft JhengHei', style='normal', variant='normal', weight=290, stretch='normal', size='scalable')) = 10.4395
[2026-01-02 04:35:36] [DEBUG] findfont: score(FontEntry(fname='C:\\Windows\\Fonts\\NIAGENG.TTF', name='Niagara Engraved', style='normal', variant='normal', weight=400, stretch='normal', size='scalable')) = 10.335
[2026-01-02 04:35:36] [DEBUG] findfont: score(FontEntry(fname='C:\\Windows\\Fonts\\ariblk.ttf', name='Arial', style='normal', variant='normal', weight=900, stretch='normal', size='scalable')) = 10.24
[2026-01-02 04:35:36] [DEBUG] findfont: score(FontEntry(fname='C:\\Windows\\Fonts\\isoct2__.ttf', name='ISOCT2', style='normal', variant='normal', weight=400, stretch='normal', size='scalable')) = 10.335
[2026-01-02 04:35:36] [DEBUG] findfont: score(FontEntry(fname='C:\\Windows\\Fonts\\monosbi.ttf', name='Monospac821 BT', style='italic', variant='normal', weight=700, stretch='normal', size='scalable')) = 11.05
[2026-01-02 04:35:36] [DEBUG] findfont: score(FontEntry(fname='C:\\Windows\\Fonts\\H2PORM.TTF', name='HYPost-Medium', style='normal', variant='normal', weight=400, stretch='normal', size='scalable')) = 10.335
[2026-01-02 04:35:36] [DEBUG] findfont: score(FontEntry(fname='C:\\Windows\\Fonts\\Artifakt Element Regular.ttf', name='Artifakt Element', style='normal', variant='normal', weight=400, stretch='normal', size='scalable')) = 10.335
[2026-01-02 04:35:36] [DEBUG] findfont: score(FontEntry(fname='C:\\Windows\\Fonts\\ARIALNI.TTF', name='Arial', style='italic', variant='normal', weight=400, stretch='condensed', size='scalable')) = 11.535
[2026-01-02 04:35:36] [DEBUG] findfont: score(FontEntry(fname='C:\\Windows\\Fonts\\malgunsl.ttf', name='Malgun Gothic', style='normal', variant='normal', weight=300, stretch='normal', size='scalable')) = 0.43
[2026-01-02 04:35:36] [DEBUG] findfont: score(FontEntry(fname='C:\\Windows\\Fonts\\NanumBarunpenB.ttf', name='NanumBarunpen', style='normal', variant='normal', weight=700, stretch='normal', size='scalable')) = 10.05
[2026-01-02 04:35:36] [DEBUG] findfont: score(FontEntry(fname='C:\\Windows\\Fonts\\courbi.ttf', name='Courier New', style='italic', variant='normal', weight=700, stretch='normal', size='scalable')) = 11.05
[2026-01-02 04:35:36] [DEBUG] findfont: score(FontEntry(fname='C:\\Windows\\Fonts\\ARIALNB.TTF', name='Arial', style='normal', variant='normal', weight=700, stretch='condensed', size='scalable')) = 10.25
[2026-01-02 04:35:36] [DEBUG] findfont: score(FontEntry(fname='C:\\Windows\\Fonts\\NanumSquareRoundR.ttf', name='NanumSquareRound', style='normal', variant='normal', weight=400, stretch='normal', size='scalable')) = 10.335
[2026-01-02 04:35:36] [DEBUG] findfont: score(FontEntry(fname='C:\\Windows\\Fonts\\italicc_.ttf', name='ItalicC', style='italic', variant='normal', weight=400, stretch='normal', size='scalable')) = 11.335
[2026-01-02 04:35:36] [DEBUG] findfont: score(FontEntry(fname='C:\\Windows\\Fonts\\TCB_____.TTF', name='Tw Cen MT', style='normal', variant='normal', weight=700, stretch='normal', size='scalable')) = 10.05
[2026-01-02 04:35:36] [DEBUG] findfont: score(FontEntry(fname='C:\\Windows\\Fonts\\symusic_.ttf', name='Symusic', style='normal', variant='normal', weight=400, stretch='normal', size='scalable')) = 10.335
[2026-01-02 04:35:36] [DEBUG] findfont: score(FontEntry(fname='C:\\Windows\\Fonts\\LBRITEI.TTF', name='Lucida Bright', style='italic', variant='normal', weight=400, stretch='normal', size='scalable')) = 11.335
[2026-01-02 04:35:36] [DEBUG] findfont: score(FontEntry(fname='C:\\Windows\\Fonts\\GOTHIC.TTF', name='Century Gothic', style='normal', variant='normal', weight=400, stretch='normal', size='scalable')) = 10.335
[2026-01-02 04:35:36] [DEBUG] findfont: score(FontEntry(fname='C:\\Windows\\Fonts\\meiryob.ttc', name='Meiryo', style='normal', variant='normal', weight=700, stretch='normal', size='scalable')) = 10.05
[2026-01-02 04:35:36] [DEBUG] findfont: score(FontEntry(fname='C:\\Windows\\Fonts\\Artifakt Element LIght.ttf', name='Artifakt Element', style='normal', variant='normal', weight=300, stretch='normal', size='scalable')) = 10.43
[2026-01-02 04:35:36] [DEBUG] findfont: score(FontEntry(fname='C:\\Windows\\Fonts\\txt_____.ttf', name='Txt', style='normal', variant='normal', weight=400, stretch='normal', size='scalable')) = 10.335
[2026-01-02 04:35:36] [DEBUG] findfont: score(FontEntry(fname='C:\\Windows\\Fonts\\SitkaI.ttc', name='Sitka Small', style='italic', variant='normal', weight=400, stretch='normal', size='scalable')) = 11.335
[2026-01-02 04:35:36] [DEBUG] findfont: score(FontEntry(fname='C:\\Windows\\Fonts\\NanumMyeongjoBold.ttf', name='NanumMyeongjo', style='normal', variant='normal', weight=600, stretch='normal', size='scalable')) = 10.145
[2026-01-02 04:35:36] [DEBUG] findfont: score(FontEntry(fname='C:\\Windows\\Fonts\\dutcheb.ttf', name='Dutch801 XBd BT', style='normal', variant='normal', weight=400, stretch='normal', size='scalable')) = 10.335
[2026-01-02 04:35:36] [DEBUG] findfont: score(FontEntry(fname='C:\\Program Files\\VEGAS\\VEGAS Pro 18.0\\fonts\\marguerite.otf', name='Marguerite', style='normal', variant='normal', weight=400, stretch='normal', size='scalable')) = 10.335
[2026-01-02 04:35:36] [DEBUG] findfont: score(FontEntry(fname='C:\\Windows\\Fonts\\NotoSansKR-VF.ttf', name='Noto Sans KR', style='normal', variant='normal', weight=100, stretch='normal', size='scalable')) = 10.62
[2026-01-02 04:35:36] [DEBUG] findfont: score(FontEntry(fname='C:\\Windows\\Fonts\\TCBI____.TTF', name='Tw Cen MT', style='italic', variant='normal', weight=700, stretch='normal', size='scalable')) = 11.05
[2026-01-02 04:35:36] [DEBUG] findfont: score(FontEntry(fname='C:\\Windows\\Fonts\\times.ttf', name='Times New Roman', style='normal', variant='normal', weight=400, stretch='normal', size='scalable')) = 10.335
[2026-01-02 04:35:36] [DEBUG] findfont: score(FontEntry(fname='C:\\Program Files\\VEGAS\\VEGAS Pro 18.0\\fonts\\Jasmine_and_Greentea.otf', name='Jasmine And Greentea', style='normal', variant='normal', weight=400, stretch='normal', size='scalable')) = 10.335
[2026-01-02 04:35:36] [DEBUG] findfont: score(FontEntry(fname='C:\\Program Files\\VEGAS\\VEGAS Pro 18.0\\fonts\\LaGuapita.otf', name='La Guapita', style='normal', variant='normal', weight=400, stretch='normal', size='scalable')) = 10.335
[2026-01-02 04:35:36] [DEBUG] findfont: score(FontEntry(fname='C:\\Windows\\Fonts\\bgothm.ttf', name='BankGothic Md BT', style='normal', variant='normal', weight=400, stretch='normal', size='scalable')) = 10.335
[2026-01-02 04:35:36] [DEBUG] findfont: score(FontEntry(fname='C:\\Windows\\Fonts\\GARABD.TTF', name='Garamond', style='normal', variant='normal', weight=700, stretch='normal', size='scalable')) = 10.05
[2026-01-02 04:35:36] [DEBUG] findfont: score(FontEntry(fname='C:\\Windows\\Fonts\\BELLB.TTF', name='Bell MT', style='normal', variant='normal', weight=700, stretch='normal', size='scalable')) = 10.05
[2026-01-02 04:35:36] [DEBUG] findfont: score(FontEntry(fname='C:\\Windows\\Fonts\\HANDotum.ttf', name='HCR Dotum', style='normal', variant='normal', weight=400, stretch='normal', size='scalable')) = 10.335
[2026-01-02 04:35:36] [DEBUG] findfont: score(FontEntry(fname='C:\\Windows\\Fonts\\seguisym.ttf', name='Segoe UI Symbol', style='normal', variant='normal', weight=400, stretch='normal', size='scalable')) = 10.335
[2026-01-02 04:35:36] [DEBUG] findfont: score(FontEntry(fname='C:\\Windows\\Fonts\\calibrib.ttf', name='Calibri', style='normal', variant='normal', weight=700, stretch='normal', size='scalable')) = 10.05
[2026-01-02 04:35:36] [DEBUG] findfont: score(FontEntry(fname='C:\\Windows\\Fonts\\Candaral.ttf', name='Candara', style='normal', variant='normal', weight=400, stretch='normal', size='scalable')) = 10.335
[2026-01-02 04:35:36] [DEBUG] findfont: score(FontEntry(fname='C:\\Windows\\Fonts\\IMPRISHA.TTF', name='Imprint MT Shadow', style='normal', variant='normal', weight=400, stretch='normal', size='scalable')) = 10.335
[2026-01-02 04:35:36] [DEBUG] findfont: score(FontEntry(fname='C:\\Windows\\Fonts\\HMKMMAG.TTF', name='Magic R', style='normal', variant='normal', weight=400, stretch='normal', size='scalable')) = 10.335
[2026-01-02 04:35:36] [DEBUG] findfont: score(FontEntry(fname='C:\\Windows\\Fonts\\NanumBarunGothicUltraLight.ttf', name='NanumBarunGothic', style='normal', variant='normal', weight=300, stretch='normal', size='scalable')) = 10.43
[2026-01-02 04:35:36] [DEBUG] findfont: score(FontEntry(fname='C:\\Windows\\Fonts\\H2MKPB.TTF', name='HYPMokGak-Bold', style='normal', variant='normal', weight=400, stretch='normal', size='scalable')) = 10.335
[2026-01-02 04:35:36] [DEBUG] findfont: score(FontEntry(fname='C:\\Windows\\Fonts\\RAGE.TTF', name='Rage Italic', style='italic', variant='normal', weight=400, stretch='normal', size='scalable')) = 11.335
[2026-01-02 04:35:36] [DEBUG] findfont: score(FontEntry(fname='C:\\Program Files\\VEGAS\\VEGAS Pro 18.0\\fonts\\bakery.otf', name='Bakery', style='normal', variant='normal', weight=400, stretch='normal', size='scalable')) = 10.335
[2026-01-02 04:35:36] [DEBUG] findfont: score(FontEntry(fname='C:\\Windows\\Fonts\\segoescb.ttf', name='Segoe Script', style='normal', variant='normal', weight=700, stretch='normal', size='scalable')) = 10.05
[2026-01-02 04:35:36] [DEBUG] findfont: score(FontEntry(fname='C:\\Windows\\Fonts\\PLAYBILL.TTF', name='Playbill', style='normal', variant='normal', weight=400, stretch='normal', size='scalable')) = 10.335
[2026-01-02 04:35:36] [DEBUG] findfont: score(FontEntry(fname='C:\\Windows\\Fonts\\msyh.ttc', name='Microsoft YaHei', style='normal', variant='normal', weight=400, stretch='normal', size='scalable')) = 10.335
[2026-01-02 04:35:36] [DEBUG] findfont: score(FontEntry(fname='C:\\Windows\\Fonts\\GLSNECB.TTF', name='Gill Sans MT Ext Condensed Bold', style='normal', variant='normal', weight=400, stretch='condensed', size='scalable')) = 10.535
[2026-01-02 04:35:36] [DEBUG] findfont: score(FontEntry(fname='C:\\Windows\\Fonts\\CascadiaCode.ttf', name='Cascadia Code', style='normal', variant='normal', weight=400, stretch='normal', size='scalable')) = 10.335
[2026-01-02 04:35:36] [DEBUG] findfont: score(FontEntry(fname='C:\\Windows\\Fonts\\dutch.ttf', name='Dutch801 Rm BT', style='normal', variant='normal', weight=400, stretch='normal', size='scalable')) = 10.335
[2026-01-02 04:35:36] [DEBUG] findfont: score(FontEntry(fname='C:\\Windows\\Fonts\\FRADM.TTF', name='Franklin Gothic Demi', style='normal', variant='normal', weight=400, stretch='normal', size='scalable')) = 10.335
[2026-01-02 04:35:36] [DEBUG] findfont: score(FontEntry(fname='C:\\Windows\\Fonts\\GOUDOSI.TTF', name='Goudy Old Style', style='italic', variant='normal', weight=400, stretch='normal', size='scalable')) = 11.335
[2026-01-02 04:35:36] [DEBUG] findfont: score(FontEntry(fname='C:\\Windows\\Fonts\\YuGothR.ttc', name='Yu Gothic', style='normal', variant='normal', weight=400, stretch='normal', size='scalable')) = 10.335
[2026-01-02 04:35:36] [DEBUG] findfont: score(FontEntry(fname='C:\\Windows\\Fonts\\REFSAN.TTF', name='MS Reference Sans Serif', style='normal', variant='normal', weight=400, stretch='normal', size='scalable')) = 10.335
[2026-01-02 04:35:36] [DEBUG] findfont: score(FontEntry(fname='C:\\Windows\\Fonts\\Artifakt Element Medium Italic.ttf', name='Artifakt Element', style='italic', variant='normal', weight=600, stretch='normal', size='scalable')) = 11.145
[2026-01-02 04:35:36] [DEBUG] findfont: score(FontEntry(fname='C:\\Windows\\Fonts\\SitkaZ.ttc', name='Sitka Small', style='italic', variant='normal', weight=700, stretch='normal', size='scalable')) = 11.05
[2026-01-02 04:35:36] [DEBUG] findfont: score(FontEntry(fname='C:\\Windows\\Fonts\\BOD_CB.TTF', name='Bodoni MT', style='normal', variant='normal', weight=700, stretch='condensed', size='scalable')) = 10.25
[2026-01-02 04:35:36] [DEBUG] findfont: score(FontEntry(fname='C:\\Windows\\Fonts\\gothici_.ttf', name='GothicI', style='normal', variant='normal', weight=400, stretch='normal', size='scalable')) = 10.335
[2026-01-02 04:35:36] [DEBUG] findfont: score(FontEntry(fname='C:\\Windows\\Fonts\\BOOKOSB.TTF', name='Bookman Old Style', style='normal', variant='normal', weight=600, stretch='normal', size='scalable')) = 10.145
[2026-01-02 04:35:36] [DEBUG] findfont: score(FontEntry(fname='C:\\Windows\\Fonts\\swisscl.ttf', name='Swis721 LtCn BT', style='normal', variant='normal', weight=400, stretch='condensed', size='scalable')) = 10.535
[2026-01-02 04:35:36] [DEBUG] findfont: score(FontEntry(fname='C:\\Windows\\Fonts\\ROCC____.TTF', name='Rockwell Condensed', style='normal', variant='normal', weight=400, stretch='condensed', size='scalable')) = 10.535
[2026-01-02 04:35:36] [DEBUG] findfont: score(FontEntry(fname='C:\\Windows\\Fonts\\FRABKIT.TTF', name='Franklin Gothic Book', style='italic', variant='normal', weight=400, stretch='normal', size='scalable')) = 11.335
[2026-01-02 04:35:36] [DEBUG] findfont: score(FontEntry(fname='C:\\Windows\\Fonts\\swisski.ttf', name='Swis721 Blk BT', style='italic', variant='normal', weight=400, stretch='normal', size='scalable')) = 11.335
[2026-01-02 04:35:36] [DEBUG] findfont: score(FontEntry(fname='C:\\Program Files\\VEGAS\\VEGAS Pro 18.0\\fonts\\rose_of_baltimore.otf', name='Rose Of Baltimore', style='normal', variant='normal', weight=400, stretch='normal', size='scalable')) = 10.335
[2026-01-02 04:35:36] [DEBUG] findfont: score(FontEntry(fname='C:\\Windows\\Fonts\\swisscb.ttf', name='Swis721 Cn BT', style='normal', variant='normal', weight=700, stretch='condensed', size='scalable')) = 10.25
[2026-01-02 04:35:36] [DEBUG] findfont: score(FontEntry(fname='C:\\Windows\\Fonts\\isocpeur.ttf', name='ISOCPEUR', style='normal', variant='normal', weight=400, stretch='normal', size='scalable')) = 10.335
[2026-01-02 04:35:36] [DEBUG] findfont: score(FontEntry(fname='C:\\Windows\\Fonts\\HANBatang.ttf', name='HCR Batang', style='normal', variant='normal', weight=400, stretch='normal', size='scalable')) = 10.335
[2026-01-02 04:35:36] [DEBUG] findfont: score(FontEntry(fname='C:\\Windows\\Fonts\\comicbd.ttf', name='Comic Sans MS', style='normal', variant='normal', weight=700, stretch='normal', size='scalable')) = 10.05
[2026-01-02 04:35:36] [DEBUG] findfont: score(FontEntry(fname='C:\\Program Files\\VEGAS\\VEGAS Pro 18.0\\fonts\\Grand_Aventure_Outline.otf', name='Grand Aventure Outline', style='normal', variant='normal', weight=400, stretch='normal', size='scalable')) = 10.335
[2026-01-02 04:35:36] [DEBUG] findfont: score(FontEntry(fname='C:\\Windows\\Fonts\\ERASBD.TTF', name='Eras Bold ITC', style='normal', variant='normal', weight=400, stretch='normal', size='scalable')) = 10.335
[2026-01-02 04:35:36] [DEBUG] findfont: score(FontEntry(fname='C:\\Windows\\Fonts\\YuGothM.ttc', name='Yu Gothic', style='normal', variant='normal', weight=500, stretch='normal', size='scalable')) = 10.24
[2026-01-02 04:35:36] [DEBUG] findfont: score(FontEntry(fname='C:\\Windows\\Fonts\\gothice_.ttf', name='GothicE', style='normal', variant='normal', weight=400, stretch='normal', size='scalable')) = 10.335
[2026-01-02 04:35:36] [DEBUG] findfont: score(FontEntry(fname='C:\\Windows\\Fonts\\corbell.ttf', name='Corbel', style='normal', variant='normal', weight=300, stretch='normal', size='scalable')) = 10.43
[2026-01-02 04:35:36] [DEBUG] findfont: score(FontEntry(fname='C:\\Windows\\Fonts\\italic__.ttf', name='Italic', style='italic', variant='normal', weight=400, stretch='normal', size='scalable')) = 11.335
[2026-01-02 04:35:36] [DEBUG] findfont: score(FontEntry(fname='C:\\Windows\\Fonts\\micross.ttf', name='Microsoft Sans Serif', style='normal', variant='normal', weight=400, stretch='normal', size='scalable')) = 10.335
[2026-01-02 04:35:36] [DEBUG] findfont: score(FontEntry(fname='C:\\Windows\\Fonts\\CALIFB.TTF', name='Californian FB', style='normal', variant='normal', weight=700, stretch='normal', size='scalable')) = 10.05
[2026-01-02 04:35:36] [DEBUG] findfont: score(FontEntry(fname='C:\\Windows\\Fonts\\NanumBarunGothic.ttf', name='NanumBarunGothic', style='normal', variant='normal', weight=400, stretch='normal', size='scalable')) = 10.335
[2026-01-02 04:35:36] [DEBUG] findfont: score(FontEntry(fname='C:\\Windows\\Fonts\\VLADIMIR.TTF', name='Vladimir Script', style='normal', variant='normal', weight=400, stretch='normal', size='scalable')) = 10.335
[2026-01-02 04:35:36] [DEBUG] findfont: score(FontEntry(fname='C:\\Windows\\Fonts\\NanumGothic.ttf', name='NanumGothic', style='normal', variant='normal', weight=400, stretch='normal', size='scalable')) = 10.335
[2026-01-02 04:35:36] [DEBUG] findfont: score(FontEntry(fname='C:\\Windows\\Fonts\\constan.ttf', name='Constantia', style='normal', variant='normal', weight=400, stretch='normal', size='scalable')) = 10.335
[2026-01-02 04:35:36] [DEBUG] findfont: score(FontEntry(fname='C:\\Windows\\Fonts\\verdanab.ttf', name='Verdana', style='normal', variant='normal', weight=700, stretch='normal', size='scalable')) = 10.05
[2026-01-02 04:35:36] [DEBUG] findfont: score(FontEntry(fname='C:\\Windows\\Fonts\\palab.ttf', name='Palatino Linotype', style='normal', variant='normal', weight=700, stretch='normal', size='scalable')) = 10.05
[2026-01-02 04:35:36] [DEBUG] findfont: score(FontEntry(fname='C:\\Windows\\Fonts\\scripts_.ttf', name='ScriptS', style='normal', variant='normal', weight=400, stretch='normal', size='scalable')) = 10.335
[2026-01-02 04:35:36] [DEBUG] findfont: score(FontEntry(fname='C:\\Windows\\Fonts\\VIVALDII.TTF', name='Vivaldi', style='italic', variant='normal', weight=400, stretch='normal', size='scalable')) = 11.335
[2026-01-02 04:35:36] [DEBUG] findfont: score(FontEntry(fname='C:\\Windows\\Fonts\\gadugi.ttf', name='Gadugi', style='normal', variant='normal', weight=400, stretch='normal', size='scalable')) = 10.335
[2026-01-02 04:35:36] [DEBUG] findfont: score(FontEntry(fname='C:\\Windows\\Fonts\\TCCEB.TTF', name='Tw Cen MT Condensed Extra Bold', style='normal', variant='normal', weight=400, stretch='condensed', size='scalable')) = 10.535
[2026-01-02 04:35:36] [DEBUG] findfont: score(FontEntry(fname='C:\\Program Files\\VEGAS\\VEGAS Pro 18.0\\fonts\\docktrin.otf', name='Docktrin', style='normal', variant='normal', weight=400, stretch='normal', size='scalable')) = 10.335
[2026-01-02 04:35:36] [DEBUG] findfont: score(FontEntry(fname='C:\\Windows\\Fonts\\PERB____.TTF', name='Perpetua', style='normal', variant='normal', weight=700, stretch='normal', size='scalable')) = 10.05
[2026-01-02 04:35:36] [DEBUG] findfont: score(FontEntry(fname='C:\\Windows\\Fonts\\yumin.ttf', name='Yu Mincho', style='normal', variant='normal', weight=400, stretch='normal', size='scalable')) = 10.335
[2026-01-02 04:35:36] [DEBUG] findfont: score(FontEntry(fname='C:\\Windows\\Fonts\\mtproxy7.ttf', name='Proxy 7', style='normal', variant='normal', weight=400, stretch='normal', size='scalable')) = 10.335
[2026-01-02 04:35:36] [DEBUG] findfont: score(FontEntry(fname='C:\\Windows\\Fonts\\FRAHV.TTF', name='Franklin Gothic Heavy', style='normal', variant='normal', weight=400, stretch='normal', size='scalable')) = 10.335
[2026-01-02 04:35:36] [DEBUG] findfont: score(FontEntry(fname='C:\\Windows\\Fonts\\swissbi.ttf', name='Swis721 BT', style='italic', variant='normal', weight=700, stretch='normal', size='scalable')) = 11.05
[2026-01-02 04:35:36] [DEBUG] findfont: score(FontEntry(fname='C:\\Windows\\Fonts\\ROCKBI.TTF', name='Rockwell', style='italic', variant='normal', weight=700, stretch='normal', size='scalable')) = 11.05
[2026-01-02 04:35:36] [DEBUG] findfont: score(FontEntry(fname='C:\\Windows\\Fonts\\CENTAUR.TTF', name='Centaur', style='normal', variant='normal', weight=400, stretch='normal', size='scalable')) = 10.335
[2026-01-02 04:35:36] [DEBUG] findfont: score(FontEntry(fname='C:\\Program Files\\VEGAS\\VEGAS Pro 18.0\\fonts\\MarkMyWordsClean.otf', name='Mark My Words Clean', style='normal', variant='normal', weight=400, stretch='normal', size='scalable')) = 10.335
[2026-01-02 04:35:36] [DEBUG] findfont: score(FontEntry(fname='C:\\Windows\\Fonts\\MTEXTRA.TTF', name='MT Extra', style='normal', variant='normal', weight=400, stretch='normal', size='scalable')) = 10.335
[2026-01-02 04:35:36] [DEBUG] findfont: score(FontEntry(fname='C:\\Windows\\Fonts\\ANTQUABI.TTF', name='Book Antiqua', style='italic', variant='normal', weight=700, stretch='normal', size='scalable')) = 11.05
[2026-01-02 04:35:36] [DEBUG] findfont: score(FontEntry(fname='C:\\Windows\\Fonts\\Artifakt Element Book Italic.ttf', name='Artifakt Element', style='italic', variant='normal', weight=450, stretch='normal', size='scalable')) = 11.2875
[2026-01-02 04:35:36] [DEBUG] findfont: score(FontEntry(fname='C:\\Windows\\Fonts\\timesi.ttf', name='Times New Roman', style='italic', variant='normal', weight=400, stretch='normal', size='scalable')) = 11.335
[2026-01-02 04:35:36] [DEBUG] findfont: score(FontEntry(fname='C:\\Windows\\Fonts\\msjh.ttc', name='Microsoft JhengHei', style='normal', variant='normal', weight=400, stretch='normal', size='scalable')) = 10.335
[2026-01-02 04:35:36] [DEBUG] findfont: score(FontEntry(fname='C:\\Windows\\Fonts\\consolaz.ttf', name='Consolas', style='italic', variant='normal', weight=700, stretch='normal', size='scalable')) = 11.05
[2026-01-02 04:35:36] [DEBUG] findfont: score(FontEntry(fname='C:\\Windows\\Fonts\\GILC____.TTF', name='Gill Sans MT Condensed', style='normal', variant='normal', weight=400, stretch='condensed', size='scalable')) = 10.535
[2026-01-02 04:35:36] [DEBUG] findfont: score(FontEntry(fname='C:\\Windows\\Fonts\\constani.ttf', name='Constantia', style='italic', variant='normal', weight=400, stretch='normal', size='scalable')) = 11.335
[2026-01-02 04:35:36] [DEBUG] findfont: score(FontEntry(fname='C:\\Program Files\\VEGAS\\VEGAS Pro 18.0\\fonts\\hotel_de_paris_Xe.otf', name='Hotel De Paris Xe', style='normal', variant='normal', weight=400, stretch='normal', size='scalable')) = 10.335
[2026-01-02 04:35:36] [DEBUG] findfont: score(FontEntry(fname='C:\\Windows\\Fonts\\GOTHICBI.TTF', name='Century Gothic', style='italic', variant='normal', weight=700, stretch='normal', size='scalable')) = 11.05
[2026-01-02 04:35:36] [DEBUG] findfont: score(FontEntry(fname='C:\\Program Files\\VEGAS\\VEGAS Pro 18.0\\fonts\\bernadette.otf', name='Bernadette', style='normal', variant='normal', weight=400, stretch='normal', size='scalable')) = 10.335
[2026-01-02 04:35:36] [DEBUG] findfont: score(FontEntry(fname='C:\\Windows\\Fonts\\swissc.ttf', name='Swis721 Cn BT', style='normal', variant='normal', weight=400, stretch='condensed', size='scalable')) = 10.535
[2026-01-02 04:35:36] [DEBUG] findfont: score(FontEntry(fname='C:\\Windows\\Fonts\\HanSantteutDotum-Bold.ttf', name='Han Santteut Dotum', style='normal', variant='normal', weight=700, stretch='normal', size='scalable')) = 10.05
[2026-01-02 04:35:36] [DEBUG] findfont: score(FontEntry(fname='C:\\Windows\\Fonts\\mtproxy2.ttf', name='Proxy 2', style='normal', variant='normal', weight=400, stretch='normal', size='scalable')) = 10.335
[2026-01-02 04:35:36] [DEBUG] findfont: score(FontEntry(fname='C:\\Windows\\Fonts\\BIZ-UDMinchoM.ttc', name='BIZ UDMincho', style='normal', variant='normal', weight=500, stretch='normal', size='scalable')) = 10.24
[2026-01-02 04:35:36] [DEBUG] findfont: score(FontEntry(fname='C:\\Windows\\Fonts\\FRADMIT.TTF', name='Franklin Gothic Demi', style='italic', variant='normal', weight=400, stretch='normal', size='scalable')) = 11.335
[2026-01-02 04:35:36] [DEBUG] findfont: score(FontEntry(fname='C:\\Program Files\\VEGAS\\VEGAS Pro 18.0\\fonts\\SilverCharmDuo.otf', name='Silver Charm Duo', style='normal', variant='normal', weight=400, stretch='normal', size='scalable')) = 10.335
[2026-01-02 04:35:36] [DEBUG] findfont: score(FontEntry(fname='C:\\Windows\\Fonts\\NanumGothicLight.ttf', name='NanumGothic', style='normal', variant='normal', weight=300, stretch='normal', size='scalable')) = 10.43
[2026-01-02 04:35:36] [DEBUG] findfont: score(FontEntry(fname='C:\\Windows\\Fonts\\ARIALNBI.TTF', name='Arial', style='italic', variant='normal', weight=700, stretch='condensed', size='scalable')) = 11.25
[2026-01-02 04:35:36] [DEBUG] findfont: score(FontEntry(fname='C:\\Program Files\\VEGAS\\VEGAS Pro 18.0\\fonts\\Gloss_And_Bloom.otf', name='Gloss And Bloom', style='normal', variant='normal', weight=400, stretch='normal', size='scalable')) = 10.335
[2026-01-02 04:35:36] [DEBUG] findfont: score(FontEntry(fname='C:\\Windows\\Fonts\\taileb.ttf', name='Microsoft Tai Le', style='normal', variant='normal', weight=700, stretch='normal', size='scalable')) = 10.05
[2026-01-02 04:35:36] [DEBUG] findfont: score(FontEntry(fname='C:\\Windows\\Fonts\\msyhbd.ttc', name='Microsoft YaHei', style='normal', variant='normal', weight=700, stretch='normal', size='scalable')) = 10.05
[2026-01-02 04:35:36] [DEBUG] findfont: score(FontEntry(fname='C:\\Windows\\Fonts\\GIL_____.TTF', name='Gill Sans MT', style='normal', variant='normal', weight=400, stretch='normal', size='scalable')) = 10.335
[2026-01-02 04:35:36] [DEBUG] findfont: score(FontEntry(fname='C:\\Windows\\Fonts\\swissek.ttf', name='Swis721 BlkEx BT', style='normal', variant='normal', weight=400, stretch='expanded', size='scalable')) = 10.535
[2026-01-02 04:35:36] [DEBUG] findfont: score(FontEntry(fname='C:\\Windows\\Fonts\\trebucit.ttf', name='Trebuchet MS', style='italic', variant='normal', weight=400, stretch='normal', size='scalable')) = 11.335
[2026-01-02 04:35:36] [DEBUG] findfont: score(FontEntry(fname='C:\\Windows\\Fonts\\COOPBL.TTF', name='Cooper Black', style='normal', variant='normal', weight=400, stretch='normal', size='scalable')) = 10.335
[2026-01-02 04:35:36] [DEBUG] findfont: score(FontEntry(fname='C:\\Windows\\Fonts\\sanss___.ttf', name='SansSerif', style='normal', variant='normal', weight=400, stretch='normal', size='scalable')) = 10.335
[2026-01-02 04:35:36] [DEBUG] findfont: score(FontEntry(fname='C:\\Windows\\Fonts\\mtproxy3.ttf', name='Proxy 3', style='normal', variant='normal', weight=400, stretch='normal', size='scalable')) = 10.335
[2026-01-02 04:35:36] [DEBUG] findfont: score(FontEntry(fname='C:\\Windows\\Fonts\\NanumGothicBold.ttf', name='NanumGothic', style='normal', variant='normal', weight=600, stretch='normal', size='scalable')) = 10.145
[2026-01-02 04:35:36] [DEBUG] findfont: score(FontEntry(fname='C:\\Windows\\Fonts\\gulim.ttc', name='Gulim', style='normal', variant='normal', weight=400, stretch='normal', size='scalable')) = 10.335
[2026-01-02 04:35:36] [DEBUG] findfont: score(FontEntry(fname='C:\\Windows\\Fonts\\NanumMyeongjoExtraBold.ttf', name='NanumMyeongjo', style='normal', variant='normal', weight=700, stretch='normal', size='scalable')) = 10.05
[2026-01-02 04:35:36] [DEBUG] findfont: score(FontEntry(fname='C:\\Windows\\Fonts\\sylfaen.ttf', name='Sylfaen', style='normal', variant='normal', weight=400, stretch='normal', size='scalable')) = 10.335
[2026-01-02 04:35:36] [DEBUG] findfont: score(FontEntry(fname='C:\\Windows\\Fonts\\calibrii.ttf', name='Calibri', style='italic', variant='normal', weight=400, stretch='normal', size='scalable')) = 11.335
[2026-01-02 04:35:36] [DEBUG] findfont: score(FontEntry(fname='C:\\Program Files\\VEGAS\\VEGAS Pro 18.0\\fonts\\meat_buckets.otf', name='Meat Buckets', style='normal', variant='normal', weight=400, stretch='normal', size='scalable')) = 10.335
[2026-01-02 04:35:36] [DEBUG] findfont: score(FontEntry(fname='C:\\Program Files\\VEGAS\\VEGAS Pro 18.0\\fonts\\base05.otf', name='Base 05', style='normal', variant='normal', weight=400, stretch='normal', size='scalable')) = 10.335
[2026-01-02 04:35:36] [DEBUG] findfont: score(FontEntry(fname='C:\\Windows\\Fonts\\palai.ttf', name='Palatino Linotype', style='italic', variant='normal', weight=400, stretch='normal', size='scalable')) = 11.335
[2026-01-02 04:35:36] [DEBUG] findfont: score(FontEntry(fname='C:\\Windows\\Fonts\\DejaVuSansMono-Oblique_0.ttf', name='DejaVu Sans Mono', style='oblique', variant='normal', weight=400, stretch='normal', size='scalable')) = 11.335
[2026-01-02 04:35:36] [DEBUG] findfont: score(FontEntry(fname='C:\\Windows\\Fonts\\swissel.ttf', name='Swis721 LtEx BT', style='normal', variant='normal', weight=400, stretch='expanded', size='scalable')) = 10.535
[2026-01-02 04:35:36] [DEBUG] findfont: score(FontEntry(fname='C:\\Windows\\Fonts\\H2MJSM.TTF', name='HYSinMyeongJo-Medium', style='normal', variant='normal', weight=400, stretch='normal', size='scalable')) = 10.335
[2026-01-02 04:35:36] [DEBUG] findfont: score(FontEntry(fname='C:\\Windows\\Fonts\\WINGDNG2.TTF', name='Wingdings 2', style='normal', variant='normal', weight=400, stretch='normal', size='scalable')) = 10.335
[2026-01-02 04:35:36] [DEBUG] findfont: score(FontEntry(fname='C:\\Windows\\Fonts\\AIGDT___.TTF', name='AIGDT', style='normal', variant='normal', weight=400, stretch='normal', size='scalable')) = 10.335
[2026-01-02 04:35:36] [DEBUG] findfont: score(FontEntry(fname='C:\\Windows\\Fonts\\BERNHC.TTF', name='Bernard MT Condensed', style='normal', variant='normal', weight=400, stretch='condensed', size='scalable')) = 10.535
[2026-01-02 04:35:36] [DEBUG] findfont: score(FontEntry(fname='C:\\Windows\\Fonts\\consolai.ttf', name='Consolas', style='italic', variant='normal', weight=400, stretch='normal', size='scalable')) = 11.335
[2026-01-02 04:35:36] [DEBUG] findfont: score(FontEntry(fname='C:\\Windows\\Fonts\\timesbd.ttf', name='Times New Roman', style='normal', variant='normal', weight=700, stretch='normal', size='scalable')) = 10.05
[2026-01-02 04:35:36] [DEBUG] findfont: score(FontEntry(fname='C:\\Windows\\Fonts\\BOOKOSI.TTF', name='Bookman Old Style', style='italic', variant='normal', weight=300, stretch='normal', size='scalable')) = 11.43
[2026-01-02 04:35:36] [DEBUG] findfont: score(FontEntry(fname='C:\\Windows\\Fonts\\mtproxy8.ttf', name='Proxy 8', style='normal', variant='normal', weight=400, stretch='normal', size='scalable')) = 10.335
[2026-01-02 04:35:36] [DEBUG] findfont: score(FontEntry(fname='C:\\Windows\\Fonts\\comicz.ttf', name='Comic Sans MS', style='italic', variant='normal', weight=700, stretch='normal', size='scalable')) = 11.05
[2026-01-02 04:35:36] [DEBUG] findfont: score(FontEntry(fname='C:\\Windows\\Fonts\\NanumSquareR.ttf', name='NanumSquare', style='normal', variant='normal', weight=400, stretch='normal', size='scalable')) = 10.335
[2026-01-02 04:35:36] [DEBUG] findfont: score(FontEntry(fname='C:\\Windows\\Fonts\\H2MJRE.TTF', name='HYMyeongJo-Extra', style='normal', variant='normal', weight=400, stretch='normal', size='scalable')) = 10.335
[2026-01-02 04:35:36] [DEBUG] findfont: score(FontEntry(fname='C:\\Windows\\Fonts\\SCHLBKBI.TTF', name='Century Schoolbook', style='italic', variant='normal', weight=700, stretch='normal', size='scalable')) = 11.05
[2026-01-02 04:35:36] [DEBUG] findfont: score(FontEntry(fname='C:\\Windows\\Fonts\\MSUIGHUB.TTF', name='Microsoft Uighur', style='normal', variant='normal', weight=700, stretch='normal', size='scalable')) = 10.05
[2026-01-02 04:35:36] [DEBUG] findfont: score(FontEntry(fname='C:\\Windows\\Fonts\\GIGI.TTF', name='Gigi', style='normal', variant='normal', weight=400, stretch='normal', size='scalable')) = 10.335
[2026-01-02 04:35:36] [DEBUG] findfont: score(FontEntry(fname='C:\\Windows\\Fonts\\msjhbd.ttc', name='Microsoft JhengHei', style='normal', variant='normal', weight=700, stretch='normal', size='scalable')) = 10.05
[2026-01-02 04:35:36] [DEBUG] findfont: score(FontEntry(fname='C:\\Windows\\Fonts\\ariali.ttf', name='Arial', style='italic', variant='normal', weight=400, stretch='normal', size='scalable')) = 11.335
[2026-01-02 04:35:36] [DEBUG] findfont: score(FontEntry(fname='C:\\Windows\\Fonts\\HMFMOLD.TTF', name='Yet R', style='normal', variant='normal', weight=400, stretch='normal', size='scalable')) = 10.335
[2026-01-02 04:35:36] [DEBUG] findfont: score(FontEntry(fname='C:\\Windows\\Fonts\\GOTHICI.TTF', name='Century Gothic', style='italic', variant='normal', weight=400, stretch='normal', size='scalable')) = 11.335
[2026-01-02 04:35:36] [DEBUG] findfont: score(FontEntry(fname='C:\\Windows\\Fonts\\PAPYRUS.TTF', name='Papyrus', style='normal', variant='normal', weight=400, stretch='normal', size='scalable')) = 10.335
[2026-01-02 04:35:36] [DEBUG] findfont: score(FontEntry(fname='C:\\Windows\\Fonts\\corbelz.ttf', name='Corbel', style='italic', variant='normal', weight=700, stretch='normal', size='scalable')) = 11.05
[2026-01-02 04:35:36] [DEBUG] findfont: score(FontEntry(fname='C:\\Windows\\Fonts\\GENISO.ttf', name='GENISO', style='normal', variant='normal', weight=400, stretch='normal', size='scalable')) = 10.335
[2026-01-02 04:35:36] [DEBUG] findfont: score(FontEntry(fname='C:\\Windows\\Fonts\\swissb.ttf', name='Swis721 BT', style='normal', variant='normal', weight=700, stretch='normal', size='scalable')) = 10.05
[2026-01-02 04:35:36] [DEBUG] findfont: score(FontEntry(fname='C:\\Windows\\Fonts\\REFSPCL.TTF', name='MS Reference Specialty', style='normal', variant='normal', weight=400, stretch='normal', size='scalable')) = 10.335
[2026-01-02 04:35:36] [DEBUG] findfont: score(FontEntry(fname='C:\\Windows\\Fonts\\romand__.ttf', name='RomanD', style='normal', variant='normal', weight=400, stretch='normal', size='scalable')) = 10.335
[2026-01-02 04:35:36] [DEBUG] findfont: score(FontEntry(fname='C:\\Windows\\Fonts\\BOD_CR.TTF', name='Bodoni MT', style='normal', variant='normal', weight=400, stretch='condensed', size='scalable')) = 10.535
[2026-01-02 04:35:36] [DEBUG] findfont: score(FontEntry(fname='C:\\Windows\\Fonts\\techl___.ttf', name='TechnicLite', style='normal', variant='normal', weight=400, stretch='normal', size='scalable')) = 10.335
[2026-01-02 04:35:36] [DEBUG] findfont: score(FontEntry(fname='C:\\Windows\\Fonts\\impact.ttf', name='Impact', style='normal', variant='normal', weight=400, stretch='normal', size='scalable')) = 10.335
[2026-01-02 04:35:36] [DEBUG] findfont: score(FontEntry(fname='C:\\Windows\\Fonts\\cambriaz.ttf', name='Cambria', style='italic', variant='normal', weight=700, stretch='normal', size='scalable')) = 11.05
[2026-01-02 04:35:36] [DEBUG] findfont: score(FontEntry(fname='C:\\Windows\\Fonts\\swissk.ttf', name='Swis721 Blk BT', style='normal', variant='normal', weight=400, stretch='normal', size='scalable')) = 10.335
[2026-01-02 04:35:36] [DEBUG] findfont: score(FontEntry(fname='C:\\Windows\\Fonts\\hy헤드라인m.ttf', name='HYHeadLine-Medium', style='normal', variant='normal', weight=400, stretch='normal', size='scalable')) = 10.335
[2026-01-02 04:35:36] [DEBUG] findfont: score(FontEntry(fname='C:\\Windows\\Fonts\\PERTIBD.TTF', name='Perpetua Titling MT', style='normal', variant='normal', weight=700, stretch='normal', size='scalable')) = 10.05
[2026-01-02 04:35:36] [DEBUG] findfont: score(FontEntry(fname='C:\\Windows\\Fonts\\COPRGTL.TTF', name='Copperplate Gothic Light', style='normal', variant='normal', weight=400, stretch='normal', size='scalable')) = 10.335
[2026-01-02 04:35:36] [DEBUG] findfont: score(FontEntry(fname='C:\\Windows\\Fonts\\VINERITC.TTF', name='Viner Hand ITC', style='normal', variant='normal', weight=400, stretch='normal', size='scalable')) = 10.335
[2026-01-02 04:35:36] [DEBUG] findfont: score(FontEntry(fname='C:\\Program Files\\VEGAS\\VEGAS Pro 18.0\\fonts\\mocking_bird.otf', name='Mocking Bird', style='normal', variant='normal', weight=400, stretch='normal', size='scalable')) = 10.335
[2026-01-02 04:35:36] [DEBUG] findfont: score(FontEntry(fname='C:\\Windows\\Fonts\\MISTRAL.TTF', name='Mistral', style='normal', variant='normal', weight=400, stretch='normal', size='scalable')) = 10.335
[2026-01-02 04:35:36] [DEBUG] findfont: score(FontEntry(fname='C:\\Windows\\Fonts\\swissli.ttf', name='Swis721 Lt BT', style='italic', variant='normal', weight=400, stretch='normal', size='scalable')) = 11.335
[2026-01-02 04:35:36] [DEBUG] findfont: score(FontEntry(fname='C:\\Windows\\Fonts\\corbelli.ttf', name='Corbel', style='italic', variant='normal', weight=300, stretch='normal', size='scalable')) = 11.43
[2026-01-02 04:35:36] [DEBUG] findfont: score(FontEntry(fname='C:\\Windows\\Fonts\\Guitar Pro 5.ttf', name='Guitar Pro 5', style='normal', variant='normal', weight=400, stretch='normal', size='scalable')) = 10.335
[2026-01-02 04:35:36] [DEBUG] findfont: score(FontEntry(fname='C:\\Program Files\\VEGAS\\VEGAS Pro 18.0\\fonts\\huntress.otf', name='Huntress', style='normal', variant='normal', weight=400, stretch='normal', size='scalable')) = 10.335
[2026-01-02 04:35:36] [DEBUG] findfont: score(FontEntry(fname='C:\\Windows\\Fonts\\SCHLBKI.TTF', name='Century Schoolbook', style='italic', variant='normal', weight=400, stretch='normal', size='scalable')) = 11.335
[2026-01-02 04:35:36] [DEBUG] findfont: score(FontEntry(fname='C:\\Windows\\Fonts\\swisscli.ttf', name='Swis721 LtCn BT', style='italic', variant='normal', weight=400, stretch='condensed', size='scalable')) = 11.535
[2026-01-02 04:35:36] [DEBUG] findfont: score(FontEntry(fname='C:\\Program Files\\VEGAS\\VEGAS Pro 18.0\\fonts\\Strawberry Blossom.otf', name='Strawberry Blossom', style='normal', variant='normal', weight=400, stretch='normal', size='scalable')) = 10.335
[2026-01-02 04:35:36] [DEBUG] findfont: score(FontEntry(fname='C:\\Windows\\Fonts\\Artifakt Element Light Italic.ttf', name='Artifakt Element', style='italic', variant='normal', weight=300, stretch='normal', size='scalable')) = 11.43
[2026-01-02 04:35:36] [DEBUG] findfont: score(FontEntry(fname='C:\\Windows\\Fonts\\batang.ttc', name='Batang', style='normal', variant='normal', weight=400, stretch='normal', size='scalable')) = 10.335
[2026-01-02 04:35:36] [DEBUG] findfont: score(FontEntry(fname='C:\\Windows\\Fonts\\HANWing2.ttf', name='Haan Wing2', style='normal', variant='normal', weight=400, stretch='normal', size='scalable')) = 10.335
[2026-01-02 04:35:36] [DEBUG] findfont: score(FontEntry(fname='C:\\Windows\\Fonts\\PERBI___.TTF', name='Perpetua', style='italic', variant='normal', weight=700, stretch='normal', size='scalable')) = 11.05
[2026-01-02 04:35:36] [DEBUG] findfont: score(FontEntry(fname='C:\\Windows\\Fonts\\RAVIE.TTF', name='Ravie', style='normal', variant='normal', weight=400, stretch='normal', size='scalable')) = 10.335
[2026-01-02 04:35:36] [DEBUG] findfont: score(FontEntry(fname='C:\\Windows\\Fonts\\swissl.ttf', name='Swis721 Lt BT', style='normal', variant='normal', weight=400, stretch='normal', size='scalable')) = 10.335
[2026-01-02 04:35:36] [DEBUG] findfont: score(FontEntry(fname='C:\\Windows\\Fonts\\Gabriola.ttf', name='Gabriola', style='normal', variant='normal', weight=400, stretch='normal', size='scalable')) = 10.335
[2026-01-02 04:35:36] [DEBUG] findfont: score(FontEntry(fname='C:\\Windows\\Fonts\\OUTLOOK.TTF', name='MS Outlook', style='normal', variant='normal', weight=400, stretch='normal', size='scalable')) = 10.335
[2026-01-02 04:35:36] [DEBUG] findfont: score(FontEntry(fname='C:\\Windows\\Fonts\\gdt_____.ttf', name='GDT', style='normal', variant='normal', weight=400, stretch='normal', size='scalable')) = 10.335
[2026-01-02 04:35:36] [DEBUG] findfont: score(FontEntry(fname='C:\\Windows\\Fonts\\BOD_CBI.TTF', name='Bodoni MT', style='italic', variant='normal', weight=700, stretch='condensed', size='scalable')) = 11.25
[2026-01-02 04:35:36] [DEBUG] findfont: score(FontEntry(fname='C:\\Windows\\Fonts\\FRAMDCN.TTF', name='Franklin Gothic Medium Cond', style='normal', variant='normal', weight=400, stretch='condensed', size='scalable')) = 10.535
[2026-01-02 04:35:36] [DEBUG] findfont: score(FontEntry(fname='C:\\Windows\\Fonts\\seguiemj.ttf', name='Segoe UI Emoji', style='normal', variant='normal', weight=400, stretch='normal', size='scalable')) = 10.335
[2026-01-02 04:35:36] [DEBUG] findfont: score(FontEntry(fname='C:\\Windows\\Fonts\\ROCKI.TTF', name='Rockwell', style='italic', variant='normal', weight=400, stretch='normal', size='scalable')) = 11.335
[2026-01-02 04:35:36] [DEBUG] findfont: score(FontEntry(fname='C:\\Windows\\Fonts\\swissko.ttf', name='Swis721 BlkOul BT', style='normal', variant='normal', weight=400, stretch='normal', size='scalable')) = 10.335
[2026-01-02 04:35:36] [DEBUG] findfont: score(FontEntry(fname='C:\\Windows\\Fonts\\scriptc_.ttf', name='ScriptC', style='normal', variant='normal', weight=400, stretch='normal', size='scalable')) = 10.335
[2026-01-02 04:35:36] [DEBUG] findfont: score(FontEntry(fname='C:\\Windows\\Fonts\\LSANSDI.TTF', name='Lucida Sans', style='italic', variant='normal', weight=600, stretch='normal', size='scalable')) = 11.145
[2026-01-02 04:35:36] [DEBUG] findfont: score(FontEntry(fname='C:\\Windows\\Fonts\\DejaVuSansMono_0.ttf', name='DejaVu Sans Mono', style='normal', variant='normal', weight=400, stretch='normal', size='scalable')) = 10.335
[2026-01-02 04:35:36] [DEBUG] findfont: score(FontEntry(fname='C:\\Windows\\Fonts\\segoepr.ttf', name='Segoe Print', style='normal', variant='normal', weight=400, stretch='normal', size='scalable')) = 10.335
[2026-01-02 04:35:36] [DEBUG] findfont: score(FontEntry(fname='C:\\Windows\\Fonts\\HancomEQN.ttf', name='HancomEQN', style='normal', variant='normal', weight=400, stretch='normal', size='scalable')) = 10.335
[2026-01-02 04:35:36] [DEBUG] findfont: score(FontEntry(fname='C:\\Windows\\Fonts\\trebuc.ttf', name='Trebuchet MS', style='normal', variant='normal', weight=400, stretch='normal', size='scalable')) = 10.335
[2026-01-02 04:35:36] [DEBUG] findfont: score(FontEntry(fname='C:\\Windows\\Fonts\\TTSNOTE.TTF', name='TtsNote', style='normal', variant='normal', weight=400, stretch='normal', size='scalable')) = 10.335
[2026-01-02 04:35:36] [DEBUG] findfont: score(FontEntry(fname='C:\\Windows\\Fonts\\ITCBLKAD.TTF', name='Blackadder ITC', style='normal', variant='normal', weight=400, stretch='normal', size='scalable')) = 10.335
[2026-01-02 04:35:36] [DEBUG] findfont: score(FontEntry(fname='C:\\Windows\\Fonts\\HMFMPYUN.TTF', name='Pyunji R', style='normal', variant='normal', weight=400, stretch='normal', size='scalable')) = 10.335
[2026-01-02 04:35:36] [DEBUG] findfont: score(FontEntry(fname='C:\\Windows\\Fonts\\PERI____.TTF', name='Perpetua', style='italic', variant='normal', weight=400, stretch='normal', size='scalable')) = 11.335
[2026-01-02 04:35:36] [DEBUG] findfont: score(FontEntry(fname='C:\\Windows\\Fonts\\arial.ttf', name='Arial', style='normal', variant='normal', weight=400, stretch='normal', size='scalable')) = 10.335
[2026-01-02 04:35:36] [DEBUG] findfont: score(FontEntry(fname='C:\\Program Files\\VEGAS\\VEGAS Pro 18.0\\fonts\\Julietta.otf', name='Julietta', style='normal', variant='normal', weight=400, stretch='normal', size='scalable')) = 10.335
[2026-01-02 04:35:36] [DEBUG] findfont: score(FontEntry(fname='C:\\Windows\\Fonts\\INFROMAN.TTF', name='Informal Roman', style='normal', variant='normal', weight=400, stretch='normal', size='scalable')) = 10.335
[2026-01-02 04:35:36] [DEBUG] findfont: score(FontEntry(fname='C:\\Windows\\Fonts\\trebucbd.ttf', name='Trebuchet MS', style='normal', variant='normal', weight=700, stretch='normal', size='scalable')) = 10.05
[2026-01-02 04:35:36] [DEBUG] findfont: score(FontEntry(fname='C:\\Windows\\Fonts\\sanssbo_.ttf', name='SansSerif', style='oblique', variant='normal', weight=700, stretch='normal', size='scalable')) = 11.05
[2026-01-02 04:35:36] [DEBUG] findfont: score(FontEntry(fname='C:\\Windows\\Fonts\\LFAXDI.TTF', name='Lucida Fax', style='italic', variant='normal', weight=600, stretch='normal', size='scalable')) = 11.145
[2026-01-02 04:35:36] [DEBUG] findfont: score(FontEntry(fname='C:\\Windows\\Fonts\\BOD_R.TTF', name='Bodoni MT', style='normal', variant='normal', weight=400, stretch='normal', size='scalable')) = 10.335
[2026-01-02 04:35:36] [DEBUG] findfont: score(FontEntry(fname='C:\\Program Files\\VEGAS\\VEGAS Pro 18.0\\fonts\\Wasted.otf', name='Wasted', style='normal', variant='normal', weight=400, stretch='normal', size='scalable')) = 10.335
[2026-01-02 04:35:36] [DEBUG] findfont: score(FontEntry(fname='C:\\Windows\\Fonts\\HYHWPEQ.TTF', name='HyhwpEQ', style='normal', variant='normal', weight=400, stretch='normal', size='scalable')) = 10.335
[2026-01-02 04:35:36] [DEBUG] findfont: score(FontEntry(fname='C:\\Windows\\Fonts\\TEMPSITC.TTF', name='Tempus Sans ITC', style='normal', variant='normal', weight=400, stretch='normal', size='scalable')) = 10.335
[2026-01-02 04:35:36] [DEBUG] findfont: score(FontEntry(fname='C:\\Windows\\Fonts\\himalaya.ttf', name='Microsoft Himalaya', style='normal', variant='normal', weight=400, stretch='normal', size='scalable')) = 10.335
[2026-01-02 04:35:36] [DEBUG] findfont: score(FontEntry(fname='C:\\Windows\\Fonts\\HARNGTON.TTF', name='Harrington', style='normal', variant='normal', weight=400, stretch='normal', size='scalable')) = 10.335
[2026-01-02 04:35:36] [DEBUG] findfont: score(FontEntry(fname='C:\\Windows\\Fonts\\ROCKB.TTF', name='Rockwell', style='normal', variant='normal', weight=700, stretch='normal', size='scalable')) = 10.05
[2026-01-02 04:35:36] [DEBUG] findfont: score(FontEntry(fname='C:\\Windows\\Fonts\\SCRIPTBL.TTF', name='Script MT Bold', style='normal', variant='normal', weight=700, stretch='normal', size='scalable')) = 10.05
[2026-01-02 04:35:36] [DEBUG] findfont: score(FontEntry(fname='C:\\Windows\\Fonts\\romab___.ttf', name='Romantic', style='normal', variant='normal', weight=700, stretch='normal', size='scalable')) = 10.05
[2026-01-02 04:35:36] [DEBUG] findfont: score(FontEntry(fname='C:\\Windows\\Fonts\\swisscbi.ttf', name='Swis721 Cn BT', style='italic', variant='normal', weight=700, stretch='condensed', size='scalable')) = 11.25
[2026-01-02 04:35:36] [DEBUG] findfont: score(FontEntry(fname='C:\\Windows\\Fonts\\Candarab.ttf', name='Candara', style='normal', variant='normal', weight=700, stretch='normal', size='scalable')) = 10.05
[2026-01-02 04:35:36] [DEBUG] findfont: score(FontEntry(fname='C:\\Windows\\Fonts\\symeteo_.ttf', name='Symeteo', style='normal', variant='normal', weight=400, stretch='normal', size='scalable')) = 10.335
[2026-01-02 04:35:36] [DEBUG] findfont: score(FontEntry(fname='C:\\Windows\\Fonts\\ELEPHNT.TTF', name='Elephant', style='normal', variant='normal', weight=400, stretch='normal', size='scalable')) = 10.335
[2026-01-02 04:35:36] [DEBUG] findfont: score(FontEntry(fname='C:\\Windows\\Fonts\\segoeuil.ttf', name='Segoe UI', style='normal', variant='normal', weight=300, stretch='normal', size='scalable')) = 10.43
[2026-01-02 04:35:36] [DEBUG] findfont: score(FontEntry(fname='C:\\Windows\\Fonts\\complex_.ttf', name='Complex', style='normal', variant='normal', weight=400, stretch='normal', size='scalable')) = 10.335
[2026-01-02 04:35:36] [DEBUG] findfont: score(FontEntry(fname='C:\\Windows\\Fonts\\seguihis.ttf', name='Segoe UI Historic', style='normal', variant='normal', weight=400, stretch='normal', size='scalable')) = 10.335
[2026-01-02 04:35:36] [DEBUG] findfont: score(FontEntry(fname='C:\\Program Files\\VEGAS\\VEGAS Pro 18.0\\fonts\\Grand_Aventure_Text.otf', name='Grand Aventure Text', style='normal', variant='normal', weight=400, stretch='normal', size='scalable')) = 10.335
[2026-01-02 04:35:36] [DEBUG] findfont: score(FontEntry(fname='C:\\Windows\\Fonts\\LBRITED.TTF', name='Lucida Bright', style='normal', variant='normal', weight=600, stretch='normal', size='scalable')) = 10.145
[2026-01-02 04:35:36] [DEBUG] findfont: score(FontEntry(fname='C:\\Windows\\Fonts\\ANTQUAI.TTF', name='Book Antiqua', style='italic', variant='normal', weight=400, stretch='normal', size='scalable')) = 11.335
[2026-01-02 04:35:36] [DEBUG] findfont: score(FontEntry(fname='C:\\Program Files\\VEGAS\\VEGAS Pro 18.0\\fonts\\MarkMyWords.otf', name='Mark My Words', style='normal', variant='normal', weight=400, stretch='normal', size='scalable')) = 10.335
[2026-01-02 04:35:36] [DEBUG] findfont: score(FontEntry(fname='C:\\Windows\\Fonts\\simsun.ttc', name='SimSun', style='normal', variant='normal', weight=400, stretch='normal', size='scalable')) = 10.335
[2026-01-02 04:35:36] [DEBUG] findfont: score(FontEntry(fname='C:\\Windows\\Fonts\\BAUHS93.TTF', name='Bauhaus 93', style='normal', variant='normal', weight=400, stretch='normal', size='scalable')) = 10.335
[2026-01-02 04:35:36] [DEBUG] findfont: score(FontEntry(fname='C:\\Windows\\Fonts\\GILLUBCD.TTF', name='Gill Sans Ultra Bold Condensed', style='normal', variant='normal', weight=400, stretch='condensed', size='scalable')) = 10.535
[2026-01-02 04:35:36] [DEBUG] findfont: score(FontEntry(fname='C:\\Windows\\Fonts\\BRLNSDB.TTF', name='Berlin Sans FB Demi', style='normal', variant='normal', weight=700, stretch='normal', size='scalable')) = 10.05
[2026-01-02 04:35:36] [DEBUG] findfont: score(FontEntry(fname='C:\\Windows\\Fonts\\H2GTRM.TTF', name='HYGothic-Medium', style='normal', variant='normal', weight=400, stretch='normal', size='scalable')) = 10.335
[2026-01-02 04:35:36] [DEBUG] findfont: score(FontEntry(fname='C:\\Program Files\\VEGAS\\VEGAS Pro 18.0\\fonts\\Grand_Aventure_Shadow.otf', name='Grand Aventure Shadow', style='normal', variant='normal', weight=400, stretch='normal', size='scalable')) = 10.335
[2026-01-02 04:35:36] [DEBUG] findfont: score(FontEntry(fname='C:\\Windows\\Fonts\\Artifakt Element Bold.ttf', name='Artifakt Element', style='normal', variant='normal', weight=700, stretch='normal', size='scalable')) = 10.05
[2026-01-02 04:35:36] [DEBUG] findfont: score(FontEntry(fname='C:\\Windows\\Fonts\\LeelUIsl.ttf', name='Leelawadee UI', style='normal', variant='normal', weight=350, stretch='normal', size='scalable')) = 10.3825
[2026-01-02 04:35:36] [DEBUG] findfont: score(FontEntry(fname='C:\\Windows\\Fonts\\l_10646.ttf', name='Lucida Sans Unicode', style='normal', variant='normal', weight=400, stretch='normal', size='scalable')) = 10.335
[2026-01-02 04:35:36] [DEBUG] findfont: score(FontEntry(fname='C:\\Windows\\Fonts\\seguisb.ttf', name='Segoe UI', style='normal', variant='normal', weight=600, stretch='normal', size='scalable')) = 10.145
[2026-01-02 04:35:36] [DEBUG] findfont: score(FontEntry(fname='C:\\Windows\\Fonts\\BKANT.TTF', name='Book Antiqua', style='normal', variant='normal', weight=400, stretch='normal', size='scalable')) = 10.335
[2026-01-02 04:35:36] [DEBUG] findfont: score(FontEntry(fname='C:\\Windows\\Fonts\\DejaVuSansMono-Bold_0.ttf', name='DejaVu Sans Mono', style='normal', variant='normal', weight=700, stretch='normal', size='scalable')) = 10.05
[2026-01-02 04:35:36] [DEBUG] findfont: score(FontEntry(fname='C:\\Windows\\Fonts\\Artifakt Element Hair.ttf', name='Artifakt Element', style='normal', variant='normal', weight=100, stretch='normal', size='scalable')) = 10.62
[2026-01-02 04:35:36] [DEBUG] findfont: score(FontEntry(fname='C:\\Windows\\Fonts\\STENCIL.TTF', name='Stencil', style='normal', variant='normal', weight=400, stretch='normal', size='scalable')) = 10.335
[2026-01-02 04:35:36] [DEBUG] findfont: score(FontEntry(fname='C:\\Windows\\Fonts\\corbelb.ttf', name='Corbel', style='normal', variant='normal', weight=700, stretch='normal', size='scalable')) = 10.05
[2026-01-02 04:35:36] [DEBUG] findfont: score(FontEntry(fname='C:\\Windows\\Fonts\\ebrimabd.ttf', name='Ebrima', style='normal', variant='normal', weight=700, stretch='normal', size='scalable')) = 10.05
[2026-01-02 04:35:36] [DEBUG] findfont: score(FontEntry(fname='C:\\Windows\\Fonts\\bahnschrift.ttf', name='Bahnschrift', style='normal', variant='normal', weight=400, stretch='normal', size='scalable')) = 10.335
[2026-01-02 04:35:36] [DEBUG] findfont: score(FontEntry(fname='C:\\Windows\\Fonts\\Hancom Gothic Regular.ttf', name='Hancom Gothic', style='normal', variant='normal', weight=400, stretch='normal', size='scalable')) = 10.335
[2026-01-02 04:35:36] [DEBUG] findfont: score(FontEntry(fname='C:\\Windows\\Fonts\\CALIFR.TTF', name='Californian FB', style='normal', variant='normal', weight=400, stretch='normal', size='scalable')) = 10.335
[2026-01-02 04:35:36] [DEBUG] findfont: score(FontEntry(fname='C:\\Windows\\Fonts\\FELIXTI.TTF', name='Felix Titling', style='normal', variant='normal', weight=400, stretch='normal', size='scalable')) = 10.335
[2026-01-02 04:35:36] [DEBUG] findfont: score(FontEntry(fname='C:\\Windows\\Fonts\\compi.ttf', name='CommercialPi BT', style='normal', variant='normal', weight=400, stretch='normal', size='scalable')) = 10.335
[2026-01-02 04:35:36] [DEBUG] findfont: score(FontEntry(fname='C:\\Windows\\Fonts\\ntailu.ttf', name='Microsoft New Tai Lue', style='normal', variant='normal', weight=400, stretch='normal', size='scalable')) = 10.335
[2026-01-02 04:35:36] [DEBUG] findfont: score(FontEntry(fname='C:\\Windows\\Fonts\\calibril.ttf', name='Calibri', style='normal', variant='normal', weight=300, stretch='normal', size='scalable')) = 10.43
[2026-01-02 04:35:36] [DEBUG] findfont: score(FontEntry(fname='C:\\Windows\\Fonts\\swisscbo.ttf', name='Swis721 BdCnOul BT', style='normal', variant='normal', weight=400, stretch='condensed', size='scalable')) = 10.535
[2026-01-02 04:35:36] [DEBUG] findfont: score(FontEntry(fname='C:\\Windows\\Fonts\\ntailub.ttf', name='Microsoft New Tai Lue', style='normal', variant='normal', weight=700, stretch='normal', size='scalable')) = 10.05
[2026-01-02 04:35:36] [DEBUG] findfont: score(FontEntry(fname='C:\\Windows\\Fonts\\romans__.ttf', name='RomanS', style='normal', variant='normal', weight=400, stretch='normal', size='scalable')) = 10.335
[2026-01-02 04:35:36] [DEBUG] findfont: score(FontEntry(fname='C:\\Windows\\Fonts\\LTYPEO.TTF', name='Lucida Sans Typewriter', style='oblique', variant='normal', weight=400, stretch='normal', size='scalable')) = 11.335
[2026-01-02 04:35:36] [DEBUG] findfont: score(FontEntry(fname='C:\\Windows\\Fonts\\H2GSRB.TTF', name='HYGungSo-Bold', style='normal', variant='normal', weight=400, stretch='normal', size='scalable')) = 10.335
[2026-01-02 04:35:36] [DEBUG] findfont: score(FontEntry(fname='C:\\Windows\\Fonts\\yumindb.ttf', name='Yu Mincho', style='normal', variant='normal', weight=600, stretch='normal', size='scalable')) = 10.145
[2026-01-02 04:35:36] [DEBUG] findfont: score(FontEntry(fname='C:\\Windows\\Fonts\\monosb.ttf', name='Monospac821 BT', style='normal', variant='normal', weight=700, stretch='normal', size='scalable')) = 10.05
[2026-01-02 04:35:36] [DEBUG] findfont: score(FontEntry(fname='C:\\Program Files\\VEGAS\\VEGAS Pro 18.0\\fonts\\Grand_Aventure.otf', name='Grand Aventure', style='normal', variant='normal', weight=400, stretch='normal', size='scalable')) = 10.335
[2026-01-02 04:35:36] [DEBUG] findfont: score(FontEntry(fname='C:\\Windows\\Fonts\\HMFMMUEX.TTC', name='MoeumT R', style='normal', variant='normal', weight=400, stretch='normal', size='scalable')) = 10.335
[2026-01-02 04:35:36] [DEBUG] findfont: score(FontEntry(fname='C:\\Windows\\Fonts\\comsc.ttf', name='CommercialScript BT', style='normal', variant='normal', weight=400, stretch='normal', size='scalable')) = 10.335
[2026-01-02 04:35:36] [DEBUG] findfont: score(FontEntry(fname='C:\\Windows\\Fonts\\NanumBrush.ttf', name='Nanum Brush Script', style='normal', variant='normal', weight=400, stretch='normal', size='scalable')) = 10.335
[2026-01-02 04:35:36] [DEBUG] findfont: score(FontEntry(fname='C:\\Program Files\\VEGAS\\VEGAS Pro 18.0\\fonts\\The Perfect Christmas.otf', name='The Perfect Christmas', style='normal', variant='normal', weight=400, stretch='normal', size='scalable')) = 10.335
[2026-01-02 04:35:36] [DEBUG] findfont: score(FontEntry(fname='C:\\Program Files\\VEGAS\\VEGAS Pro 18.0\\fonts\\SilverCharm.otf', name='Silver Charm', style='normal', variant='normal', weight=400, stretch='normal', size='scalable')) = 10.335
[2026-01-02 04:35:36] [DEBUG] findfont: score(FontEntry(fname='C:\\Windows\\Fonts\\Artifakt Element Heavy Italic.ttf', name='Artifakt Element', style='italic', variant='normal', weight=900, stretch='normal', size='scalable')) = 11.24
[2026-01-02 04:35:36] [DEBUG] findfont: score(FontEntry(fname='C:\\Windows\\Fonts\\Artifakt Element Italic.ttf', name='Artifakt Element', style='italic', variant='normal', weight=400, stretch='normal', size='scalable')) = 11.335
[2026-01-02 04:35:36] [DEBUG] findfont: score(FontEntry(fname='C:\\Windows\\Fonts\\Artifakt Element Heavy.ttf', name='Artifakt Element', style='normal', variant='normal', weight=900, stretch='normal', size='scalable')) = 10.24
[2026-01-02 04:35:36] [DEBUG] findfont: score(FontEntry(fname='C:\\Windows\\Fonts\\mtproxy4.ttf', name='Proxy 4', style='normal', variant='normal', weight=400, stretch='normal', size='scalable')) = 10.335
[2026-01-02 04:35:36] [DEBUG] findfont: score(FontEntry(fname='C:\\Windows\\Fonts\\swisse.ttf', name='Swis721 Ex BT', style='normal', variant='normal', weight=400, stretch='expanded', size='scalable')) = 10.535
[2026-01-02 04:35:36] [DEBUG] findfont: score(FontEntry(fname='C:\\Windows\\Fonts\\gadugib.ttf', name='Gadugi', style='normal', variant='normal', weight=700, stretch='normal', size='scalable')) = 10.05
[2026-01-02 04:35:36] [DEBUG] findfont: score(FontEntry(fname='C:\\Windows\\Fonts\\LFAX.TTF', name='Lucida Fax', style='normal', variant='normal', weight=400, stretch='normal', size='scalable')) = 10.335
[2026-01-02 04:35:36] [DEBUG] findfont: score(FontEntry(fname='C:\\Windows\\Fonts\\KUNSTLER.TTF', name='Kunstler Script', style='normal', variant='normal', weight=400, stretch='normal', size='scalable')) = 10.335
[2026-01-02 04:35:36] [DEBUG] findfont: score(FontEntry(fname='C:\\Windows\\Fonts\\msyi.ttf', name='Microsoft Yi Baiti', style='normal', variant='normal', weight=400, stretch='normal', size='scalable')) = 10.335
[2026-01-02 04:35:36] [DEBUG] findfont: score(FontEntry(fname='C:\\Windows\\Fonts\\romanc__.ttf', name='RomanC', style='normal', variant='normal', weight=400, stretch='normal', size='scalable')) = 10.335
[2026-01-02 04:35:36] [DEBUG] findfont: score(FontEntry(fname='C:\\Windows\\Fonts\\trebucbi.ttf', name='Trebuchet MS', style='italic', variant='normal', weight=700, stretch='normal', size='scalable')) = 11.05
[2026-01-02 04:35:36] [DEBUG] findfont: score(FontEntry(fname='C:\\Windows\\Fonts\\POORICH.TTF', name='Poor Richard', style='normal', variant='normal', weight=400, stretch='normal', size='scalable')) = 10.335
[2026-01-02 04:35:36] [DEBUG] findfont: score(FontEntry(fname='C:\\Windows\\Fonts\\Artifakt Element Thin.ttf', name='Artifakt Element', style='normal', variant='normal', weight=200, stretch='normal', size='scalable')) = 10.525
[2026-01-02 04:35:36] [DEBUG] findfont: score(FontEntry(fname='C:\\Windows\\Fonts\\OCRAEXT.TTF', name='OCR A Extended', style='normal', variant='normal', weight=400, stretch='expanded', size='scalable')) = 10.535
[2026-01-02 04:35:36] [DEBUG] findfont: score(FontEntry(fname='C:\\Windows\\Fonts\\CHILLER.TTF', name='Chiller', style='normal', variant='normal', weight=400, stretch='normal', size='scalable')) = 10.335
[2026-01-02 04:35:36] [DEBUG] findfont: score(FontEntry(fname='C:\\Windows\\Fonts\\romai___.ttf', name='Romantic', style='italic', variant='normal', weight=400, stretch='normal', size='scalable')) = 11.335
[2026-01-02 04:35:36] [DEBUG] findfont: score(FontEntry(fname='C:\\Windows\\Fonts\\FTLTLT.TTF', name='Footlight MT Light', style='normal', variant='normal', weight=300, stretch='normal', size='scalable')) = 10.43
[2026-01-02 04:35:36] [DEBUG] findfont: score(FontEntry(fname='C:\\Windows\\Fonts\\greekc__.ttf', name='GreekC', style='normal', variant='normal', weight=400, stretch='normal', size='scalable')) = 10.335
[2026-01-02 04:35:36] [DEBUG] findfont: score(FontEntry(fname='C:\\Windows\\Fonts\\HancomHoonminjeongeumH.ttf', name='Hancom Hoonminjeongeum_H', style='normal', variant='normal', weight=400, stretch='normal', size='scalable')) = 10.335
[2026-01-02 04:35:36] [DEBUG] findfont: score(FontEntry(fname='C:\\Windows\\Fonts\\greeks__.ttf', name='GreekS', style='normal', variant='normal', weight=400, stretch='normal', size='scalable')) = 10.335
[2026-01-02 04:35:36] [DEBUG] findfont: score(FontEntry(fname='C:\\Windows\\Fonts\\NanumSquareRoundL.ttf', name='NanumSquareRound', style='normal', variant='normal', weight=300, stretch='normal', size='scalable')) = 10.43
[2026-01-02 04:35:36] [DEBUG] findfont: score(FontEntry(fname='C:\\Windows\\Fonts\\BRUSHSCI.TTF', name='Brush Script MT', style='italic', variant='normal', weight=400, stretch='normal', size='scalable')) = 11.335
[2026-01-02 04:35:36] [DEBUG] findfont: score(FontEntry(fname='C:\\Windows\\Fonts\\supef___.ttf', name='SuperFrench', style='normal', variant='normal', weight=400, stretch='normal', size='scalable')) = 10.335
[2026-01-02 04:35:36] [DEBUG] findfont: score(FontEntry(fname='C:\\Windows\\Fonts\\MalangmalangB.ttf', name='Hancom MalangMalang', style='normal', variant='normal', weight=700, stretch='normal', size='scalable')) = 10.05
[2026-01-02 04:35:36] [DEBUG] findfont: score(FontEntry(fname='C:\\Windows\\Fonts\\JOKERMAN.TTF', name='Jokerman', style='normal', variant='normal', weight=400, stretch='normal', size='scalable')) = 10.335
[2026-01-02 04:35:36] [DEBUG] findfont: score(FontEntry(fname='C:\\Windows\\Fonts\\H2SA1M.TTF', name='HYShortSamul-Medium', style='normal', variant='normal', weight=400, stretch='normal', size='scalable')) = 10.335
[2026-01-02 04:35:36] [DEBUG] findfont: score(FontEntry(fname='C:\\Windows\\Fonts\\Artifakt Element Book.ttf', name='Artifakt Element', style='normal', variant='normal', weight=450, stretch='normal', size='scalable')) = 10.2875
[2026-01-02 04:35:36] [DEBUG] findfont: score(FontEntry(fname='C:\\Windows\\Fonts\\lucon.ttf', name='Lucida Console', style='normal', variant='normal', weight=400, stretch='normal', size='scalable')) = 10.335
[2026-01-02 04:35:36] [DEBUG] findfont: score(FontEntry(fname='C:\\Windows\\Fonts\\HANDotumExt.ttf', name='HCR Dotum Ext', style='normal', variant='normal', weight=400, stretch='normal', size='scalable')) = 10.335
[2026-01-02 04:35:36] [DEBUG] findfont: score(FontEntry(fname='C:\\Windows\\Fonts\\UDDigiKyokashoN-R.ttc', name='UD Digi Kyokasho N-R', style='normal', variant='normal', weight=400, stretch='normal', size='scalable')) = 10.335
[2026-01-02 04:35:36] [DEBUG] findfont: score(FontEntry(fname='C:\\Windows\\Fonts\\symbol.ttf', name='Symbol', style='normal', variant='normal', weight=400, stretch='normal', size='scalable')) = 10.335
[2026-01-02 04:35:36] [DEBUG] findfont: score(FontEntry(fname='C:\\Windows\\Fonts\\technic_.ttf', name='Technic', style='normal', variant='normal', weight=400, stretch='normal', size='scalable')) = 10.335
[2026-01-02 04:35:36] [DEBUG] findfont: score(FontEntry(fname='C:\\Windows\\Fonts\\NirmalaS.ttf', name='Nirmala UI', style='normal', variant='normal', weight=350, stretch='normal', size='scalable')) = 10.3825
[2026-01-02 04:35:36] [DEBUG] findfont: score(FontEntry(fname='C:\\Windows\\Fonts\\holomdl2.ttf', name='HoloLens MDL2 Assets', style='normal', variant='normal', weight=400, stretch='normal', size='scalable')) = 10.335
[2026-01-02 04:35:36] [DEBUG] findfont: score(FontEntry(fname='C:\\Windows\\Fonts\\monosi.ttf', name='Monospac821 BT', style='italic', variant='normal', weight=400, stretch='normal', size='scalable')) = 11.335
[2026-01-02 04:35:36] [DEBUG] findfont: score(FontEntry(fname='C:\\Windows\\Fonts\\H2PORL.TTF', name='HYPost-Light', style='normal', variant='normal', weight=400, stretch='normal', size='scalable')) = 10.335
[2026-01-02 04:35:36] [DEBUG] findfont: score(FontEntry(fname='C:\\Windows\\Fonts\\seguibli.ttf', name='Segoe UI', style='italic', variant='normal', weight=900, stretch='normal', size='scalable')) = 11.24
[2026-01-02 04:35:36] [DEBUG] findfont: score(FontEntry(fname='C:\\Windows\\Fonts\\phagspa.ttf', name='Microsoft PhagsPa', style='normal', variant='normal', weight=400, stretch='normal', size='scalable')) = 10.335
[2026-01-02 04:35:36] [DEBUG] findfont: score(FontEntry(fname='C:\\Windows\\Fonts\\isoct3__.ttf', name='ISOCT3', style='normal', variant='normal', weight=400, stretch='normal', size='scalable')) = 10.335
[2026-01-02 04:35:36] [DEBUG] findfont: score(FontEntry(fname='C:\\Windows\\Fonts\\CENTURY.TTF', name='Century', style='normal', variant='normal', weight=400, stretch='normal', size='scalable')) = 10.335
[2026-01-02 04:35:36] [DEBUG] findfont: score(FontEntry(fname='C:\\Program Files\\VEGAS\\VEGAS Pro 18.0\\fonts\\hotel_de_paris.otf', name='Hotel De Paris', style='normal', variant='normal', weight=400, stretch='normal', size='scalable')) = 10.335
[2026-01-02 04:35:36] [DEBUG] findfont: score(FontEntry(fname='C:\\Windows\\Fonts\\Candarai.ttf', name='Candara', style='italic', variant='normal', weight=400, stretch='normal', size='scalable')) = 11.335
[2026-01-02 04:35:36] [DEBUG] findfont: score(FontEntry(fname='C:\\Windows\\Fonts\\DUBAI-REGULAR.TTF', name='Dubai', style='normal', variant='normal', weight=400, stretch='normal', size='scalable')) = 10.335
[2026-01-02 04:35:36] [DEBUG] findfont: score(FontEntry(fname='C:\\Windows\\Fonts\\Artifakt Element Bold Italic.ttf', name='Artifakt Element', style='italic', variant='normal', weight=700, stretch='normal', size='scalable')) = 11.05
[2026-01-02 04:35:36] [DEBUG] findfont: score(FontEntry(fname='C:\\Windows\\Fonts\\LSANS.TTF', name='Lucida Sans', style='normal', variant='normal', weight=400, stretch='normal', size='scalable')) = 10.335
[2026-01-02 04:35:36] [DEBUG] findfont: score(FontEntry(fname='C:\\Windows\\Fonts\\LTYPE.TTF', name='Lucida Sans Typewriter', style='normal', variant='normal', weight=400, stretch='normal', size='scalable')) = 10.335
[2026-01-02 04:35:36] [DEBUG] findfont: score(FontEntry(fname='C:\\Windows\\Fonts\\ALGER.TTF', name='Algerian', style='normal', variant='normal', weight=400, stretch='normal', size='scalable')) = 10.335
[2026-01-02 04:35:36] [DEBUG] findfont: score(FontEntry(fname='C:\\Windows\\Fonts\\LeelaUIb.ttf', name='Leelawadee UI', style='normal', variant='normal', weight=700, stretch='normal', size='scalable')) = 10.05
[2026-01-02 04:35:36] [DEBUG] findfont: score(FontEntry(fname='C:\\Windows\\Fonts\\LBRITE.TTF', name='Lucida Bright', style='normal', variant='normal', weight=400, stretch='normal', size='scalable')) = 10.335
[2026-01-02 04:35:36] [DEBUG] findfont: score(FontEntry(fname='C:\\Windows\\Fonts\\cambria.ttc', name='Cambria', style='normal', variant='normal', weight=400, stretch='normal', size='scalable')) = 10.335
[2026-01-02 04:35:36] [DEBUG] findfont: score(FontEntry(fname='C:\\Windows\\Fonts\\ebrima.ttf', name='Ebrima', style='normal', variant='normal', weight=400, stretch='normal', size='scalable')) = 10.335
[2026-01-02 04:35:36] [DEBUG] findfont: score(FontEntry(fname='C:\\Windows\\Fonts\\dutchi.ttf', name='Dutch801 Rm BT', style='italic', variant='normal', weight=400, stretch='normal', size='scalable')) = 11.335
[2026-01-02 04:35:36] [DEBUG] findfont: score(FontEntry(fname='C:\\Windows\\Fonts\\Hancom Gothic Bold.ttf', name='Hancom Gothic', style='normal', variant='normal', weight=700, stretch='normal', size='scalable')) = 10.05
[2026-01-02 04:35:36] [DEBUG] findfont: score(FontEntry(fname='C:\\Windows\\Fonts\\ARLRDBD.TTF', name='Arial Rounded MT Bold', style='normal', variant='normal', weight=400, stretch='normal', size='scalable')) = 10.335
[2026-01-02 04:35:36] [DEBUG] findfont: score(FontEntry(fname='C:\\Windows\\Fonts\\seguisli.ttf', name='Segoe UI', style='italic', variant='normal', weight=350, stretch='normal', size='scalable')) = 11.3825
[2026-01-02 04:35:36] [DEBUG] findfont: score(FontEntry(fname='C:\\Windows\\Fonts\\swissbo.ttf', name='Swis721 BdOul BT', style='normal', variant='normal', weight=400, stretch='normal', size='scalable')) = 10.335
[2026-01-02 04:35:36] [DEBUG] findfont: score(FontEntry(fname='C:\\Windows\\Fonts\\isocp3__.ttf', name='ISOCP3', style='normal', variant='normal', weight=400, stretch='normal', size='scalable')) = 10.335
[2026-01-02 04:35:36] [DEBUG] findfont: score(FontEntry(fname='C:\\Program Files\\VEGAS\\VEGAS Pro 18.0\\fonts\\Thinking_of_Betty_Light.otf', name='Thinking Of Betty Light', style='normal', variant='normal', weight=400, stretch='normal', size='scalable')) = 10.335
[2026-01-02 04:35:36] [DEBUG] findfont: score(FontEntry(fname='C:\\Program Files\\VEGAS\\VEGAS Pro 18.0\\fonts\\Broadcast_Matter.otf', name='Broadcast Matter', style='normal', variant='normal', weight=400, stretch='normal', size='scalable')) = 10.335
[2026-01-02 04:35:36] [DEBUG] findfont: score(FontEntry(fname='C:\\Windows\\Fonts\\LeelawUI.ttf', name='Leelawadee UI', style='normal', variant='normal', weight=400, stretch='normal', size='scalable')) = 10.335
[2026-01-02 04:35:36] [DEBUG] findfont: score(FontEntry(fname='C:\\Windows\\Fonts\\ITCEDSCR.TTF', name='Edwardian Script ITC', style='normal', variant='normal', weight=400, stretch='normal', size='scalable')) = 10.335
[2026-01-02 04:35:36] [DEBUG] findfont: score(FontEntry(fname='C:\\Windows\\Fonts\\BELL.TTF', name='Bell MT', style='normal', variant='normal', weight=400, stretch='normal', size='scalable')) = 10.335
[2026-01-02 04:35:36] [DEBUG] findfont: score(FontEntry(fname='C:\\Windows\\Fonts\\ARIALN.TTF', name='Arial', style='normal', variant='normal', weight=400, stretch='condensed', size='scalable')) = 10.535
[2026-01-02 04:35:36] [DEBUG] findfont: score(FontEntry(fname='C:\\Windows\\Fonts\\NanumSquareRoundEB.ttf', name='NanumSquareRound', style='normal', variant='normal', weight=800, stretch='normal', size='scalable')) = 10.145
[2026-01-02 04:35:36] [DEBUG] findfont: score(FontEntry(fname='C:\\Windows\\Fonts\\cambriai.ttf', name='Cambria', style='italic', variant='normal', weight=400, stretch='normal', size='scalable')) = 11.335
[2026-01-02 04:35:36] [DEBUG] findfont: score(FontEntry(fname='C:\\Windows\\Fonts\\Candara.ttf', name='Candara', style='normal', variant='normal', weight=400, stretch='normal', size='scalable')) = 10.335
[2026-01-02 04:35:36] [DEBUG] findfont: score(FontEntry(fname='C:\\Windows\\Fonts\\isocp___.ttf', name='ISOCP', style='normal', variant='normal', weight=400, stretch='normal', size='scalable')) = 10.335
[2026-01-02 04:35:36] [DEBUG] findfont: score(FontEntry(fname='C:\\Windows\\Fonts\\YuGothB.ttc', name='Yu Gothic', style='normal', variant='normal', weight=700, stretch='normal', size='scalable')) = 10.05
[2026-01-02 04:35:36] [DEBUG] findfont: score(FontEntry(fname='C:\\Windows\\Fonts\\BSSYM7.TTF', name='Bookshelf Symbol 7', style='normal', variant='normal', weight=400, stretch='normal', size='scalable')) = 10.335
[2026-01-02 04:35:36] [DEBUG] findfont: score(FontEntry(fname='C:\\Windows\\Fonts\\CASTELAR.TTF', name='Castellar', style='normal', variant='normal', weight=400, stretch='normal', size='scalable')) = 10.335
[2026-01-02 04:35:36] [DEBUG] findfont: score(FontEntry(fname='C:\\Windows\\Fonts\\HMKMAMI.TTF', name='Ami R', style='normal', variant='normal', weight=400, stretch='normal', size='scalable')) = 10.335
[2026-01-02 04:35:36] [DEBUG] findfont: score(FontEntry(fname='C:\\Windows\\Fonts\\swisscki.ttf', name='Swis721 BlkCn BT', style='italic', variant='normal', weight=400, stretch='condensed', size='scalable')) = 11.535
[2026-01-02 04:35:36] [DEBUG] findfont: score(FontEntry(fname='C:\\Windows\\Fonts\\TCM_____.TTF', name='Tw Cen MT', style='normal', variant='normal', weight=400, stretch='normal', size='scalable')) = 10.335
[2026-01-02 04:35:36] [DEBUG] findfont: score(FontEntry(fname='C:\\Windows\\Fonts\\segoeprb.ttf', name='Segoe Print', style='normal', variant='normal', weight=700, stretch='normal', size='scalable')) = 10.05
[2026-01-02 04:35:36] [DEBUG] findfont: score(FontEntry(fname='C:\\Windows\\Fonts\\phagspab.ttf', name='Microsoft PhagsPa', style='normal', variant='normal', weight=700, stretch='normal', size='scalable')) = 10.05
[2026-01-02 04:35:36] [DEBUG] findfont: score(FontEntry(fname='C:\\Windows\\Fonts\\comic.ttf', name='Comic Sans MS', style='normal', variant='normal', weight=400, stretch='normal', size='scalable')) = 10.335
[2026-01-02 04:35:36] [DEBUG] findfont: score(FontEntry(fname='C:\\Windows\\Fonts\\sanssb__.ttf', name='SansSerif', style='normal', variant='normal', weight=700, stretch='normal', size='scalable')) = 10.05
[2026-01-02 04:35:36] [DEBUG] findfont: score(FontEntry(fname='C:\\Windows\\Fonts\\monos.ttf', name='Monospac821 BT', style='normal', variant='normal', weight=400, stretch='normal', size='scalable')) = 10.335
[2026-01-02 04:35:36] [DEBUG] findfont: score(FontEntry(fname='C:\\Windows\\Fonts\\HANBatangExt.ttf', name='HCR Batang Ext', style='normal', variant='normal', weight=400, stretch='normal', size='scalable')) = 10.335
[2026-01-02 04:35:36] [DEBUG] findfont: score(FontEntry(fname='C:\\Windows\\Fonts\\SCHLBKB.TTF', name='Century Schoolbook', style='normal', variant='normal', weight=700, stretch='normal', size='scalable')) = 10.05
[2026-01-02 04:35:36] [DEBUG] findfont: score(FontEntry(fname='C:\\Windows\\Fonts\\malgun.ttf', name='Malgun Gothic', style='normal', variant='normal', weight=400, stretch='normal', size='scalable')) = 0.33499999999999996
[2026-01-02 04:35:36] [DEBUG] findfont: score(FontEntry(fname='C:\\Windows\\Fonts\\consola.ttf', name='Consolas', style='normal', variant='normal', weight=400, stretch='normal', size='scalable')) = 10.335
[2026-01-02 04:35:36] [DEBUG] findfont: score(FontEntry(fname='C:\\Windows\\Fonts\\CALISTBI.TTF', name='Calisto MT', style='italic', variant='normal', weight=700, stretch='normal', size='scalable')) = 11.05
[2026-01-02 04:35:36] [DEBUG] findfont: score(FontEntry(fname='C:\\Windows\\Fonts\\monbaiti.ttf', name='Mongolian Baiti', style='normal', variant='normal', weight=400, stretch='normal', size='scalable')) = 10.335
[2026-01-02 04:35:36] [DEBUG] findfont: score(FontEntry(fname='C:\\Windows\\Fonts\\BOD_BLAI.TTF', name='Bodoni MT', style='italic', variant='normal', weight=900, stretch='normal', size='scalable')) = 11.24
[2026-01-02 04:35:36] [DEBUG] findfont: score(FontEntry(fname='C:\\Windows\\Fonts\\GOUDOSB.TTF', name='Goudy Old Style', style='normal', variant='normal', weight=700, stretch='normal', size='scalable')) = 10.05
[2026-01-02 04:35:36] [DEBUG] findfont: score(FontEntry(fname='C:\\Windows\\Fonts\\LFAXI.TTF', name='Lucida Fax', style='italic', variant='normal', weight=400, stretch='normal', size='scalable')) = 11.335
[2026-01-02 04:35:36] [DEBUG] findfont: score(FontEntry(fname='C:\\Windows\\Fonts\\NanumSquareRoundB.ttf', name='NanumSquareRound', style='normal', variant='normal', weight=700, stretch='normal', size='scalable')) = 10.05
[2026-01-02 04:35:36] [DEBUG] findfont: score(FontEntry(fname='C:\\Windows\\Fonts\\COLONNA.TTF', name='Colonna MT', style='normal', variant='normal', weight=400, stretch='normal', size='scalable')) = 10.335
[2026-01-02 04:35:36] [DEBUG] findfont: score(FontEntry(fname='C:\\Windows\\Fonts\\ELEPHNTI.TTF', name='Elephant', style='italic', variant='normal', weight=400, stretch='normal', size='scalable')) = 11.335
[2026-01-02 04:35:36] [DEBUG] findfont: score(FontEntry(fname='C:\\Windows\\Fonts\\GOUDOS.TTF', name='Goudy Old Style', style='normal', variant='normal', weight=400, stretch='normal', size='scalable')) = 10.335
[2026-01-02 04:35:36] [DEBUG] findfont: score(FontEntry(fname='C:\\Program Files\\VEGAS\\VEGAS Pro 18.0\\fonts\\work_in_progress.otf', name='Work In Progress', style='normal', variant='normal', weight=400, stretch='normal', size='scalable')) = 10.335
[2026-01-02 04:35:36] [DEBUG] findfont: score(FontEntry(fname='C:\\Windows\\Fonts\\cityb___.ttf', name='CityBlueprint', style='normal', variant='normal', weight=400, stretch='normal', size='scalable')) = 10.335
[2026-01-02 04:35:36] [DEBUG] findfont: score(FontEntry(fname='C:\\Windows\\Fonts\\segoeuii.ttf', name='Segoe UI', style='italic', variant='normal', weight=400, stretch='normal', size='scalable')) = 11.335
[2026-01-02 04:35:36] [DEBUG] findfont: score(FontEntry(fname='C:\\Windows\\Fonts\\NIAGSOL.TTF', name='Niagara Solid', style='normal', variant='normal', weight=400, stretch='normal', size='scalable')) = 10.335
[2026-01-02 04:35:36] [DEBUG] findfont: score(FontEntry(fname='C:\\Windows\\Fonts\\LATINWD.TTF', name='Wide Latin', style='normal', variant='normal', weight=400, stretch='expanded', size='scalable')) = 10.535
[2026-01-02 04:35:36] [DEBUG] findfont: score(FontEntry(fname='C:\\Windows\\Fonts\\NanumBarunpenR.ttf', name='NanumBarunpen', style='normal', variant='normal', weight=400, stretch='normal', size='scalable')) = 10.335
[2026-01-02 04:35:36] [DEBUG] findfont: score(FontEntry(fname='C:\\Windows\\Fonts\\mingliub.ttc', name='MingLiU-ExtB', style='normal', variant='normal', weight=400, stretch='normal', size='scalable')) = 10.335
[2026-01-02 04:35:36] [DEBUG] findfont: score(FontEntry(fname='C:\\Windows\\Fonts\\yuminl.ttf', name='Yu Mincho', style='normal', variant='normal', weight=300, stretch='normal', size='scalable')) = 10.43
[2026-01-02 04:35:36] [DEBUG] findfont: score(FontEntry(fname='C:\\Windows\\Fonts\\meiryo.ttc', name='Meiryo', style='normal', variant='normal', weight=400, stretch='normal', size='scalable')) = 10.335
[2026-01-02 04:35:36] [DEBUG] findfont: score(FontEntry(fname='C:\\Windows\\Fonts\\simplex_.ttf', name='Simplex', style='normal', variant='normal', weight=400, stretch='normal', size='scalable')) = 10.335
[2026-01-02 04:35:36] [DEBUG] findfont: score(FontEntry(fname='C:\\Windows\\Fonts\\symath__.ttf', name='Symath', style='normal', variant='normal', weight=400, stretch='normal', size='scalable')) = 10.335
[2026-01-02 04:35:36] [DEBUG] findfont: score(FontEntry(fname='C:\\Windows\\Fonts\\italict_.ttf', name='ItalicT', style='italic', variant='normal', weight=400, stretch='normal', size='scalable')) = 11.335
[2026-01-02 04:35:36] [DEBUG] findfont: score(FontEntry(fname='C:\\Windows\\Fonts\\CALIFI.TTF', name='Californian FB', style='italic', variant='normal', weight=400, stretch='normal', size='scalable')) = 11.335
[2026-01-02 04:35:36] [DEBUG] findfont: score(FontEntry(fname='C:\\Windows\\Fonts\\verdanaz.ttf', name='Verdana', style='italic', variant='normal', weight=700, stretch='normal', size='scalable')) = 11.05
[2026-01-02 04:35:36] [DEBUG] findfont: score(FontEntry(fname='C:\\Windows\\Fonts\\LSANSI.TTF', name='Lucida Sans', style='italic', variant='normal', weight=400, stretch='normal', size='scalable')) = 11.335
[2026-01-02 04:35:36] [DEBUG] findfont: score(FontEntry(fname='C:\\Windows\\Fonts\\framd.ttf', name='Franklin Gothic Medium', style='normal', variant='normal', weight=400, stretch='normal', size='scalable')) = 10.335
[2026-01-02 04:35:36] [DEBUG] findfont: score(FontEntry(fname='C:\\Windows\\Fonts\\BELLI.TTF', name='Bell MT', style='italic', variant='normal', weight=400, stretch='normal', size='scalable')) = 11.335
[2026-01-02 04:35:36] [DEBUG] findfont: score(FontEntry(fname='C:\\Windows\\Fonts\\MAGNETOB.TTF', name='Magneto', style='normal', variant='normal', weight=700, stretch='normal', size='scalable')) = 10.05
[2026-01-02 04:35:36] [DEBUG] findfont: score(FontEntry(fname='C:\\Windows\\Fonts\\CENSCBK.TTF', name='Century Schoolbook', style='normal', variant='normal', weight=400, stretch='normal', size='scalable')) = 10.335
[2026-01-02 04:35:36] [DEBUG] findfont: score(FontEntry(fname='C:\\Windows\\Fonts\\DUBAI-MEDIUM.TTF', name='Dubai', style='normal', variant='normal', weight=500, stretch='normal', size='scalable')) = 10.24
[2026-01-02 04:35:36] [DEBUG] findfont: score(FontEntry(fname='C:\\Windows\\Fonts\\H2GTRE.TTF', name='HYGothic-Extra', style='normal', variant='normal', weight=400, stretch='normal', size='scalable')) = 10.335
[2026-01-02 04:35:36] [DEBUG] findfont: score(FontEntry(fname='C:\\Windows\\Fonts\\segoeuib.ttf', name='Segoe UI', style='normal', variant='normal', weight=700, stretch='normal', size='scalable')) = 10.05
[2026-01-02 04:35:36] [DEBUG] findfont: score(FontEntry(fname='C:\\Windows\\Fonts\\FRAHVIT.TTF', name='Franklin Gothic Heavy', style='italic', variant='normal', weight=400, stretch='normal', size='scalable')) = 11.335
[2026-01-02 04:35:36] [DEBUG] findfont: score(FontEntry(fname='C:\\Windows\\Fonts\\LHANDW.TTF', name='Lucida Handwriting', style='italic', variant='normal', weight=400, stretch='normal', size='scalable')) = 11.335
[2026-01-02 04:35:36] [DEBUG] findfont: score(FontEntry(fname='C:\\Windows\\Fonts\\TCCB____.TTF', name='Tw Cen MT Condensed', style='normal', variant='normal', weight=700, stretch='condensed', size='scalable')) = 10.25
[2026-01-02 04:35:36] [DEBUG] findfont: score(FontEntry(fname='C:\\Windows\\Fonts\\verdanai.ttf', name='Verdana', style='italic', variant='normal', weight=400, stretch='normal', size='scalable')) = 11.335
[2026-01-02 04:35:36] [DEBUG] findfont: score(FontEntry(fname='C:\\Windows\\Fonts\\romantic.ttf', name='Romantic', style='normal', variant='normal', weight=400, stretch='normal', size='scalable')) = 10.335
[2026-01-02 04:35:36] [DEBUG] findfont: score(FontEntry(fname='C:\\Windows\\Fonts\\MOD20.TTF', name='Modern No. 20', style='normal', variant='normal', weight=400, stretch='normal', size='scalable')) = 10.335
[2026-01-02 04:35:36] [DEBUG] findfont: score(FontEntry(fname='C:\\Windows\\Fonts\\BIZ-UDGothicB.ttc', name='BIZ UDGothic', style='normal', variant='normal', weight=700, stretch='normal', size='scalable')) = 10.05
[2026-01-02 04:35:36] [DEBUG] findfont: score(FontEntry(fname='C:\\Windows\\Fonts\\ENGR.TTF', name='Engravers MT', style='normal', variant='normal', weight=500, stretch='normal', size='scalable')) = 10.24
[2026-01-02 04:35:36] [DEBUG] findfont: score(FontEntry(fname='C:\\Windows\\Fonts\\GILBI___.TTF', name='Gill Sans MT', style='italic', variant='normal', weight=700, stretch='normal', size='scalable')) = 11.05
[2026-01-02 04:35:36] [DEBUG] findfont: score(FontEntry(fname='C:\\Windows\\Fonts\\techb___.ttf', name='TechnicBold', style='normal', variant='normal', weight=400, stretch='normal', size='scalable')) = 10.335
[2026-01-02 04:35:36] [DEBUG] findfont: score(FontEntry(fname='C:\\Windows\\Fonts\\FRSCRIPT.TTF', name='French Script MT', style='normal', variant='normal', weight=400, stretch='normal', size='scalable')) = 10.335
[2026-01-02 04:35:36] [DEBUG] findfont: score(FontEntry(fname='C:\\Windows\\Fonts\\SitkaB.ttc', name='Sitka Small', style='normal', variant='normal', weight=700, stretch='normal', size='scalable')) = 10.05
[2026-01-02 04:35:36] [DEBUG] findfont: score(FontEntry(fname='C:\\Windows\\Fonts\\LFAXD.TTF', name='Lucida Fax', style='normal', variant='normal', weight=600, stretch='normal', size='scalable')) = 10.145
[2026-01-02 04:35:36] [DEBUG] findfont: score(FontEntry(fname='C:\\Windows\\Fonts\\NotoSansJP-VF.ttf', name='Noto Sans JP', style='normal', variant='normal', weight=100, stretch='normal', size='scalable')) = 10.62
[2026-01-02 04:35:36] [DEBUG] findfont: score(FontEntry(fname='C:\\Windows\\Fonts\\LSANSD.TTF', name='Lucida Sans', style='normal', variant='normal', weight=600, stretch='normal', size='scalable')) = 10.145
[2026-01-02 04:35:36] [DEBUG] findfont: score(FontEntry(fname='C:\\Windows\\Fonts\\mtproxy1.ttf', name='Proxy 1', style='normal', variant='normal', weight=400, stretch='normal', size='scalable')) = 10.335
[2026-01-02 04:35:36] [DEBUG] findfont: score(FontEntry(fname='C:\\Windows\\Fonts\\isocpeui.ttf', name='ISOCPEUR', style='italic', variant='normal', weight=400, stretch='normal', size='scalable')) = 11.335
[2026-01-02 04:35:36] [DEBUG] findfont: score(FontEntry(fname='C:\\Windows\\Fonts\\seguisbi.ttf', name='Segoe UI', style='italic', variant='normal', weight=600, stretch='normal', size='scalable')) = 11.145
[2026-01-02 04:35:36] [DEBUG] findfont: score(FontEntry(fname='C:\\Windows\\Fonts\\calibri.ttf', name='Calibri', style='normal', variant='normal', weight=400, stretch='normal', size='scalable')) = 10.335
[2026-01-02 04:35:36] [DEBUG] findfont: score(FontEntry(fname='C:\\Windows\\Fonts\\ERASMD.TTF', name='Eras Medium ITC', style='normal', variant='normal', weight=400, stretch='normal', size='scalable')) = 10.335
[2026-01-02 04:35:36] [DEBUG] findfont: score(FontEntry(fname='C:\\Windows\\Fonts\\PER_____.TTF', name='Perpetua', style='normal', variant='normal', weight=400, stretch='normal', size='scalable')) = 10.335
[2026-01-02 04:35:36] [DEBUG] findfont: score(FontEntry(fname='C:\\Windows\\Fonts\\dutchb.ttf', name='Dutch801 Rm BT', style='normal', variant='normal', weight=700, stretch='normal', size='scalable')) = 10.05
[2026-01-02 04:35:36] [DEBUG] findfont: score(FontEntry(fname='C:\\Windows\\Fonts\\Artifakt Element Medium.ttf', name='Artifakt Element', style='normal', variant='normal', weight=600, stretch='normal', size='scalable')) = 10.145
[2026-01-02 04:35:36] [DEBUG] findfont: score(FontEntry(fname='C:\\Windows\\Fonts\\BOD_B.TTF', name='Bodoni MT', style='normal', variant='normal', weight=700, stretch='normal', size='scalable')) = 10.05
[2026-01-02 04:35:36] [DEBUG] findfont: score(FontEntry(fname='C:\\Windows\\Fonts\\CALISTB.TTF', name='Calisto MT', style='normal', variant='normal', weight=700, stretch='normal', size='scalable')) = 10.05
[2026-01-02 04:35:36] [DEBUG] findfont: score(FontEntry(fname='C:\\Windows\\Fonts\\CALIST.TTF', name='Calisto MT', style='normal', variant='normal', weight=400, stretch='normal', size='scalable')) = 10.335
[2026-01-02 04:35:36] [DEBUG] findfont: score(FontEntry(fname='C:\\Windows\\Fonts\\DUBAI-LIGHT.TTF', name='Dubai', style='normal', variant='normal', weight=300, stretch='normal', size='scalable')) = 10.43
[2026-01-02 04:35:36] [DEBUG] findfont: score(FontEntry(fname='C:\\Windows\\Fonts\\corbel.ttf', name='Corbel', style='normal', variant='normal', weight=400, stretch='normal', size='scalable')) = 10.335
[2026-01-02 04:35:36] [DEBUG] findfont: score(FontEntry(fname='C:\\Windows\\Fonts\\BOD_PSTC.TTF', name='Bodoni MT', style='normal', variant='normal', weight=300, stretch='normal', size='scalable')) = 10.43
[2026-01-02 04:35:36] [DEBUG] findfont: score(FontEntry(fname='C:\\Windows\\Fonts\\FORTE.TTF', name='Forte', style='normal', variant='normal', weight=400, stretch='normal', size='scalable')) = 10.335
[2026-01-02 04:35:36] [DEBUG] findfont: score(FontEntry(fname='C:\\Windows\\Fonts\\HANDotumB.ttf', name='HCR Dotum', style='normal', variant='normal', weight=700, stretch='normal', size='scalable')) = 10.05
[2026-01-02 04:35:36] [DEBUG] findfont: score(FontEntry(fname='C:\\Windows\\Fonts\\LBRITEDI.TTF', name='Lucida Bright', style='italic', variant='normal', weight=600, stretch='normal', size='scalable')) = 11.145
[2026-01-02 04:35:36] [DEBUG] findfont: score(FontEntry(fname='C:\\Windows\\Fonts\\LCALLIG.TTF', name='Lucida Calligraphy', style='italic', variant='normal', weight=400, stretch='normal', size='scalable')) = 11.335
[2026-01-02 04:35:36] [DEBUG] findfont: score(FontEntry(fname='C:\\Windows\\Fonts\\pala.ttf', name='Palatino Linotype', style='normal', variant='normal', weight=400, stretch='normal', size='scalable')) = 10.335
[2026-01-02 04:35:36] [DEBUG] findfont: score(FontEntry(fname='C:\\Windows\\Fonts\\BRITANIC.TTF', name='Britannic Bold', style='normal', variant='normal', weight=400, stretch='normal', size='scalable')) = 10.335
[2026-01-02 04:35:36] [DEBUG] findfont: score(FontEntry(fname='C:\\Windows\\Fonts\\bgothl.ttf', name='BankGothic Lt BT', style='normal', variant='normal', weight=400, stretch='normal', size='scalable')) = 10.335
[2026-01-02 04:35:36] [DEBUG] findfont: score(FontEntry(fname='C:\\Windows\\Fonts\\seguibl.ttf', name='Segoe UI', style='normal', variant='normal', weight=900, stretch='normal', size='scalable')) = 10.24
[2026-01-02 04:35:36] [DEBUG] findfont: score(FontEntry(fname='C:\\Windows\\Fonts\\arialbd.ttf', name='Arial', style='normal', variant='normal', weight=700, stretch='normal', size='scalable')) = 10.05
[2026-01-02 04:35:36] [DEBUG] findfont: score(FontEntry(fname='C:\\Windows\\Fonts\\dutchbi.ttf', name='Dutch801 Rm BT', style='italic', variant='normal', weight=700, stretch='normal', size='scalable')) = 11.05
[2026-01-02 04:35:36] [DEBUG] findfont: score(FontEntry(fname='C:\\Windows\\Fonts\\malgunbd.ttf', name='Malgun Gothic', style='normal', variant='normal', weight=700, stretch='normal', size='scalable')) = 0.05
[2026-01-02 04:35:36] [DEBUG] findfont: score(FontEntry(fname='C:\\Windows\\Fonts\\msgothic.ttc', name='MS Gothic', style='normal', variant='normal', weight=400, stretch='normal', size='scalable')) = 10.335
[2026-01-02 04:35:36] [DEBUG] findfont: score(FontEntry(fname='C:\\Windows\\Fonts\\mtproxy5.ttf', name='Proxy 5', style='normal', variant='normal', weight=400, stretch='normal', size='scalable')) = 10.335
[2026-01-02 04:35:36] [DEBUG] findfont: score(FontEntry(fname='C:\\Windows\\Fonts\\CURLZ___.TTF', name='Curlz MT', style='normal', variant='normal', weight=400, stretch='normal', size='scalable')) = 10.335
[2026-01-02 04:35:36] [DEBUG] findfont: score(FontEntry(fname='C:\\Windows\\Fonts\\AGENCYB.TTF', name='Agency FB', style='normal', variant='normal', weight=700, stretch='normal', size='scalable')) = 10.05
[2026-01-02 04:35:36] [DEBUG] findfont: score(FontEntry(fname='C:\\Windows\\Fonts\\eurro___.ttf', name='EuroRoman', style='oblique', variant='normal', weight=400, stretch='normal', size='scalable')) = 11.335
[2026-01-02 04:35:36] [DEBUG] findfont: score(FontEntry(fname='C:\\Windows\\Fonts\\BASKVILL.TTF', name='Baskerville Old Face', style='normal', variant='normal', weight=400, stretch='normal', size='scalable')) = 10.335
[2026-01-02 04:35:36] [DEBUG] findfont: score(FontEntry(fname='C:\\Windows\\Fonts\\couri.ttf', name='Courier New', style='italic', variant='normal', weight=400, stretch='normal', size='scalable')) = 11.335
[2026-01-02 04:35:36] [DEBUG] findfont: score(FontEntry(fname='C:\\Windows\\Fonts\\CascadiaMono.ttf', name='Cascadia Mono', style='normal', variant='normal', weight=400, stretch='normal', size='scalable')) = 10.335
[2026-01-02 04:35:36] [DEBUG] findfont: score(FontEntry(fname='C:\\Windows\\Fonts\\HTOWERT.TTF', name='High Tower Text', style='normal', variant='normal', weight=400, stretch='normal', size='scalable')) = 10.335
[2026-01-02 04:35:36] [DEBUG] findfont: score(FontEntry(fname='C:\\Windows\\Fonts\\HARLOWSI.TTF', name='Harlow Solid Italic', style='italic', variant='normal', weight=400, stretch='normal', size='scalable')) = 11.335
[2026-01-02 04:35:36] [DEBUG] findfont: score(FontEntry(fname='C:\\Windows\\Fonts\\stylu.ttf', name='Stylus BT', style='normal', variant='normal', weight=300, stretch='normal', size='scalable')) = 10.43
[2026-01-02 04:35:36] [DEBUG] findfont: score(FontEntry(fname='C:\\Windows\\Fonts\\PALSCRI.TTF', name='Palace Script MT', style='normal', variant='normal', weight=400, stretch='normal', size='scalable')) = 10.335
[2026-01-02 04:35:36] [DEBUG] findfont: score(FontEntry(fname='C:\\Windows\\Fonts\\HATTEN.TTF', name='Haettenschweiler', style='normal', variant='normal', weight=400, stretch='normal', size='scalable')) = 10.335
[2026-01-02 04:35:36] [DEBUG] findfont: score(FontEntry(fname='C:\\Windows\\Fonts\\isocteur.ttf', name='ISOCTEUR', style='normal', variant='normal', weight=400, stretch='normal', size='scalable')) = 10.335
[2026-01-02 04:35:36] [DEBUG] findfont: score(FontEntry(fname='C:\\Windows\\Fonts\\CALISTI.TTF', name='Calisto MT', style='italic', variant='normal', weight=400, stretch='normal', size='scalable')) = 11.335
[2026-01-02 04:35:36] [DEBUG] findfont: score(FontEntry(fname='C:\\Windows\\Fonts\\NanumSquareB.ttf', name='NanumSquare', style='normal', variant='normal', weight=700, stretch='normal', size='scalable')) = 10.05
[2026-01-02 04:35:36] [DEBUG] findfont: score(FontEntry(fname='C:\\Windows\\Fonts\\PRISTINA.TTF', name='Pristina', style='normal', variant='normal', weight=400, stretch='normal', size='scalable')) = 10.335
[2026-01-02 04:35:36] [DEBUG] findfont: score(FontEntry(fname='C:\\Windows\\Fonts\\SHOWG.TTF', name='Showcard Gothic', style='normal', variant='normal', weight=400, stretch='normal', size='scalable')) = 10.335
[2026-01-02 04:35:36] [DEBUG] findfont: score(FontEntry(fname='C:\\Windows\\Fonts\\counb___.ttf', name='CountryBlueprint', style='normal', variant='normal', weight=400, stretch='normal', size='scalable')) = 10.335
[2026-01-02 04:35:36] [DEBUG] findfont: score(FontEntry(fname='C:\\Windows\\Fonts\\LEELAWAD.TTF', name='Leelawadee', style='normal', variant='normal', weight=400, stretch='normal', size='scalable')) = 10.335
[2026-01-02 04:35:36] [DEBUG] findfont: score(FontEntry(fname='C:\\Windows\\Fonts\\msmincho.ttc', name='MS Mincho', style='normal', variant='normal', weight=400, stretch='normal', size='scalable')) = 10.335
[2026-01-02 04:35:36] [DEBUG] findfont: score(FontEntry(fname='C:\\Windows\\Fonts\\LEELAWDB.TTF', name='Leelawadee', style='normal', variant='normal', weight=700, stretch='normal', size='scalable')) = 10.05
[2026-01-02 04:35:36] [DEBUG] findfont: score(FontEntry(fname='C:\\Windows\\Fonts\\BOOKOS.TTF', name='Bookman Old Style', style='normal', variant='normal', weight=300, stretch='normal', size='scalable')) = 10.43
[2026-01-02 04:35:36] [DEBUG] findfont: score(FontEntry(fname='C:\\Windows\\Fonts\\NirmalaB.ttf', name='Nirmala UI', style='normal', variant='normal', weight=700, stretch='normal', size='scalable')) = 10.05
[2026-01-02 04:35:36] [DEBUG] findfont: score(FontEntry(fname='C:\\Windows\\Fonts\\eurr____.ttf', name='EuroRoman', style='normal', variant='normal', weight=400, stretch='normal', size='scalable')) = 10.335
[2026-01-02 04:35:36] [DEBUG] findfont: score(FontEntry(fname='C:\\Windows\\Fonts\\constanb.ttf', name='Constantia', style='normal', variant='normal', weight=700, stretch='normal', size='scalable')) = 10.05
[2026-01-02 04:35:36] [DEBUG] findfont: score(FontEntry(fname='C:\\Windows\\Fonts\\BOOKOSBI.TTF', name='Bookman Old Style', style='italic', variant='normal', weight=600, stretch='normal', size='scalable')) = 11.145
[2026-01-02 04:35:36] [DEBUG] findfont: score(FontEntry(fname='C:\\Windows\\Fonts\\calibrili.ttf', name='Calibri', style='italic', variant='normal', weight=300, stretch='normal', size='scalable')) = 11.43
[2026-01-02 04:35:36] [DEBUG] findfont: score(FontEntry(fname='C:\\Windows\\Fonts\\MalangmalangR.ttf', name='Hancom MalangMalang', style='normal', variant='normal', weight=400, stretch='normal', size='scalable')) = 10.335
[2026-01-02 04:35:36] [DEBUG] findfont: score(FontEntry(fname='C:\\Windows\\Fonts\\mmrtext.ttf', name='Myanmar Text', style='normal', variant='normal', weight=400, stretch='normal', size='scalable')) = 10.335
[2026-01-02 04:35:36] [DEBUG] findfont: score(FontEntry(fname='C:\\Windows\\Fonts\\tahomabd.ttf', name='Tahoma', style='normal', variant='normal', weight=700, stretch='normal', size='scalable')) = 10.05
[2026-01-02 04:35:36] [DEBUG] findfont: score(FontEntry(fname='C:\\Windows\\Fonts\\timesbi.ttf', name='Times New Roman', style='italic', variant='normal', weight=700, stretch='normal', size='scalable')) = 11.05
[2026-01-02 04:35:36] [DEBUG] findfont: score(FontEntry(fname='C:\\Windows\\Fonts\\ROCK.TTF', name='Rockwell', style='normal', variant='normal', weight=400, stretch='normal', size='scalable')) = 10.335
[2026-01-02 04:35:36] [DEBUG] findfont: score(FontEntry(fname='C:\\Windows\\Fonts\\BOD_CI.TTF', name='Bodoni MT', style='italic', variant='normal', weight=400, stretch='condensed', size='scalable')) = 11.535
[2026-01-02 04:35:36] [DEBUG] findfont: score(FontEntry(fname='C:\\Windows\\Fonts\\NGULIM.TTF', name='New Gulim', style='normal', variant='normal', weight=400, stretch='normal', size='scalable')) = 10.335
[2026-01-02 04:35:36] [DEBUG] findfont: score(FontEntry(fname='C:\\Windows\\Fonts\\Candaraz.ttf', name='Candara', style='italic', variant='normal', weight=700, stretch='normal', size='scalable')) = 11.05
[2026-01-02 04:35:36] [DEBUG] findfont: score(FontEntry(fname='C:\\Windows\\Fonts\\GILB____.TTF', name='Gill Sans MT', style='normal', variant='normal', weight=700, stretch='normal', size='scalable')) = 10.05
[2026-01-02 04:35:36] [DEBUG] findfont: score(FontEntry(fname='C:\\Windows\\Fonts\\Artifakt Element Black.ttf', name='Artifakt Element', style='normal', variant='normal', weight=800, stretch='normal', size='scalable')) = 10.145
[2026-01-02 04:35:36] [DEBUG] findfont: score(FontEntry(fname='C:\\Program Files\\VEGAS\\VEGAS Pro 18.0\\fonts\\magnolia_sky.otf', name='Magnolia Sky', style='normal', variant='normal', weight=400, stretch='normal', size='scalable')) = 10.335
[2026-01-02 04:35:36] [DEBUG] findfont: score(FontEntry(fname='C:\\Windows\\Fonts\\BRLNSB.TTF', name='Berlin Sans FB', style='normal', variant='normal', weight=700, stretch='normal', size='scalable')) = 10.05
[2026-01-02 04:35:36] [DEBUG] findfont: score(FontEntry(fname='C:\\Windows\\Fonts\\isocp2__.ttf', name='ISOCP2', style='normal', variant='normal', weight=400, stretch='normal', size='scalable')) = 10.335
[2026-01-02 04:35:36] [DEBUG] findfont: score(FontEntry(fname='C:\\Windows\\Fonts\\mtproxy6.ttf', name='Proxy 6', style='normal', variant='normal', weight=400, stretch='normal', size='scalable')) = 10.335
[2026-01-02 04:35:36] [DEBUG] findfont: score(FontEntry(fname='C:\\Windows\\Fonts\\MATURASC.TTF', name='Matura MT Script Capitals', style='normal', variant='normal', weight=400, stretch='normal', size='scalable')) = 10.335
[2026-01-02 04:35:36] [DEBUG] findfont: score(FontEntry(fname='C:\\Windows\\Fonts\\symap___.ttf', name='Symap', style='normal', variant='normal', weight=400, stretch='normal', size='scalable')) = 10.335
[2026-01-02 04:35:36] [DEBUG] findfont: score(FontEntry(fname='C:\\Windows\\Fonts\\constanz.ttf', name='Constantia', style='italic', variant='normal', weight=700, stretch='normal', size='scalable')) = 11.05
[2026-01-02 04:35:36] [DEBUG] findfont: score(FontEntry(fname='C:\\Windows\\Fonts\\mvboli.ttf', name='MV Boli', style='normal', variant='normal', weight=400, stretch='normal', size='scalable')) = 10.335
[2026-01-02 04:35:36] [DEBUG] findfont: score(FontEntry(fname='C:\\Windows\\Fonts\\NanumMyeongjo.ttf', name='NanumMyeongjo', style='normal', variant='normal', weight=400, stretch='normal', size='scalable')) = 10.335
[2026-01-02 04:35:36] [DEBUG] findfont: score(FontEntry(fname='C:\\Windows\\Fonts\\BOD_I.TTF', name='Bodoni MT', style='italic', variant='normal', weight=400, stretch='normal', size='scalable')) = 11.335
[2026-01-02 04:35:36] [DEBUG] findfont: score(FontEntry(fname='C:\\Windows\\Fonts\\ROCKEB.TTF', name='Rockwell Extra Bold', style='normal', variant='normal', weight=800, stretch='normal', size='scalable')) = 10.145
[2026-01-02 04:35:36] [DEBUG] findfont: score(FontEntry(fname='C:\\Windows\\Fonts\\segmdl2.ttf', name='Segoe MDL2 Assets', style='normal', variant='normal', weight=400, stretch='normal', size='scalable')) = 10.335
[2026-01-02 04:35:36] [DEBUG] findfont: score(FontEntry(fname='C:\\Windows\\Fonts\\NanumBarunGothicBold.ttf', name='NanumBarunGothic', style='normal', variant='normal', weight=600, stretch='normal', size='scalable')) = 10.145
[2026-01-02 04:35:36] [DEBUG] findfont: score(FontEntry(fname='C:\\Windows\\Fonts\\FRABK.TTF', name='Franklin Gothic Book', style='normal', variant='normal', weight=400, stretch='normal', size='scalable')) = 10.335
[2026-01-02 04:35:36] [DEBUG] findfont: score(FontEntry(fname='C:\\Windows\\Fonts\\ANTQUAB.TTF', name='Book Antiqua', style='normal', variant='normal', weight=700, stretch='normal', size='scalable')) = 10.05
[2026-01-02 04:35:36] [DEBUG] findfont: score(FontEntry(fname='C:\\Windows\\Fonts\\courbd.ttf', name='Courier New', style='normal', variant='normal', weight=700, stretch='normal', size='scalable')) = 10.05
[2026-01-02 04:35:36] [DEBUG] findfont: score(FontEntry(fname='C:\\Windows\\Fonts\\GOUDYSTO.TTF', name='Goudy Stout', style='normal', variant='normal', weight=400, stretch='normal', size='scalable')) = 10.335
[2026-01-02 04:35:36] [DEBUG] findfont: score(FontEntry(fname='C:\\Windows\\Fonts\\DejaVuSansMono-BoldOblique_0.ttf', name='DejaVu Sans Mono', style='oblique', variant='normal', weight=700, stretch='normal', size='scalable')) = 11.05
[2026-01-02 04:35:36] [DEBUG] findfont: score(FontEntry(fname='C:\\Windows\\Fonts\\NanumSquareEB.ttf', name='NanumSquare', style='normal', variant='normal', weight=800, stretch='normal', size='scalable')) = 10.145
[2026-01-02 04:35:36] [DEBUG] findfont: score(FontEntry(fname='C:\\Windows\\Fonts\\BRLNSR.TTF', name='Berlin Sans FB', style='normal', variant='normal', weight=400, stretch='normal', size='scalable')) = 10.335
[2026-01-02 04:35:36] [DEBUG] findfont: score(FontEntry(fname='C:\\Windows\\Fonts\\FREESCPT.TTF', name='Freestyle Script', style='normal', variant='normal', weight=400, stretch='normal', size='scalable')) = 10.335
[2026-01-02 04:35:36] [DEBUG] findfont: score(FontEntry(fname='C:\\Program Files\\VEGAS\\VEGAS Pro 18.0\\fonts\\the_breakdown.otf', name='The Breakdown', style='normal', variant='normal', weight=400, stretch='normal', size='scalable')) = 10.335
[2026-01-02 04:35:36] [DEBUG] findfont: score(FontEntry(fname='C:\\Windows\\Fonts\\palabi.ttf', name='Palatino Linotype', style='italic', variant='normal', weight=700, stretch='normal', size='scalable')) = 11.05
[2026-01-02 04:35:36] [DEBUG] findfont: score(FontEntry(fname='C:\\Windows\\Fonts\\cour.ttf', name='Courier New', style='normal', variant='normal', weight=400, stretch='normal', size='scalable')) = 10.335
[2026-01-02 04:35:36] [DEBUG] findfont: score(FontEntry(fname='C:\\Windows\\Fonts\\LTYPEB.TTF', name='Lucida Sans Typewriter', style='normal', variant='normal', weight=600, stretch='normal', size='scalable')) = 10.145
[2026-01-02 04:35:36] [DEBUG] findfont: score(FontEntry(fname='C:\\Windows\\Fonts\\sansso__.ttf', name='SansSerif', style='oblique', variant='normal', weight=400, stretch='normal', size='scalable')) = 11.335
[2026-01-02 04:35:36] [DEBUG] findfont: score(FontEntry(fname='C:\\Windows\\Fonts\\Artifakt Element Thin Italic.ttf', name='Artifakt Element', style='italic', variant='normal', weight=200, stretch='normal', size='scalable')) = 11.525
[2026-01-02 04:35:36] [DEBUG] findfont: score(FontEntry(fname='C:\\Windows\\Fonts\\Hancom HMJE_V.ttf', name='Hancom Hoonminjeongeum_V', style='normal', variant='normal', weight=400, stretch='normal', size='scalable')) = 10.335
[2026-01-02 04:35:36] [DEBUG] findfont: score(FontEntry(fname='C:\\Windows\\Fonts\\AGENCYR.TTF', name='Agency FB', style='normal', variant='normal', weight=400, stretch='normal', size='scalable')) = 10.335
[2026-01-02 04:35:36] [DEBUG] findfont: score(FontEntry(fname='C:\\Windows\\Fonts\\H2GPRM.TTF', name='HYGraphic-Medium', style='normal', variant='normal', weight=400, stretch='normal', size='scalable')) = 10.335
[2026-01-02 04:35:36] [DEBUG] findfont: score(FontEntry(fname='C:\\Windows\\Fonts\\Artifakt Element Hair Italic.ttf', name='Artifakt Element', style='italic', variant='normal', weight=100, stretch='normal', size='scalable')) = 11.62
[2026-01-02 04:35:36] [DEBUG] findfont: score(FontEntry(fname='C:\\Windows\\Fonts\\isoct___.ttf', name='ISOCT', style='normal', variant='normal', weight=400, stretch='normal', size='scalable')) = 10.335
[2026-01-02 04:35:36] [DEBUG] findfont: score(FontEntry(fname='C:\\Windows\\Fonts\\ITCKRIST.TTF', name='Kristen ITC', style='normal', variant='normal', weight=400, stretch='normal', size='scalable')) = 10.335
[2026-01-02 04:35:36] [DEBUG] findfont: score(FontEntry(fname='C:\\Windows\\Fonts\\Sitka.ttc', name='Sitka Small', style='normal', variant='normal', weight=400, stretch='normal', size='scalable')) = 10.335
[2026-01-02 04:35:36] [DEBUG] findfont: score(FontEntry(fname='C:\\Windows\\Fonts\\syastro_.ttf', name='Syastro', style='normal', variant='normal', weight=400, stretch='normal', size='scalable')) = 10.335
[2026-01-02 04:35:36] [DEBUG] findfont: score(FontEntry(fname='C:\\Windows\\Fonts\\GILSANUB.TTF', name='Gill Sans Ultra Bold', style='normal', variant='normal', weight=400, stretch='normal', size='scalable')) = 10.335
[2026-01-02 04:35:36] [DEBUG] findfont: score(FontEntry(fname='C:\\Windows\\Fonts\\ERASDEMI.TTF', name='Eras Demi ITC', style='normal', variant='normal', weight=400, stretch='normal', size='scalable')) = 10.335
[2026-01-02 04:35:36] [DEBUG] findfont: score(FontEntry(fname='C:\\Windows\\Fonts\\tahoma.ttf', name='Tahoma', style='normal', variant='normal', weight=400, stretch='normal', size='scalable')) = 10.335
[2026-01-02 04:35:36] [DEBUG] findfont: score(FontEntry(fname='C:\\Windows\\Fonts\\vinet.ttf', name='Vineta BT', style='normal', variant='normal', weight=400, stretch='normal', size='scalable')) = 10.335
[2026-01-02 04:35:36] [DEBUG] findfont: score(FontEntry(fname='C:\\Windows\\Fonts\\GARA.TTF', name='Garamond', style='normal', variant='normal', weight=400, stretch='normal', size='scalable')) = 10.335
[2026-01-02 04:35:36] [DEBUG] findfont: score(FontEntry(fname='C:\\Windows\\Fonts\\TCCM____.TTF', name='Tw Cen MT Condensed', style='normal', variant='normal', weight=400, stretch='condensed', size='scalable')) = 10.535
[2026-01-02 04:35:36] [DEBUG] findfont: score(FontEntry(fname='C:\\Windows\\Fonts\\COPRGTB.TTF', name='Copperplate Gothic Bold', style='normal', variant='normal', weight=400, stretch='normal', size='scalable')) = 10.335
[2026-01-02 04:35:36] [DEBUG] findfont: score(FontEntry(fname='C:\\Windows\\Fonts\\UDDigiKyokashoN-B.ttc', name='UD Digi Kyokasho N-B', style='normal', variant='normal', weight=700, stretch='normal', size='scalable')) = 10.05
[2026-01-02 04:35:36] [DEBUG] findfont: score(FontEntry(fname='C:\\Windows\\Fonts\\swissck.ttf', name='Swis721 BlkCn BT', style='normal', variant='normal', weight=400, stretch='condensed', size='scalable')) = 10.535
[2026-01-02 04:35:36] [DEBUG] findfont: score(FontEntry(fname='C:\\Windows\\Fonts\\ONYX.TTF', name='Onyx', style='normal', variant='normal', weight=400, stretch='normal', size='scalable')) = 10.335
[2026-01-02 04:35:36] [DEBUG] findfont: score(FontEntry(fname='C:\\Windows\\Fonts\\HMKMRHD.TTF', name='Headline R', style='normal', variant='normal', weight=400, stretch='normal', size='scalable')) = 10.335
[2026-01-02 04:35:36] [DEBUG] findfont: score(FontEntry(fname='C:\\Windows\\Fonts\\georgia.ttf', name='Georgia', style='normal', variant='normal', weight=400, stretch='normal', size='scalable')) = 10.335
[2026-01-02 04:35:36] [DEBUG] findfont: score(FontEntry(fname='C:\\Windows\\Fonts\\segoeui.ttf', name='Segoe UI', style='normal', variant='normal', weight=400, stretch='normal', size='scalable')) = 10.335
[2026-01-02 04:35:36] [DEBUG] findfont: score(FontEntry(fname='C:\\Windows\\Fonts\\MAIAN.TTF', name='Maiandra GD', style='normal', variant='normal', weight=400, stretch='normal', size='scalable')) = 10.335
[2026-01-02 04:35:36] [DEBUG] findfont: score(FontEntry(fname='C:\\Windows\\Fonts\\AcadEref.ttf', name='AcadEref', style='normal', variant='normal', weight=400, stretch='normal', size='scalable')) = 10.335
[2026-01-02 04:35:36] [DEBUG] findfont: score(FontEntry(fname='C:\\Windows\\Fonts\\H2HDRM.TTF', name='HYHeadLine-Medium', style='normal', variant='normal', weight=400, stretch='normal', size='scalable')) = 10.335
[2026-01-02 04:35:36] [DEBUG] findfont: score(FontEntry(fname='C:\\Windows\\Fonts\\NanumSquareL.ttf', name='NanumSquare', style='normal', variant='normal', weight=300, stretch='normal', size='scalable')) = 10.43
[2026-01-02 04:35:36] [DEBUG] findfont: score(FontEntry(fname='C:\\Windows\\Fonts\\Candarali.ttf', name='Candara', style='italic', variant='normal', weight=400, stretch='normal', size='scalable')) = 11.335
[2026-01-02 04:35:36] [DEBUG] findfont: score(FontEntry(fname='C:\\Windows\\Fonts\\wingding.ttf', name='Wingdings', style='normal', variant='normal', weight=400, stretch='normal', size='scalable')) = 10.335
[2026-01-02 04:35:36] [DEBUG] findfont: score(FontEntry(fname='C:\\Windows\\Fonts\\Artifakt Element Black Italic.ttf', name='Artifakt Element', style='italic', variant='normal', weight=800, stretch='normal', size='scalable')) = 11.145
[2026-01-02 04:35:36] [DEBUG] findfont: score(FontEntry(fname='C:\\Windows\\Fonts\\WINGDNG3.TTF', name='Wingdings 3', style='normal', variant='normal', weight=400, stretch='normal', size='scalable')) = 10.335
[2026-01-02 04:35:36] [DEBUG] findfont: score(FontEntry(fname='C:\\Windows\\Fonts\\BRADHITC.TTF', name='Bradley Hand ITC', style='normal', variant='normal', weight=400, stretch='normal', size='scalable')) = 10.335
[2026-01-02 04:35:36] [DEBUG] findfont: score(FontEntry(fname='C:\\Windows\\Fonts\\BROADW.TTF', name='Broadway', style='normal', variant='normal', weight=400, stretch='normal', size='scalable')) = 10.335
[2026-01-02 04:35:36] [DEBUG] findfont: score(FontEntry(fname='C:\\Windows\\Fonts\\swissci.ttf', name='Swis721 Cn BT', style='italic', variant='normal', weight=400, stretch='condensed', size='scalable')) = 11.535
[2026-01-02 04:35:36] [DEBUG] findfont: score(FontEntry(fname='C:\\Windows\\Fonts\\AMDT_Symbols.ttf', name='AmdtSymbols', style='normal', variant='normal', weight=400, stretch='normal', size='scalable')) = 10.335
[2026-01-02 04:35:36] [DEBUG] findfont: score(FontEntry(fname='C:\\Windows\\Fonts\\Inkfree.ttf', name='Ink Free', style='normal', variant='normal', weight=400, stretch='normal', size='scalable')) = 10.335
[2026-01-02 04:35:36] [DEBUG] findfont: score(FontEntry(fname='C:\\Windows\\Fonts\\NanumPen.ttf', name='Nanum Pen Script', style='normal', variant='normal', weight=400, stretch='normal', size='scalable')) = 10.335
[2026-01-02 04:35:36] [DEBUG] findfont: score(FontEntry(fname='C:\\Windows\\Fonts\\SimsunExtG.ttf', name='SimSun-ExtG', style='normal', variant='normal', weight=400, stretch='normal', size='scalable')) = 10.335
[2026-01-02 04:35:36] [DEBUG] findfont: score(FontEntry(fname='C:\\Windows\\Fonts\\cambriab.ttf', name='Cambria', style='normal', variant='normal', weight=700, stretch='normal', size='scalable')) = 10.05
[2026-01-02 04:35:36] [DEBUG] findfont: score(FontEntry(fname='C:\\Windows\\Fonts\\gothicg_.ttf', name='GothicG', style='normal', variant='normal', weight=400, stretch='normal', size='scalable')) = 10.335
[2026-01-02 04:35:36] [DEBUG] findfont: score(FontEntry(fname='C:\\Windows\\Fonts\\OLDENGL.TTF', name='Old English Text MT', style='normal', variant='normal', weight=400, stretch='normal', size='scalable')) = 10.335
[2026-01-02 04:35:36] [DEBUG] findfont: score(FontEntry(fname='C:\\Windows\\Fonts\\webdings.ttf', name='Webdings', style='normal', variant='normal', weight=400, stretch='normal', size='scalable')) = 10.335
[2026-01-02 04:35:36] [DEBUG] findfont: score(FontEntry(fname='C:\\Windows\\Fonts\\ROCCB___.TTF', name='Rockwell Condensed', style='normal', variant='normal', weight=700, stretch='condensed', size='scalable')) = 10.25
[2026-01-02 04:35:36] [DEBUG] findfont: score(FontEntry(fname='C:\\Windows\\Fonts\\mmrtextb.ttf', name='Myanmar Text', style='normal', variant='normal', weight=700, stretch='normal', size='scalable')) = 10.05
[2026-01-02 04:35:36] [DEBUG] findfont: score(FontEntry(fname='C:\\Windows\\Fonts\\msyhl.ttc', name='Microsoft YaHei', style='normal', variant='normal', weight=290, stretch='normal', size='scalable')) = 10.4395
[2026-01-02 04:35:36] [DEBUG] findfont: score(FontEntry(fname='C:\\Windows\\Fonts\\NanumBarunGothicLight.ttf', name='NanumBarunGothic', style='normal', variant='normal', weight=300, stretch='normal', size='scalable')) = 10.43
[2026-01-02 04:35:36] [DEBUG] findfont: score(FontEntry(fname='C:\\Program Files\\VEGAS\\VEGAS Pro 18.0\\fonts\\Grand_Aventure_Rough.otf', name='Grand Aventure Rough', style='normal', variant='normal', weight=400, stretch='normal', size='scalable')) = 10.335
[2026-01-02 04:35:36] [DEBUG] findfont: score(FontEntry(fname='C:\\Windows\\Fonts\\FRADMCN.TTF', name='Franklin Gothic Demi Cond', style='normal', variant='normal', weight=400, stretch='condensed', size='scalable')) = 10.535
[2026-01-02 04:35:36] [DEBUG] findfont: score(FontEntry(fname='C:\\Windows\\Fonts\\calibriz.ttf', name='Calibri', style='italic', variant='normal', weight=700, stretch='normal', size='scalable')) = 11.05
[2026-01-02 04:35:36] [DEBUG] findfont: score(FontEntry(fname='C:\\Program Files\\VEGAS\\VEGAS Pro 18.0\\fonts\\bernadette_rough.otf', name='Bernadette Rough', style='normal', variant='normal', weight=400, stretch='normal', size='scalable')) = 10.335
[2026-01-02 04:35:36] [DEBUG] findfont: score(FontEntry(fname='C:\\Windows\\Fonts\\HanSantteutDotum-Regular.ttf', name='Han Santteut Dotum', style='normal', variant='normal', weight=400, stretch='normal', size='scalable')) = 10.335
[2026-01-02 04:35:36] [DEBUG] findfont: score(FontEntry(fname='C:\\Windows\\Fonts\\consolab.ttf', name='Consolas', style='normal', variant='normal', weight=700, stretch='normal', size='scalable')) = 10.05
[2026-01-02 04:35:36] [DEBUG] findfont: score(FontEntry(fname='C:\\Windows\\Fonts\\umath.ttf', name='UniversalMath1 BT', style='normal', variant='normal', weight=400, stretch='normal', size='scalable')) = 10.335
[2026-01-02 04:35:36] [DEBUG] findfont: score(FontEntry(fname='C:\\Windows\\Fonts\\georgiaz.ttf', name='Georgia', style='italic', variant='normal', weight=700, stretch='normal', size='scalable')) = 11.05
[2026-01-02 04:35:36] [DEBUG] findfont: score(FontEntry(fname='C:\\Windows\\Fonts\\TCMI____.TTF', name='Tw Cen MT', style='italic', variant='normal', weight=400, stretch='normal', size='scalable')) = 11.335
[2026-01-02 04:35:36] [DEBUG] findfont: Matching Malgun Gothic:style=normal:variant=normal:weight=bold:stretch=normal:size=16.0 to Malgun Gothic ('C:\\Windows\\Fonts\\malgunbd.ttf') with score of 0.050000.
[2026-01-02 04:35:36] [DEBUG] findfont: Matching Malgun Gothic:style=normal:variant=normal:weight=bold:stretch=normal:size=9.0.
[2026-01-02 04:35:36] [DEBUG] findfont: score(FontEntry(fname='C:\\Users\\20210306-f2\\AppData\\Local\\Programs\\Python\\Python313\\Lib\\site-packages\\matplotlib\\mpl-data\\fonts\\ttf\\DejaVuSans.ttf', name='DejaVu Sans', style='normal', variant='normal', weight=400, stretch='normal', size='scalable')) = 10.335
[2026-01-02 04:35:36] [DEBUG] findfont: score(FontEntry(fname='C:\\Users\\20210306-f2\\AppData\\Local\\Programs\\Python\\Python313\\Lib\\site-packages\\matplotlib\\mpl-data\\fonts\\ttf\\cmmi10.ttf', name='cmmi10', style='normal', variant='normal', weight=400, stretch='normal', size='scalable')) = 10.335
[2026-01-02 04:35:36] [DEBUG] findfont: score(FontEntry(fname='C:\\Users\\20210306-f2\\AppData\\Local\\Programs\\Python\\Python313\\Lib\\site-packages\\matplotlib\\mpl-data\\fonts\\ttf\\STIXNonUniBolIta.ttf', name='STIXNonUnicode', style='italic', variant='normal', weight=700, stretch='normal', size='scalable')) = 11.05
[2026-01-02 04:35:36] [DEBUG] findfont: score(FontEntry(fname='C:\\Users\\20210306-f2\\AppData\\Local\\Programs\\Python\\Python313\\Lib\\site-packages\\matplotlib\\mpl-data\\fonts\\ttf\\STIXSizTwoSymReg.ttf', name='STIXSizeTwoSym', style='normal', variant='normal', weight=400, stretch='normal', size='scalable')) = 10.335
[2026-01-02 04:35:36] [DEBUG] findfont: score(FontEntry(fname='C:\\Users\\20210306-f2\\AppData\\Local\\Programs\\Python\\Python313\\Lib\\site-packages\\matplotlib\\mpl-data\\fonts\\ttf\\STIXSizOneSymBol.ttf', name='STIXSizeOneSym', style='normal', variant='normal', weight=700, stretch='normal', size='scalable')) = 10.05
[2026-01-02 04:35:36] [DEBUG] findfont: score(FontEntry(fname='C:\\Users\\20210306-f2\\AppData\\Local\\Programs\\Python\\Python313\\Lib\\site-packages\\matplotlib\\mpl-data\\fonts\\ttf\\cmsy10.ttf', name='cmsy10', style='normal', variant='normal', weight=400, stretch='normal', size='scalable')) = 10.335
[2026-01-02 04:35:36] [DEBUG] findfont: score(FontEntry(fname='C:\\Users\\20210306-f2\\AppData\\Local\\Programs\\Python\\Python313\\Lib\\site-packages\\matplotlib\\mpl-data\\fonts\\ttf\\STIXGeneralBol.ttf', name='STIXGeneral', style='normal', variant='normal', weight=700, stretch='normal', size='scalable')) = 10.05
[2026-01-02 04:35:36] [DEBUG] findfont: score(FontEntry(fname='C:\\Users\\20210306-f2\\AppData\\Local\\Programs\\Python\\Python313\\Lib\\site-packages\\matplotlib\\mpl-data\\fonts\\ttf\\STIXGeneralBolIta.ttf', name='STIXGeneral', style='italic', variant='normal', weight=700, stretch='normal', size='scalable')) = 11.05
[2026-01-02 04:35:36] [DEBUG] findfont: score(FontEntry(fname='C:\\Users\\20210306-f2\\AppData\\Local\\Programs\\Python\\Python313\\Lib\\site-packages\\matplotlib\\mpl-data\\fonts\\ttf\\DejaVuSans-Bold.ttf', name='DejaVu Sans', style='normal', variant='normal', weight=700, stretch='normal', size='scalable')) = 10.05
[2026-01-02 04:35:36] [DEBUG] findfont: score(FontEntry(fname='C:\\Users\\20210306-f2\\AppData\\Local\\Programs\\Python\\Python313\\Lib\\site-packages\\matplotlib\\mpl-data\\fonts\\ttf\\STIXSizThreeSymBol.ttf', name='STIXSizeThreeSym', style='normal', variant='normal', weight=700, stretch='normal', size='scalable')) = 10.05
[2026-01-02 04:35:36] [DEBUG] findfont: score(FontEntry(fname='C:\\Users\\20210306-f2\\AppData\\Local\\Programs\\Python\\Python313\\Lib\\site-packages\\matplotlib\\mpl-data\\fonts\\ttf\\DejaVuSerif-Italic.ttf', name='DejaVu Serif', style='italic', variant='normal', weight=400, stretch='normal', size='scalable')) = 11.335
[2026-01-02 04:35:36] [DEBUG] findfont: score(FontEntry(fname='C:\\Users\\20210306-f2\\AppData\\Local\\Programs\\Python\\Python313\\Lib\\site-packages\\matplotlib\\mpl-data\\fonts\\ttf\\cmss10.ttf', name='cmss10', style='normal', variant='normal', weight=400, stretch='normal', size='scalable')) = 10.335
[2026-01-02 04:35:36] [DEBUG] findfont: score(FontEntry(fname='C:\\Users\\20210306-f2\\AppData\\Local\\Programs\\Python\\Python313\\Lib\\site-packages\\matplotlib\\mpl-data\\fonts\\ttf\\DejaVuSerif-BoldItalic.ttf', name='DejaVu Serif', style='italic', variant='normal', weight=700, stretch='normal', size='scalable')) = 11.05
[2026-01-02 04:35:36] [DEBUG] findfont: score(FontEntry(fname='C:\\Users\\20210306-f2\\AppData\\Local\\Programs\\Python\\Python313\\Lib\\site-packages\\matplotlib\\mpl-data\\fonts\\ttf\\cmr10.ttf', name='cmr10', style='normal', variant='normal', weight=400, stretch='normal', size='scalable')) = 10.335
[2026-01-02 04:35:36] [DEBUG] findfont: score(FontEntry(fname='C:\\Users\\20210306-f2\\AppData\\Local\\Programs\\Python\\Python313\\Lib\\site-packages\\matplotlib\\mpl-data\\fonts\\ttf\\STIXGeneral.ttf', name='STIXGeneral', style='normal', variant='normal', weight=400, stretch='normal', size='scalable')) = 10.335
[2026-01-02 04:35:36] [DEBUG] findfont: score(FontEntry(fname='C:\\Users\\20210306-f2\\AppData\\Local\\Programs\\Python\\Python313\\Lib\\site-packages\\matplotlib\\mpl-data\\fonts\\ttf\\STIXNonUniBol.ttf', name='STIXNonUnicode', style='normal', variant='normal', weight=700, stretch='normal', size='scalable')) = 10.05
[2026-01-02 04:35:36] [DEBUG] findfont: score(FontEntry(fname='C:\\Users\\20210306-f2\\AppData\\Local\\Programs\\Python\\Python313\\Lib\\site-packages\\matplotlib\\mpl-data\\fonts\\ttf\\STIXGeneralItalic.ttf', name='STIXGeneral', style='italic', variant='normal', weight=400, stretch='normal', size='scalable')) = 11.335
[2026-01-02 04:35:36] [DEBUG] findfont: score(FontEntry(fname='C:\\Users\\20210306-f2\\AppData\\Local\\Programs\\Python\\Python313\\Lib\\site-packages\\matplotlib\\mpl-data\\fonts\\ttf\\STIXSizOneSymReg.ttf', name='STIXSizeOneSym', style='normal', variant='normal', weight=400, stretch='normal', size='scalable')) = 10.335
[2026-01-02 04:35:36] [DEBUG] findfont: score(FontEntry(fname='C:\\Users\\20210306-f2\\AppData\\Local\\Programs\\Python\\Python313\\Lib\\site-packages\\matplotlib\\mpl-data\\fonts\\ttf\\cmb10.ttf', name='cmb10', style='normal', variant='normal', weight=400, stretch='normal', size='scalable')) = 10.335
[2026-01-02 04:35:36] [DEBUG] findfont: score(FontEntry(fname='C:\\Users\\20210306-f2\\AppData\\Local\\Programs\\Python\\Python313\\Lib\\site-packages\\matplotlib\\mpl-data\\fonts\\ttf\\DejaVuSansMono.ttf', name='DejaVu Sans Mono', style='normal', variant='normal', weight=400, stretch='normal', size='scalable')) = 10.335
[2026-01-02 04:35:36] [DEBUG] findfont: score(FontEntry(fname='C:\\Users\\20210306-f2\\AppData\\Local\\Programs\\Python\\Python313\\Lib\\site-packages\\matplotlib\\mpl-data\\fonts\\ttf\\cmtt10.ttf', name='cmtt10', style='normal', variant='normal', weight=400, stretch='normal', size='scalable')) = 10.335
[2026-01-02 04:35:36] [DEBUG] findfont: score(FontEntry(fname='C:\\Users\\20210306-f2\\AppData\\Local\\Programs\\Python\\Python313\\Lib\\site-packages\\matplotlib\\mpl-data\\fonts\\ttf\\STIXSizTwoSymBol.ttf', name='STIXSizeTwoSym', style='normal', variant='normal', weight=700, stretch='normal', size='scalable')) = 10.05
[2026-01-02 04:35:36] [DEBUG] findfont: score(FontEntry(fname='C:\\Users\\20210306-f2\\AppData\\Local\\Programs\\Python\\Python313\\Lib\\site-packages\\matplotlib\\mpl-data\\fonts\\ttf\\DejaVuSerifDisplay.ttf', name='DejaVu Serif Display', style='normal', variant='normal', weight=400, stretch='normal', size='scalable')) = 10.335
[2026-01-02 04:35:36] [DEBUG] findfont: score(FontEntry(fname='C:\\Users\\20210306-f2\\AppData\\Local\\Programs\\Python\\Python313\\Lib\\site-packages\\matplotlib\\mpl-data\\fonts\\ttf\\DejaVuSansDisplay.ttf', name='DejaVu Sans Display', style='normal', variant='normal', weight=400, stretch='normal', size='scalable')) = 10.335
[2026-01-02 04:35:36] [DEBUG] findfont: score(FontEntry(fname='C:\\Users\\20210306-f2\\AppData\\Local\\Programs\\Python\\Python313\\Lib\\site-packages\\matplotlib\\mpl-data\\fonts\\ttf\\DejaVuSerif-Bold.ttf', name='DejaVu Serif', style='normal', variant='normal', weight=700, stretch='normal', size='scalable')) = 10.05
[2026-01-02 04:35:36] [DEBUG] findfont: score(FontEntry(fname='C:\\Users\\20210306-f2\\AppData\\Local\\Programs\\Python\\Python313\\Lib\\site-packages\\matplotlib\\mpl-data\\fonts\\ttf\\STIXSizFourSymReg.ttf', name='STIXSizeFourSym', style='normal', variant='normal', weight=400, stretch='normal', size='scalable')) = 10.335
[2026-01-02 04:35:36] [DEBUG] findfont: score(FontEntry(fname='C:\\Users\\20210306-f2\\AppData\\Local\\Programs\\Python\\Python313\\Lib\\site-packages\\matplotlib\\mpl-data\\fonts\\ttf\\cmex10.ttf', name='cmex10', style='normal', variant='normal', weight=400, stretch='normal', size='scalable')) = 10.335
[2026-01-02 04:35:36] [DEBUG] findfont: score(FontEntry(fname='C:\\Users\\20210306-f2\\AppData\\Local\\Programs\\Python\\Python313\\Lib\\site-packages\\matplotlib\\mpl-data\\fonts\\ttf\\STIXNonUniIta.ttf', name='STIXNonUnicode', style='italic', variant='normal', weight=400, stretch='normal', size='scalable')) = 11.335
[2026-01-02 04:35:36] [DEBUG] findfont: score(FontEntry(fname='C:\\Users\\20210306-f2\\AppData\\Local\\Programs\\Python\\Python313\\Lib\\site-packages\\matplotlib\\mpl-data\\fonts\\ttf\\STIXSizFiveSymReg.ttf', name='STIXSizeFiveSym', style='normal', variant='normal', weight=400, stretch='normal', size='scalable')) = 10.335
[2026-01-02 04:35:36] [DEBUG] findfont: score(FontEntry(fname='C:\\Users\\20210306-f2\\AppData\\Local\\Programs\\Python\\Python313\\Lib\\site-packages\\matplotlib\\mpl-data\\fonts\\ttf\\DejaVuSansMono-Bold.ttf', name='DejaVu Sans Mono', style='normal', variant='normal', weight=700, stretch='normal', size='scalable')) = 10.05
[2026-01-02 04:35:36] [DEBUG] findfont: score(FontEntry(fname='C:\\Users\\20210306-f2\\AppData\\Local\\Programs\\Python\\Python313\\Lib\\site-packages\\matplotlib\\mpl-data\\fonts\\ttf\\DejaVuSansMono-Oblique.ttf', name='DejaVu Sans Mono', style='oblique', variant='normal', weight=400, stretch='normal', size='scalable')) = 11.335
[2026-01-02 04:35:36] [DEBUG] findfont: score(FontEntry(fname='C:\\Users\\20210306-f2\\AppData\\Local\\Programs\\Python\\Python313\\Lib\\site-packages\\matplotlib\\mpl-data\\fonts\\ttf\\STIXNonUni.ttf', name='STIXNonUnicode', style='normal', variant='normal', weight=400, stretch='normal', size='scalable')) = 10.335
[2026-01-02 04:35:36] [DEBUG] findfont: score(FontEntry(fname='C:\\Users\\20210306-f2\\AppData\\Local\\Programs\\Python\\Python313\\Lib\\site-packages\\matplotlib\\mpl-data\\fonts\\ttf\\DejaVuSans-Oblique.ttf', name='DejaVu Sans', style='oblique', variant='normal', weight=400, stretch='normal', size='scalable')) = 11.335
[2026-01-02 04:35:36] [DEBUG] findfont: score(FontEntry(fname='C:\\Users\\20210306-f2\\AppData\\Local\\Programs\\Python\\Python313\\Lib\\site-packages\\matplotlib\\mpl-data\\fonts\\ttf\\STIXSizThreeSymReg.ttf', name='STIXSizeThreeSym', style='normal', variant='normal', weight=400, stretch='normal', size='scalable')) = 10.335
[2026-01-02 04:35:36] [DEBUG] findfont: score(FontEntry(fname='C:\\Users\\20210306-f2\\AppData\\Local\\Programs\\Python\\Python313\\Lib\\site-packages\\matplotlib\\mpl-data\\fonts\\ttf\\DejaVuSerif.ttf', name='DejaVu Serif', style='normal', variant='normal', weight=400, stretch='normal', size='scalable')) = 10.335
[2026-01-02 04:35:36] [DEBUG] findfont: score(FontEntry(fname='C:\\Users\\20210306-f2\\AppData\\Local\\Programs\\Python\\Python313\\Lib\\site-packages\\matplotlib\\mpl-data\\fonts\\ttf\\STIXSizFourSymBol.ttf', name='STIXSizeFourSym', style='normal', variant='normal', weight=700, stretch='normal', size='scalable')) = 10.05
[2026-01-02 04:35:36] [DEBUG] findfont: score(FontEntry(fname='C:\\Users\\20210306-f2\\AppData\\Local\\Programs\\Python\\Python313\\Lib\\site-packages\\matplotlib\\mpl-data\\fonts\\ttf\\DejaVuSans-BoldOblique.ttf', name='DejaVu Sans', style='oblique', variant='normal', weight=700, stretch='normal', size='scalable')) = 11.05
[2026-01-02 04:35:36] [DEBUG] findfont: score(FontEntry(fname='C:\\Users\\20210306-f2\\AppData\\Local\\Programs\\Python\\Python313\\Lib\\site-packages\\matplotlib\\mpl-data\\fonts\\ttf\\DejaVuSansMono-BoldOblique.ttf', name='DejaVu Sans Mono', style='oblique', variant='normal', weight=700, stretch='normal', size='scalable')) = 11.05
[2026-01-02 04:35:36] [DEBUG] findfont: score(FontEntry(fname='C:\\Windows\\Fonts\\segoeuisl.ttf', name='Segoe UI', style='normal', variant='normal', weight=350, stretch='normal', size='scalable')) = 10.3825
[2026-01-02 04:35:36] [DEBUG] findfont: score(FontEntry(fname='C:\\Windows\\Fonts\\JUICE___.TTF', name='Juice ITC', style='normal', variant='normal', weight=400, stretch='normal', size='scalable')) = 10.335
[2026-01-02 04:35:36] [DEBUG] findfont: score(FontEntry(fname='C:\\Windows\\Fonts\\BIZ-UDGothicR.ttc', name='BIZ UDGothic', style='normal', variant='normal', weight=400, stretch='normal', size='scalable')) = 10.335
[2026-01-02 04:35:36] [DEBUG] findfont: score(FontEntry(fname='C:\\Windows\\Fonts\\mtproxy9.ttf', name='Proxy 9', style='normal', variant='normal', weight=400, stretch='normal', size='scalable')) = 10.335
[2026-01-02 04:35:36] [DEBUG] findfont: score(FontEntry(fname='C:\\Windows\\Fonts\\isocteui.ttf', name='ISOCTEUR', style='italic', variant='normal', weight=400, stretch='normal', size='scalable')) = 11.335
[2026-01-02 04:35:36] [DEBUG] findfont: score(FontEntry(fname='C:\\Program Files\\VEGAS\\VEGAS Pro 18.0\\fonts\\beyond_the_mountains.otf', name='Beyond The Mountains', style='normal', variant='normal', weight=400, stretch='normal', size='scalable')) = 10.335
[2026-01-02 04:35:36] [DEBUG] findfont: score(FontEntry(fname='C:\\Windows\\Fonts\\comici.ttf', name='Comic Sans MS', style='italic', variant='normal', weight=400, stretch='normal', size='scalable')) = 11.335
[2026-01-02 04:35:36] [DEBUG] findfont: score(FontEntry(fname='C:\\Windows\\Fonts\\NanumGothicExtraBold.ttf', name='NanumGothic', style='normal', variant='normal', weight=700, stretch='normal', size='scalable')) = 10.05
[2026-01-02 04:35:36] [DEBUG] findfont: score(FontEntry(fname='C:\\Windows\\Fonts\\panroman.ttf', name='PanRoman', style='normal', variant='normal', weight=400, stretch='normal', size='scalable')) = 10.335
[2026-01-02 04:35:36] [DEBUG] findfont: score(FontEntry(fname='C:\\Windows\\Fonts\\MSUIGHUR.TTF', name='Microsoft Uighur', style='normal', variant='normal', weight=400, stretch='normal', size='scalable')) = 10.335
[2026-01-02 04:35:36] [DEBUG] findfont: score(FontEntry(fname='C:\\Windows\\Fonts\\segoesc.ttf', name='Segoe Script', style='normal', variant='normal', weight=400, stretch='normal', size='scalable')) = 10.335
[2026-01-02 04:35:36] [DEBUG] findfont: score(FontEntry(fname='C:\\Windows\\Fonts\\segoeuiz.ttf', name='Segoe UI', style='italic', variant='normal', weight=700, stretch='normal', size='scalable')) = 11.05
[2026-01-02 04:35:36] [DEBUG] findfont: score(FontEntry(fname='C:\\Windows\\Fonts\\corbeli.ttf', name='Corbel', style='italic', variant='normal', weight=400, stretch='normal', size='scalable')) = 11.335
[2026-01-02 04:35:36] [DEBUG] findfont: score(FontEntry(fname='C:\\Windows\\Fonts\\HANBatangB.ttf', name='HCR Batang', style='normal', variant='normal', weight=700, stretch='normal', size='scalable')) = 10.05
[2026-01-02 04:35:36] [DEBUG] findfont: score(FontEntry(fname='C:\\Windows\\Fonts\\swiss.ttf', name='Swis721 BT', style='normal', variant='normal', weight=400, stretch='normal', size='scalable')) = 10.335
[2026-01-02 04:35:36] [DEBUG] findfont: score(FontEntry(fname='C:\\Windows\\Fonts\\DUBAI-BOLD.TTF', name='Dubai', style='normal', variant='normal', weight=700, stretch='normal', size='scalable')) = 10.05
[2026-01-02 04:35:36] [DEBUG] findfont: score(FontEntry(fname='C:\\Windows\\Fonts\\taile.ttf', name='Microsoft Tai Le', style='normal', variant='normal', weight=400, stretch='normal', size='scalable')) = 10.335
[2026-01-02 04:35:36] [DEBUG] findfont: score(FontEntry(fname='C:\\Program Files\\VEGAS\\VEGAS Pro 18.0\\fonts\\mark_my_words.otf', name='Mark My Words', style='normal', variant='normal', weight=400, stretch='normal', size='scalable')) = 10.335
[2026-01-02 04:35:36] [DEBUG] findfont: score(FontEntry(fname='C:\\Windows\\Fonts\\GILI____.TTF', name='Gill Sans MT', style='italic', variant='normal', weight=400, stretch='normal', size='scalable')) = 11.335
[2026-01-02 04:35:36] [DEBUG] findfont: score(FontEntry(fname='C:\\Windows\\Fonts\\javatext.ttf', name='Javanese Text', style='normal', variant='normal', weight=400, stretch='normal', size='scalable')) = 10.335
[2026-01-02 04:35:36] [DEBUG] findfont: score(FontEntry(fname='C:\\Windows\\Fonts\\seguili.ttf', name='Segoe UI', style='italic', variant='normal', weight=300, stretch='normal', size='scalable')) = 11.43
[2026-01-02 04:35:36] [DEBUG] findfont: score(FontEntry(fname='C:\\Windows\\Fonts\\georgiab.ttf', name='Georgia', style='normal', variant='normal', weight=700, stretch='normal', size='scalable')) = 10.05
[2026-01-02 04:35:36] [DEBUG] findfont: score(FontEntry(fname='C:\\Windows\\Fonts\\BOD_BLAR.TTF', name='Bodoni MT', style='normal', variant='normal', weight=900, stretch='normal', size='scalable')) = 10.24
[2026-01-02 04:35:36] [DEBUG] findfont: score(FontEntry(fname='C:\\Windows\\Fonts\\Nirmala.ttf', name='Nirmala UI', style='normal', variant='normal', weight=400, stretch='normal', size='scalable')) = 10.335
[2026-01-02 04:35:36] [DEBUG] findfont: score(FontEntry(fname='C:\\Users\\20210306-f2\\AppData\\Local\\Microsoft\\Windows\\Fonts\\나눔손글씨 강부장님체.ttf', name='Nanum GangBuJangNimCe', style='normal', variant='normal', weight=400, stretch='normal', size='scalable')) = 10.335
[2026-01-02 04:35:36] [DEBUG] findfont: score(FontEntry(fname='C:\\Windows\\Fonts\\monotxt_.ttf', name='Monotxt', style='normal', variant='normal', weight=400, stretch='normal', size='scalable')) = 10.335
[2026-01-02 04:35:36] [DEBUG] findfont: score(FontEntry(fname='C:\\Windows\\Fonts\\SNAP____.TTF', name='Snap ITC', style='normal', variant='normal', weight=400, stretch='normal', size='scalable')) = 10.335
[2026-01-02 04:35:36] [DEBUG] findfont: score(FontEntry(fname='C:\\Windows\\Fonts\\GOTHICB.TTF', name='Century Gothic', style='normal', variant='normal', weight=700, stretch='normal', size='scalable')) = 10.05
[2026-01-02 04:35:36] [DEBUG] findfont: score(FontEntry(fname='C:\\Windows\\Fonts\\verdana.ttf', name='Verdana', style='normal', variant='normal', weight=400, stretch='normal', size='scalable')) = 10.335
[2026-01-02 04:35:36] [DEBUG] findfont: score(FontEntry(fname='C:\\Windows\\Fonts\\AMGDT___.ttf', name='AMGDT', style='normal', variant='normal', weight=400, stretch='normal', size='scalable')) = 10.335
[2026-01-02 04:35:36] [DEBUG] findfont: score(FontEntry(fname='C:\\Windows\\Fonts\\swisseb.ttf', name='Swis721 Ex BT', style='normal', variant='normal', weight=700, stretch='expanded', size='scalable')) = 10.25
[2026-01-02 04:35:36] [DEBUG] findfont: score(FontEntry(fname='C:\\Program Files\\VEGAS\\VEGAS Pro 18.0\\fonts\\Mustardo.otf', name='Mustardo', style='normal', variant='normal', weight=400, stretch='normal', size='scalable')) = 10.335
[2026-01-02 04:35:36] [DEBUG] findfont: score(FontEntry(fname='C:\\Windows\\Fonts\\YuGothL.ttc', name='Yu Gothic', style='normal', variant='normal', weight=300, stretch='normal', size='scalable')) = 10.43
[2026-01-02 04:35:36] [DEBUG] findfont: score(FontEntry(fname='C:\\Windows\\Fonts\\GARAIT.TTF', name='Garamond', style='italic', variant='normal', weight=400, stretch='normal', size='scalable')) = 11.335
[2026-01-02 04:35:36] [DEBUG] findfont: score(FontEntry(fname='C:\\Windows\\Fonts\\LTYPEBO.TTF', name='Lucida Sans Typewriter', style='oblique', variant='normal', weight=600, stretch='normal', size='scalable')) = 11.145
[2026-01-02 04:35:36] [DEBUG] findfont: score(FontEntry(fname='C:\\Windows\\Fonts\\MTCORSVA.TTF', name='Monotype Corsiva', style='normal', variant='normal', weight=400, stretch='normal', size='scalable')) = 10.335
[2026-01-02 04:35:36] [DEBUG] findfont: score(FontEntry(fname='C:\\Windows\\Fonts\\swissi.ttf', name='Swis721 BT', style='italic', variant='normal', weight=400, stretch='normal', size='scalable')) = 11.335
[2026-01-02 04:35:36] [DEBUG] findfont: score(FontEntry(fname='C:\\Windows\\Fonts\\simsunb.ttf', name='SimSun-ExtB', style='normal', variant='normal', weight=400, stretch='normal', size='scalable')) = 10.335
[2026-01-02 04:35:36] [DEBUG] findfont: score(FontEntry(fname='C:\\Windows\\Fonts\\arialbi.ttf', name='Arial', style='italic', variant='normal', weight=700, stretch='normal', size='scalable')) = 11.05
[2026-01-02 04:35:36] [DEBUG] findfont: score(FontEntry(fname='C:\\Windows\\Fonts\\HTOWERTI.TTF', name='High Tower Text', style='italic', variant='normal', weight=400, stretch='normal', size='scalable')) = 11.335
[2026-01-02 04:35:36] [DEBUG] findfont: score(FontEntry(fname='C:\\Windows\\Fonts\\framdit.ttf', name='Franklin Gothic Medium', style='italic', variant='normal', weight=400, stretch='normal', size='scalable')) = 11.335
[2026-01-02 04:35:36] [DEBUG] findfont: score(FontEntry(fname='C:\\Windows\\Fonts\\BOD_BI.TTF', name='Bodoni MT', style='italic', variant='normal', weight=700, stretch='normal', size='scalable')) = 11.05
[2026-01-02 04:35:36] [DEBUG] findfont: score(FontEntry(fname='C:\\Windows\\Fonts\\PARCHM.TTF', name='Parchment', style='normal', variant='normal', weight=400, stretch='normal', size='scalable')) = 10.335
[2026-01-02 04:35:36] [DEBUG] findfont: score(FontEntry(fname='C:\\Windows\\Fonts\\romant__.ttf', name='RomanT', style='normal', variant='normal', weight=400, stretch='normal', size='scalable')) = 10.335
[2026-01-02 04:35:36] [DEBUG] findfont: score(FontEntry(fname='C:\\Windows\\Fonts\\GLECB.TTF', name='Gloucester MT Extra Condensed', style='normal', variant='normal', weight=400, stretch='condensed', size='scalable')) = 10.535
[2026-01-02 04:35:36] [DEBUG] findfont: score(FontEntry(fname='C:\\Windows\\Fonts\\georgiai.ttf', name='Georgia', style='italic', variant='normal', weight=400, stretch='normal', size='scalable')) = 11.335
[2026-01-02 04:35:36] [DEBUG] findfont: score(FontEntry(fname='C:\\Windows\\Fonts\\ERASLGHT.TTF', name='Eras Light ITC', style='normal', variant='normal', weight=400, stretch='normal', size='scalable')) = 10.335
[2026-01-02 04:35:36] [DEBUG] findfont: score(FontEntry(fname='C:\\Windows\\Fonts\\PERTILI.TTF', name='Perpetua Titling MT', style='normal', variant='normal', weight=300, stretch='normal', size='scalable')) = 10.43
[2026-01-02 04:35:36] [DEBUG] findfont: score(FontEntry(fname='C:\\Windows\\Fonts\\msjhl.ttc', name='Microsoft JhengHei', style='normal', variant='normal', weight=290, stretch='normal', size='scalable')) = 10.4395
[2026-01-02 04:35:36] [DEBUG] findfont: score(FontEntry(fname='C:\\Windows\\Fonts\\NIAGENG.TTF', name='Niagara Engraved', style='normal', variant='normal', weight=400, stretch='normal', size='scalable')) = 10.335
[2026-01-02 04:35:36] [DEBUG] findfont: score(FontEntry(fname='C:\\Windows\\Fonts\\ariblk.ttf', name='Arial', style='normal', variant='normal', weight=900, stretch='normal', size='scalable')) = 10.24
[2026-01-02 04:35:36] [DEBUG] findfont: score(FontEntry(fname='C:\\Windows\\Fonts\\isoct2__.ttf', name='ISOCT2', style='normal', variant='normal', weight=400, stretch='normal', size='scalable')) = 10.335
[2026-01-02 04:35:36] [DEBUG] findfont: score(FontEntry(fname='C:\\Windows\\Fonts\\monosbi.ttf', name='Monospac821 BT', style='italic', variant='normal', weight=700, stretch='normal', size='scalable')) = 11.05
[2026-01-02 04:35:36] [DEBUG] findfont: score(FontEntry(fname='C:\\Windows\\Fonts\\H2PORM.TTF', name='HYPost-Medium', style='normal', variant='normal', weight=400, stretch='normal', size='scalable')) = 10.335
[2026-01-02 04:35:36] [DEBUG] findfont: score(FontEntry(fname='C:\\Windows\\Fonts\\Artifakt Element Regular.ttf', name='Artifakt Element', style='normal', variant='normal', weight=400, stretch='normal', size='scalable')) = 10.335
[2026-01-02 04:35:36] [DEBUG] findfont: score(FontEntry(fname='C:\\Windows\\Fonts\\ARIALNI.TTF', name='Arial', style='italic', variant='normal', weight=400, stretch='condensed', size='scalable')) = 11.535
[2026-01-02 04:35:36] [DEBUG] findfont: score(FontEntry(fname='C:\\Windows\\Fonts\\malgunsl.ttf', name='Malgun Gothic', style='normal', variant='normal', weight=300, stretch='normal', size='scalable')) = 0.43
[2026-01-02 04:35:36] [DEBUG] findfont: score(FontEntry(fname='C:\\Windows\\Fonts\\NanumBarunpenB.ttf', name='NanumBarunpen', style='normal', variant='normal', weight=700, stretch='normal', size='scalable')) = 10.05
[2026-01-02 04:35:36] [DEBUG] findfont: score(FontEntry(fname='C:\\Windows\\Fonts\\courbi.ttf', name='Courier New', style='italic', variant='normal', weight=700, stretch='normal', size='scalable')) = 11.05
[2026-01-02 04:35:36] [DEBUG] findfont: score(FontEntry(fname='C:\\Windows\\Fonts\\ARIALNB.TTF', name='Arial', style='normal', variant='normal', weight=700, stretch='condensed', size='scalable')) = 10.25
[2026-01-02 04:35:36] [DEBUG] findfont: score(FontEntry(fname='C:\\Windows\\Fonts\\NanumSquareRoundR.ttf', name='NanumSquareRound', style='normal', variant='normal', weight=400, stretch='normal', size='scalable')) = 10.335
[2026-01-02 04:35:36] [DEBUG] findfont: score(FontEntry(fname='C:\\Windows\\Fonts\\italicc_.ttf', name='ItalicC', style='italic', variant='normal', weight=400, stretch='normal', size='scalable')) = 11.335
[2026-01-02 04:35:36] [DEBUG] findfont: score(FontEntry(fname='C:\\Windows\\Fonts\\TCB_____.TTF', name='Tw Cen MT', style='normal', variant='normal', weight=700, stretch='normal', size='scalable')) = 10.05
[2026-01-02 04:35:36] [DEBUG] findfont: score(FontEntry(fname='C:\\Windows\\Fonts\\symusic_.ttf', name='Symusic', style='normal', variant='normal', weight=400, stretch='normal', size='scalable')) = 10.335
[2026-01-02 04:35:36] [DEBUG] findfont: score(FontEntry(fname='C:\\Windows\\Fonts\\LBRITEI.TTF', name='Lucida Bright', style='italic', variant='normal', weight=400, stretch='normal', size='scalable')) = 11.335
[2026-01-02 04:35:36] [DEBUG] findfont: score(FontEntry(fname='C:\\Windows\\Fonts\\GOTHIC.TTF', name='Century Gothic', style='normal', variant='normal', weight=400, stretch='normal', size='scalable')) = 10.335
[2026-01-02 04:35:36] [DEBUG] findfont: score(FontEntry(fname='C:\\Windows\\Fonts\\meiryob.ttc', name='Meiryo', style='normal', variant='normal', weight=700, stretch='normal', size='scalable')) = 10.05
[2026-01-02 04:35:36] [DEBUG] findfont: score(FontEntry(fname='C:\\Windows\\Fonts\\Artifakt Element LIght.ttf', name='Artifakt Element', style='normal', variant='normal', weight=300, stretch='normal', size='scalable')) = 10.43
[2026-01-02 04:35:36] [DEBUG] findfont: score(FontEntry(fname='C:\\Windows\\Fonts\\txt_____.ttf', name='Txt', style='normal', variant='normal', weight=400, stretch='normal', size='scalable')) = 10.335
[2026-01-02 04:35:36] [DEBUG] findfont: score(FontEntry(fname='C:\\Windows\\Fonts\\SitkaI.ttc', name='Sitka Small', style='italic', variant='normal', weight=400, stretch='normal', size='scalable')) = 11.335
[2026-01-02 04:35:36] [DEBUG] findfont: score(FontEntry(fname='C:\\Windows\\Fonts\\NanumMyeongjoBold.ttf', name='NanumMyeongjo', style='normal', variant='normal', weight=600, stretch='normal', size='scalable')) = 10.145
[2026-01-02 04:35:36] [DEBUG] findfont: score(FontEntry(fname='C:\\Windows\\Fonts\\dutcheb.ttf', name='Dutch801 XBd BT', style='normal', variant='normal', weight=400, stretch='normal', size='scalable')) = 10.335
[2026-01-02 04:35:36] [DEBUG] findfont: score(FontEntry(fname='C:\\Program Files\\VEGAS\\VEGAS Pro 18.0\\fonts\\marguerite.otf', name='Marguerite', style='normal', variant='normal', weight=400, stretch='normal', size='scalable')) = 10.335
[2026-01-02 04:35:36] [DEBUG] findfont: score(FontEntry(fname='C:\\Windows\\Fonts\\NotoSansKR-VF.ttf', name='Noto Sans KR', style='normal', variant='normal', weight=100, stretch='normal', size='scalable')) = 10.62
[2026-01-02 04:35:36] [DEBUG] findfont: score(FontEntry(fname='C:\\Windows\\Fonts\\TCBI____.TTF', name='Tw Cen MT', style='italic', variant='normal', weight=700, stretch='normal', size='scalable')) = 11.05
[2026-01-02 04:35:36] [DEBUG] findfont: score(FontEntry(fname='C:\\Windows\\Fonts\\times.ttf', name='Times New Roman', style='normal', variant='normal', weight=400, stretch='normal', size='scalable')) = 10.335
[2026-01-02 04:35:36] [DEBUG] findfont: score(FontEntry(fname='C:\\Program Files\\VEGAS\\VEGAS Pro 18.0\\fonts\\Jasmine_and_Greentea.otf', name='Jasmine And Greentea', style='normal', variant='normal', weight=400, stretch='normal', size='scalable')) = 10.335
[2026-01-02 04:35:36] [DEBUG] findfont: score(FontEntry(fname='C:\\Program Files\\VEGAS\\VEGAS Pro 18.0\\fonts\\LaGuapita.otf', name='La Guapita', style='normal', variant='normal', weight=400, stretch='normal', size='scalable')) = 10.335
[2026-01-02 04:35:36] [DEBUG] findfont: score(FontEntry(fname='C:\\Windows\\Fonts\\bgothm.ttf', name='BankGothic Md BT', style='normal', variant='normal', weight=400, stretch='normal', size='scalable')) = 10.335
[2026-01-02 04:35:36] [DEBUG] findfont: score(FontEntry(fname='C:\\Windows\\Fonts\\GARABD.TTF', name='Garamond', style='normal', variant='normal', weight=700, stretch='normal', size='scalable')) = 10.05
[2026-01-02 04:35:36] [DEBUG] findfont: score(FontEntry(fname='C:\\Windows\\Fonts\\BELLB.TTF', name='Bell MT', style='normal', variant='normal', weight=700, stretch='normal', size='scalable')) = 10.05
[2026-01-02 04:35:36] [DEBUG] findfont: score(FontEntry(fname='C:\\Windows\\Fonts\\HANDotum.ttf', name='HCR Dotum', style='normal', variant='normal', weight=400, stretch='normal', size='scalable')) = 10.335
[2026-01-02 04:35:36] [DEBUG] findfont: score(FontEntry(fname='C:\\Windows\\Fonts\\seguisym.ttf', name='Segoe UI Symbol', style='normal', variant='normal', weight=400, stretch='normal', size='scalable')) = 10.335
[2026-01-02 04:35:36] [DEBUG] findfont: score(FontEntry(fname='C:\\Windows\\Fonts\\calibrib.ttf', name='Calibri', style='normal', variant='normal', weight=700, stretch='normal', size='scalable')) = 10.05
[2026-01-02 04:35:36] [DEBUG] findfont: score(FontEntry(fname='C:\\Windows\\Fonts\\Candaral.ttf', name='Candara', style='normal', variant='normal', weight=400, stretch='normal', size='scalable')) = 10.335
[2026-01-02 04:35:36] [DEBUG] findfont: score(FontEntry(fname='C:\\Windows\\Fonts\\IMPRISHA.TTF', name='Imprint MT Shadow', style='normal', variant='normal', weight=400, stretch='normal', size='scalable')) = 10.335
[2026-01-02 04:35:36] [DEBUG] findfont: score(FontEntry(fname='C:\\Windows\\Fonts\\HMKMMAG.TTF', name='Magic R', style='normal', variant='normal', weight=400, stretch='normal', size='scalable')) = 10.335
[2026-01-02 04:35:36] [DEBUG] findfont: score(FontEntry(fname='C:\\Windows\\Fonts\\NanumBarunGothicUltraLight.ttf', name='NanumBarunGothic', style='normal', variant='normal', weight=300, stretch='normal', size='scalable')) = 10.43
[2026-01-02 04:35:36] [DEBUG] findfont: score(FontEntry(fname='C:\\Windows\\Fonts\\H2MKPB.TTF', name='HYPMokGak-Bold', style='normal', variant='normal', weight=400, stretch='normal', size='scalable')) = 10.335
[2026-01-02 04:35:36] [DEBUG] findfont: score(FontEntry(fname='C:\\Windows\\Fonts\\RAGE.TTF', name='Rage Italic', style='italic', variant='normal', weight=400, stretch='normal', size='scalable')) = 11.335
[2026-01-02 04:35:36] [DEBUG] findfont: score(FontEntry(fname='C:\\Program Files\\VEGAS\\VEGAS Pro 18.0\\fonts\\bakery.otf', name='Bakery', style='normal', variant='normal', weight=400, stretch='normal', size='scalable')) = 10.335
[2026-01-02 04:35:36] [DEBUG] findfont: score(FontEntry(fname='C:\\Windows\\Fonts\\segoescb.ttf', name='Segoe Script', style='normal', variant='normal', weight=700, stretch='normal', size='scalable')) = 10.05
[2026-01-02 04:35:36] [DEBUG] findfont: score(FontEntry(fname='C:\\Windows\\Fonts\\PLAYBILL.TTF', name='Playbill', style='normal', variant='normal', weight=400, stretch='normal', size='scalable')) = 10.335
[2026-01-02 04:35:36] [DEBUG] findfont: score(FontEntry(fname='C:\\Windows\\Fonts\\msyh.ttc', name='Microsoft YaHei', style='normal', variant='normal', weight=400, stretch='normal', size='scalable')) = 10.335
[2026-01-02 04:35:36] [DEBUG] findfont: score(FontEntry(fname='C:\\Windows\\Fonts\\GLSNECB.TTF', name='Gill Sans MT Ext Condensed Bold', style='normal', variant='normal', weight=400, stretch='condensed', size='scalable')) = 10.535
[2026-01-02 04:35:36] [DEBUG] findfont: score(FontEntry(fname='C:\\Windows\\Fonts\\CascadiaCode.ttf', name='Cascadia Code', style='normal', variant='normal', weight=400, stretch='normal', size='scalable')) = 10.335
[2026-01-02 04:35:36] [DEBUG] findfont: score(FontEntry(fname='C:\\Windows\\Fonts\\dutch.ttf', name='Dutch801 Rm BT', style='normal', variant='normal', weight=400, stretch='normal', size='scalable')) = 10.335
[2026-01-02 04:35:36] [DEBUG] findfont: score(FontEntry(fname='C:\\Windows\\Fonts\\FRADM.TTF', name='Franklin Gothic Demi', style='normal', variant='normal', weight=400, stretch='normal', size='scalable')) = 10.335
[2026-01-02 04:35:36] [DEBUG] findfont: score(FontEntry(fname='C:\\Windows\\Fonts\\GOUDOSI.TTF', name='Goudy Old Style', style='italic', variant='normal', weight=400, stretch='normal', size='scalable')) = 11.335
[2026-01-02 04:35:36] [DEBUG] findfont: score(FontEntry(fname='C:\\Windows\\Fonts\\YuGothR.ttc', name='Yu Gothic', style='normal', variant='normal', weight=400, stretch='normal', size='scalable')) = 10.335
[2026-01-02 04:35:36] [DEBUG] findfont: score(FontEntry(fname='C:\\Windows\\Fonts\\REFSAN.TTF', name='MS Reference Sans Serif', style='normal', variant='normal', weight=400, stretch='normal', size='scalable')) = 10.335
[2026-01-02 04:35:36] [DEBUG] findfont: score(FontEntry(fname='C:\\Windows\\Fonts\\Artifakt Element Medium Italic.ttf', name='Artifakt Element', style='italic', variant='normal', weight=600, stretch='normal', size='scalable')) = 11.145
[2026-01-02 04:35:36] [DEBUG] findfont: score(FontEntry(fname='C:\\Windows\\Fonts\\SitkaZ.ttc', name='Sitka Small', style='italic', variant='normal', weight=700, stretch='normal', size='scalable')) = 11.05
[2026-01-02 04:35:36] [DEBUG] findfont: score(FontEntry(fname='C:\\Windows\\Fonts\\BOD_CB.TTF', name='Bodoni MT', style='normal', variant='normal', weight=700, stretch='condensed', size='scalable')) = 10.25
[2026-01-02 04:35:36] [DEBUG] findfont: score(FontEntry(fname='C:\\Windows\\Fonts\\gothici_.ttf', name='GothicI', style='normal', variant='normal', weight=400, stretch='normal', size='scalable')) = 10.335
[2026-01-02 04:35:36] [DEBUG] findfont: score(FontEntry(fname='C:\\Windows\\Fonts\\BOOKOSB.TTF', name='Bookman Old Style', style='normal', variant='normal', weight=600, stretch='normal', size='scalable')) = 10.145
[2026-01-02 04:35:36] [DEBUG] findfont: score(FontEntry(fname='C:\\Windows\\Fonts\\swisscl.ttf', name='Swis721 LtCn BT', style='normal', variant='normal', weight=400, stretch='condensed', size='scalable')) = 10.535
[2026-01-02 04:35:36] [DEBUG] findfont: score(FontEntry(fname='C:\\Windows\\Fonts\\ROCC____.TTF', name='Rockwell Condensed', style='normal', variant='normal', weight=400, stretch='condensed', size='scalable')) = 10.535
[2026-01-02 04:35:36] [DEBUG] findfont: score(FontEntry(fname='C:\\Windows\\Fonts\\FRABKIT.TTF', name='Franklin Gothic Book', style='italic', variant='normal', weight=400, stretch='normal', size='scalable')) = 11.335
[2026-01-02 04:35:36] [DEBUG] findfont: score(FontEntry(fname='C:\\Windows\\Fonts\\swisski.ttf', name='Swis721 Blk BT', style='italic', variant='normal', weight=400, stretch='normal', size='scalable')) = 11.335
[2026-01-02 04:35:36] [DEBUG] findfont: score(FontEntry(fname='C:\\Program Files\\VEGAS\\VEGAS Pro 18.0\\fonts\\rose_of_baltimore.otf', name='Rose Of Baltimore', style='normal', variant='normal', weight=400, stretch='normal', size='scalable')) = 10.335
[2026-01-02 04:35:36] [DEBUG] findfont: score(FontEntry(fname='C:\\Windows\\Fonts\\swisscb.ttf', name='Swis721 Cn BT', style='normal', variant='normal', weight=700, stretch='condensed', size='scalable')) = 10.25
[2026-01-02 04:35:36] [DEBUG] findfont: score(FontEntry(fname='C:\\Windows\\Fonts\\isocpeur.ttf', name='ISOCPEUR', style='normal', variant='normal', weight=400, stretch='normal', size='scalable')) = 10.335
[2026-01-02 04:35:36] [DEBUG] findfont: score(FontEntry(fname='C:\\Windows\\Fonts\\HANBatang.ttf', name='HCR Batang', style='normal', variant='normal', weight=400, stretch='normal', size='scalable')) = 10.335
[2026-01-02 04:35:36] [DEBUG] findfont: score(FontEntry(fname='C:\\Windows\\Fonts\\comicbd.ttf', name='Comic Sans MS', style='normal', variant='normal', weight=700, stretch='normal', size='scalable')) = 10.05
[2026-01-02 04:35:36] [DEBUG] findfont: score(FontEntry(fname='C:\\Program Files\\VEGAS\\VEGAS Pro 18.0\\fonts\\Grand_Aventure_Outline.otf', name='Grand Aventure Outline', style='normal', variant='normal', weight=400, stretch='normal', size='scalable')) = 10.335
[2026-01-02 04:35:36] [DEBUG] findfont: score(FontEntry(fname='C:\\Windows\\Fonts\\ERASBD.TTF', name='Eras Bold ITC', style='normal', variant='normal', weight=400, stretch='normal', size='scalable')) = 10.335
[2026-01-02 04:35:36] [DEBUG] findfont: score(FontEntry(fname='C:\\Windows\\Fonts\\YuGothM.ttc', name='Yu Gothic', style='normal', variant='normal', weight=500, stretch='normal', size='scalable')) = 10.24
[2026-01-02 04:35:36] [DEBUG] findfont: score(FontEntry(fname='C:\\Windows\\Fonts\\gothice_.ttf', name='GothicE', style='normal', variant='normal', weight=400, stretch='normal', size='scalable')) = 10.335
[2026-01-02 04:35:36] [DEBUG] findfont: score(FontEntry(fname='C:\\Windows\\Fonts\\corbell.ttf', name='Corbel', style='normal', variant='normal', weight=300, stretch='normal', size='scalable')) = 10.43
[2026-01-02 04:35:36] [DEBUG] findfont: score(FontEntry(fname='C:\\Windows\\Fonts\\italic__.ttf', name='Italic', style='italic', variant='normal', weight=400, stretch='normal', size='scalable')) = 11.335
[2026-01-02 04:35:36] [DEBUG] findfont: score(FontEntry(fname='C:\\Windows\\Fonts\\micross.ttf', name='Microsoft Sans Serif', style='normal', variant='normal', weight=400, stretch='normal', size='scalable')) = 10.335
[2026-01-02 04:35:36] [DEBUG] findfont: score(FontEntry(fname='C:\\Windows\\Fonts\\CALIFB.TTF', name='Californian FB', style='normal', variant='normal', weight=700, stretch='normal', size='scalable')) = 10.05
[2026-01-02 04:35:36] [DEBUG] findfont: score(FontEntry(fname='C:\\Windows\\Fonts\\NanumBarunGothic.ttf', name='NanumBarunGothic', style='normal', variant='normal', weight=400, stretch='normal', size='scalable')) = 10.335
[2026-01-02 04:35:36] [DEBUG] findfont: score(FontEntry(fname='C:\\Windows\\Fonts\\VLADIMIR.TTF', name='Vladimir Script', style='normal', variant='normal', weight=400, stretch='normal', size='scalable')) = 10.335
[2026-01-02 04:35:36] [DEBUG] findfont: score(FontEntry(fname='C:\\Windows\\Fonts\\NanumGothic.ttf', name='NanumGothic', style='normal', variant='normal', weight=400, stretch='normal', size='scalable')) = 10.335
[2026-01-02 04:35:36] [DEBUG] findfont: score(FontEntry(fname='C:\\Windows\\Fonts\\constan.ttf', name='Constantia', style='normal', variant='normal', weight=400, stretch='normal', size='scalable')) = 10.335
[2026-01-02 04:35:36] [DEBUG] findfont: score(FontEntry(fname='C:\\Windows\\Fonts\\verdanab.ttf', name='Verdana', style='normal', variant='normal', weight=700, stretch='normal', size='scalable')) = 10.05
[2026-01-02 04:35:36] [DEBUG] findfont: score(FontEntry(fname='C:\\Windows\\Fonts\\palab.ttf', name='Palatino Linotype', style='normal', variant='normal', weight=700, stretch='normal', size='scalable')) = 10.05
[2026-01-02 04:35:36] [DEBUG] findfont: score(FontEntry(fname='C:\\Windows\\Fonts\\scripts_.ttf', name='ScriptS', style='normal', variant='normal', weight=400, stretch='normal', size='scalable')) = 10.335
[2026-01-02 04:35:36] [DEBUG] findfont: score(FontEntry(fname='C:\\Windows\\Fonts\\VIVALDII.TTF', name='Vivaldi', style='italic', variant='normal', weight=400, stretch='normal', size='scalable')) = 11.335
[2026-01-02 04:35:36] [DEBUG] findfont: score(FontEntry(fname='C:\\Windows\\Fonts\\gadugi.ttf', name='Gadugi', style='normal', variant='normal', weight=400, stretch='normal', size='scalable')) = 10.335
[2026-01-02 04:35:36] [DEBUG] findfont: score(FontEntry(fname='C:\\Windows\\Fonts\\TCCEB.TTF', name='Tw Cen MT Condensed Extra Bold', style='normal', variant='normal', weight=400, stretch='condensed', size='scalable')) = 10.535
[2026-01-02 04:35:36] [DEBUG] findfont: score(FontEntry(fname='C:\\Program Files\\VEGAS\\VEGAS Pro 18.0\\fonts\\docktrin.otf', name='Docktrin', style='normal', variant='normal', weight=400, stretch='normal', size='scalable')) = 10.335
[2026-01-02 04:35:36] [DEBUG] findfont: score(FontEntry(fname='C:\\Windows\\Fonts\\PERB____.TTF', name='Perpetua', style='normal', variant='normal', weight=700, stretch='normal', size='scalable')) = 10.05
[2026-01-02 04:35:36] [DEBUG] findfont: score(FontEntry(fname='C:\\Windows\\Fonts\\yumin.ttf', name='Yu Mincho', style='normal', variant='normal', weight=400, stretch='normal', size='scalable')) = 10.335
[2026-01-02 04:35:36] [DEBUG] findfont: score(FontEntry(fname='C:\\Windows\\Fonts\\mtproxy7.ttf', name='Proxy 7', style='normal', variant='normal', weight=400, stretch='normal', size='scalable')) = 10.335
[2026-01-02 04:35:36] [DEBUG] findfont: score(FontEntry(fname='C:\\Windows\\Fonts\\FRAHV.TTF', name='Franklin Gothic Heavy', style='normal', variant='normal', weight=400, stretch='normal', size='scalable')) = 10.335
[2026-01-02 04:35:36] [DEBUG] findfont: score(FontEntry(fname='C:\\Windows\\Fonts\\swissbi.ttf', name='Swis721 BT', style='italic', variant='normal', weight=700, stretch='normal', size='scalable')) = 11.05
[2026-01-02 04:35:36] [DEBUG] findfont: score(FontEntry(fname='C:\\Windows\\Fonts\\ROCKBI.TTF', name='Rockwell', style='italic', variant='normal', weight=700, stretch='normal', size='scalable')) = 11.05
[2026-01-02 04:35:36] [DEBUG] findfont: score(FontEntry(fname='C:\\Windows\\Fonts\\CENTAUR.TTF', name='Centaur', style='normal', variant='normal', weight=400, stretch='normal', size='scalable')) = 10.335
[2026-01-02 04:35:36] [DEBUG] findfont: score(FontEntry(fname='C:\\Program Files\\VEGAS\\VEGAS Pro 18.0\\fonts\\MarkMyWordsClean.otf', name='Mark My Words Clean', style='normal', variant='normal', weight=400, stretch='normal', size='scalable')) = 10.335
[2026-01-02 04:35:36] [DEBUG] findfont: score(FontEntry(fname='C:\\Windows\\Fonts\\MTEXTRA.TTF', name='MT Extra', style='normal', variant='normal', weight=400, stretch='normal', size='scalable')) = 10.335
[2026-01-02 04:35:36] [DEBUG] findfont: score(FontEntry(fname='C:\\Windows\\Fonts\\ANTQUABI.TTF', name='Book Antiqua', style='italic', variant='normal', weight=700, stretch='normal', size='scalable')) = 11.05
[2026-01-02 04:35:36] [DEBUG] findfont: score(FontEntry(fname='C:\\Windows\\Fonts\\Artifakt Element Book Italic.ttf', name='Artifakt Element', style='italic', variant='normal', weight=450, stretch='normal', size='scalable')) = 11.2875
[2026-01-02 04:35:36] [DEBUG] findfont: score(FontEntry(fname='C:\\Windows\\Fonts\\timesi.ttf', name='Times New Roman', style='italic', variant='normal', weight=400, stretch='normal', size='scalable')) = 11.335
[2026-01-02 04:35:36] [DEBUG] findfont: score(FontEntry(fname='C:\\Windows\\Fonts\\msjh.ttc', name='Microsoft JhengHei', style='normal', variant='normal', weight=400, stretch='normal', size='scalable')) = 10.335
[2026-01-02 04:35:36] [DEBUG] findfont: score(FontEntry(fname='C:\\Windows\\Fonts\\consolaz.ttf', name='Consolas', style='italic', variant='normal', weight=700, stretch='normal', size='scalable')) = 11.05
[2026-01-02 04:35:36] [DEBUG] findfont: score(FontEntry(fname='C:\\Windows\\Fonts\\GILC____.TTF', name='Gill Sans MT Condensed', style='normal', variant='normal', weight=400, stretch='condensed', size='scalable')) = 10.535
[2026-01-02 04:35:36] [DEBUG] findfont: score(FontEntry(fname='C:\\Windows\\Fonts\\constani.ttf', name='Constantia', style='italic', variant='normal', weight=400, stretch='normal', size='scalable')) = 11.335
[2026-01-02 04:35:36] [DEBUG] findfont: score(FontEntry(fname='C:\\Program Files\\VEGAS\\VEGAS Pro 18.0\\fonts\\hotel_de_paris_Xe.otf', name='Hotel De Paris Xe', style='normal', variant='normal', weight=400, stretch='normal', size='scalable')) = 10.335
[2026-01-02 04:35:36] [DEBUG] findfont: score(FontEntry(fname='C:\\Windows\\Fonts\\GOTHICBI.TTF', name='Century Gothic', style='italic', variant='normal', weight=700, stretch='normal', size='scalable')) = 11.05
[2026-01-02 04:35:36] [DEBUG] findfont: score(FontEntry(fname='C:\\Program Files\\VEGAS\\VEGAS Pro 18.0\\fonts\\bernadette.otf', name='Bernadette', style='normal', variant='normal', weight=400, stretch='normal', size='scalable')) = 10.335
[2026-01-02 04:35:36] [DEBUG] findfont: score(FontEntry(fname='C:\\Windows\\Fonts\\swissc.ttf', name='Swis721 Cn BT', style='normal', variant='normal', weight=400, stretch='condensed', size='scalable')) = 10.535
[2026-01-02 04:35:36] [DEBUG] findfont: score(FontEntry(fname='C:\\Windows\\Fonts\\HanSantteutDotum-Bold.ttf', name='Han Santteut Dotum', style='normal', variant='normal', weight=700, stretch='normal', size='scalable')) = 10.05
[2026-01-02 04:35:36] [DEBUG] findfont: score(FontEntry(fname='C:\\Windows\\Fonts\\mtproxy2.ttf', name='Proxy 2', style='normal', variant='normal', weight=400, stretch='normal', size='scalable')) = 10.335
[2026-01-02 04:35:36] [DEBUG] findfont: score(FontEntry(fname='C:\\Windows\\Fonts\\BIZ-UDMinchoM.ttc', name='BIZ UDMincho', style='normal', variant='normal', weight=500, stretch='normal', size='scalable')) = 10.24
[2026-01-02 04:35:36] [DEBUG] findfont: score(FontEntry(fname='C:\\Windows\\Fonts\\FRADMIT.TTF', name='Franklin Gothic Demi', style='italic', variant='normal', weight=400, stretch='normal', size='scalable')) = 11.335
[2026-01-02 04:35:36] [DEBUG] findfont: score(FontEntry(fname='C:\\Program Files\\VEGAS\\VEGAS Pro 18.0\\fonts\\SilverCharmDuo.otf', name='Silver Charm Duo', style='normal', variant='normal', weight=400, stretch='normal', size='scalable')) = 10.335
[2026-01-02 04:35:36] [DEBUG] findfont: score(FontEntry(fname='C:\\Windows\\Fonts\\NanumGothicLight.ttf', name='NanumGothic', style='normal', variant='normal', weight=300, stretch='normal', size='scalable')) = 10.43
[2026-01-02 04:35:36] [DEBUG] findfont: score(FontEntry(fname='C:\\Windows\\Fonts\\ARIALNBI.TTF', name='Arial', style='italic', variant='normal', weight=700, stretch='condensed', size='scalable')) = 11.25
[2026-01-02 04:35:36] [DEBUG] findfont: score(FontEntry(fname='C:\\Program Files\\VEGAS\\VEGAS Pro 18.0\\fonts\\Gloss_And_Bloom.otf', name='Gloss And Bloom', style='normal', variant='normal', weight=400, stretch='normal', size='scalable')) = 10.335
[2026-01-02 04:35:36] [DEBUG] findfont: score(FontEntry(fname='C:\\Windows\\Fonts\\taileb.ttf', name='Microsoft Tai Le', style='normal', variant='normal', weight=700, stretch='normal', size='scalable')) = 10.05
[2026-01-02 04:35:36] [DEBUG] findfont: score(FontEntry(fname='C:\\Windows\\Fonts\\msyhbd.ttc', name='Microsoft YaHei', style='normal', variant='normal', weight=700, stretch='normal', size='scalable')) = 10.05
[2026-01-02 04:35:36] [DEBUG] findfont: score(FontEntry(fname='C:\\Windows\\Fonts\\GIL_____.TTF', name='Gill Sans MT', style='normal', variant='normal', weight=400, stretch='normal', size='scalable')) = 10.335
[2026-01-02 04:35:36] [DEBUG] findfont: score(FontEntry(fname='C:\\Windows\\Fonts\\swissek.ttf', name='Swis721 BlkEx BT', style='normal', variant='normal', weight=400, stretch='expanded', size='scalable')) = 10.535
[2026-01-02 04:35:36] [DEBUG] findfont: score(FontEntry(fname='C:\\Windows\\Fonts\\trebucit.ttf', name='Trebuchet MS', style='italic', variant='normal', weight=400, stretch='normal', size='scalable')) = 11.335
[2026-01-02 04:35:36] [DEBUG] findfont: score(FontEntry(fname='C:\\Windows\\Fonts\\COOPBL.TTF', name='Cooper Black', style='normal', variant='normal', weight=400, stretch='normal', size='scalable')) = 10.335
[2026-01-02 04:35:36] [DEBUG] findfont: score(FontEntry(fname='C:\\Windows\\Fonts\\sanss___.ttf', name='SansSerif', style='normal', variant='normal', weight=400, stretch='normal', size='scalable')) = 10.335
[2026-01-02 04:35:36] [DEBUG] findfont: score(FontEntry(fname='C:\\Windows\\Fonts\\mtproxy3.ttf', name='Proxy 3', style='normal', variant='normal', weight=400, stretch='normal', size='scalable')) = 10.335
[2026-01-02 04:35:36] [DEBUG] findfont: score(FontEntry(fname='C:\\Windows\\Fonts\\NanumGothicBold.ttf', name='NanumGothic', style='normal', variant='normal', weight=600, stretch='normal', size='scalable')) = 10.145
[2026-01-02 04:35:36] [DEBUG] findfont: score(FontEntry(fname='C:\\Windows\\Fonts\\gulim.ttc', name='Gulim', style='normal', variant='normal', weight=400, stretch='normal', size='scalable')) = 10.335
[2026-01-02 04:35:36] [DEBUG] findfont: score(FontEntry(fname='C:\\Windows\\Fonts\\NanumMyeongjoExtraBold.ttf', name='NanumMyeongjo', style='normal', variant='normal', weight=700, stretch='normal', size='scalable')) = 10.05
[2026-01-02 04:35:36] [DEBUG] findfont: score(FontEntry(fname='C:\\Windows\\Fonts\\sylfaen.ttf', name='Sylfaen', style='normal', variant='normal', weight=400, stretch='normal', size='scalable')) = 10.335
[2026-01-02 04:35:36] [DEBUG] findfont: score(FontEntry(fname='C:\\Windows\\Fonts\\calibrii.ttf', name='Calibri', style='italic', variant='normal', weight=400, stretch='normal', size='scalable')) = 11.335
[2026-01-02 04:35:36] [DEBUG] findfont: score(FontEntry(fname='C:\\Program Files\\VEGAS\\VEGAS Pro 18.0\\fonts\\meat_buckets.otf', name='Meat Buckets', style='normal', variant='normal', weight=400, stretch='normal', size='scalable')) = 10.335
[2026-01-02 04:35:36] [DEBUG] findfont: score(FontEntry(fname='C:\\Program Files\\VEGAS\\VEGAS Pro 18.0\\fonts\\base05.otf', name='Base 05', style='normal', variant='normal', weight=400, stretch='normal', size='scalable')) = 10.335
[2026-01-02 04:35:36] [DEBUG] findfont: score(FontEntry(fname='C:\\Windows\\Fonts\\palai.ttf', name='Palatino Linotype', style='italic', variant='normal', weight=400, stretch='normal', size='scalable')) = 11.335
[2026-01-02 04:35:36] [DEBUG] findfont: score(FontEntry(fname='C:\\Windows\\Fonts\\DejaVuSansMono-Oblique_0.ttf', name='DejaVu Sans Mono', style='oblique', variant='normal', weight=400, stretch='normal', size='scalable')) = 11.335
[2026-01-02 04:35:36] [DEBUG] findfont: score(FontEntry(fname='C:\\Windows\\Fonts\\swissel.ttf', name='Swis721 LtEx BT', style='normal', variant='normal', weight=400, stretch='expanded', size='scalable')) = 10.535
[2026-01-02 04:35:36] [DEBUG] findfont: score(FontEntry(fname='C:\\Windows\\Fonts\\H2MJSM.TTF', name='HYSinMyeongJo-Medium', style='normal', variant='normal', weight=400, stretch='normal', size='scalable')) = 10.335
[2026-01-02 04:35:36] [DEBUG] findfont: score(FontEntry(fname='C:\\Windows\\Fonts\\WINGDNG2.TTF', name='Wingdings 2', style='normal', variant='normal', weight=400, stretch='normal', size='scalable')) = 10.335
[2026-01-02 04:35:36] [DEBUG] findfont: score(FontEntry(fname='C:\\Windows\\Fonts\\AIGDT___.TTF', name='AIGDT', style='normal', variant='normal', weight=400, stretch='normal', size='scalable')) = 10.335
[2026-01-02 04:35:36] [DEBUG] findfont: score(FontEntry(fname='C:\\Windows\\Fonts\\BERNHC.TTF', name='Bernard MT Condensed', style='normal', variant='normal', weight=400, stretch='condensed', size='scalable')) = 10.535
[2026-01-02 04:35:36] [DEBUG] findfont: score(FontEntry(fname='C:\\Windows\\Fonts\\consolai.ttf', name='Consolas', style='italic', variant='normal', weight=400, stretch='normal', size='scalable')) = 11.335
[2026-01-02 04:35:36] [DEBUG] findfont: score(FontEntry(fname='C:\\Windows\\Fonts\\timesbd.ttf', name='Times New Roman', style='normal', variant='normal', weight=700, stretch='normal', size='scalable')) = 10.05
[2026-01-02 04:35:36] [DEBUG] findfont: score(FontEntry(fname='C:\\Windows\\Fonts\\BOOKOSI.TTF', name='Bookman Old Style', style='italic', variant='normal', weight=300, stretch='normal', size='scalable')) = 11.43
[2026-01-02 04:35:36] [DEBUG] findfont: score(FontEntry(fname='C:\\Windows\\Fonts\\mtproxy8.ttf', name='Proxy 8', style='normal', variant='normal', weight=400, stretch='normal', size='scalable')) = 10.335
[2026-01-02 04:35:36] [DEBUG] findfont: score(FontEntry(fname='C:\\Windows\\Fonts\\comicz.ttf', name='Comic Sans MS', style='italic', variant='normal', weight=700, stretch='normal', size='scalable')) = 11.05
[2026-01-02 04:35:36] [DEBUG] findfont: score(FontEntry(fname='C:\\Windows\\Fonts\\NanumSquareR.ttf', name='NanumSquare', style='normal', variant='normal', weight=400, stretch='normal', size='scalable')) = 10.335
[2026-01-02 04:35:36] [DEBUG] findfont: score(FontEntry(fname='C:\\Windows\\Fonts\\H2MJRE.TTF', name='HYMyeongJo-Extra', style='normal', variant='normal', weight=400, stretch='normal', size='scalable')) = 10.335
[2026-01-02 04:35:36] [DEBUG] findfont: score(FontEntry(fname='C:\\Windows\\Fonts\\SCHLBKBI.TTF', name='Century Schoolbook', style='italic', variant='normal', weight=700, stretch='normal', size='scalable')) = 11.05
[2026-01-02 04:35:36] [DEBUG] findfont: score(FontEntry(fname='C:\\Windows\\Fonts\\MSUIGHUB.TTF', name='Microsoft Uighur', style='normal', variant='normal', weight=700, stretch='normal', size='scalable')) = 10.05
[2026-01-02 04:35:36] [DEBUG] findfont: score(FontEntry(fname='C:\\Windows\\Fonts\\GIGI.TTF', name='Gigi', style='normal', variant='normal', weight=400, stretch='normal', size='scalable')) = 10.335
[2026-01-02 04:35:36] [DEBUG] findfont: score(FontEntry(fname='C:\\Windows\\Fonts\\msjhbd.ttc', name='Microsoft JhengHei', style='normal', variant='normal', weight=700, stretch='normal', size='scalable')) = 10.05
[2026-01-02 04:35:36] [DEBUG] findfont: score(FontEntry(fname='C:\\Windows\\Fonts\\ariali.ttf', name='Arial', style='italic', variant='normal', weight=400, stretch='normal', size='scalable')) = 11.335
[2026-01-02 04:35:36] [DEBUG] findfont: score(FontEntry(fname='C:\\Windows\\Fonts\\HMFMOLD.TTF', name='Yet R', style='normal', variant='normal', weight=400, stretch='normal', size='scalable')) = 10.335
[2026-01-02 04:35:36] [DEBUG] findfont: score(FontEntry(fname='C:\\Windows\\Fonts\\GOTHICI.TTF', name='Century Gothic', style='italic', variant='normal', weight=400, stretch='normal', size='scalable')) = 11.335
[2026-01-02 04:35:36] [DEBUG] findfont: score(FontEntry(fname='C:\\Windows\\Fonts\\PAPYRUS.TTF', name='Papyrus', style='normal', variant='normal', weight=400, stretch='normal', size='scalable')) = 10.335
[2026-01-02 04:35:36] [DEBUG] findfont: score(FontEntry(fname='C:\\Windows\\Fonts\\corbelz.ttf', name='Corbel', style='italic', variant='normal', weight=700, stretch='normal', size='scalable')) = 11.05
[2026-01-02 04:35:36] [DEBUG] findfont: score(FontEntry(fname='C:\\Windows\\Fonts\\GENISO.ttf', name='GENISO', style='normal', variant='normal', weight=400, stretch='normal', size='scalable')) = 10.335
[2026-01-02 04:35:36] [DEBUG] findfont: score(FontEntry(fname='C:\\Windows\\Fonts\\swissb.ttf', name='Swis721 BT', style='normal', variant='normal', weight=700, stretch='normal', size='scalable')) = 10.05
[2026-01-02 04:35:36] [DEBUG] findfont: score(FontEntry(fname='C:\\Windows\\Fonts\\REFSPCL.TTF', name='MS Reference Specialty', style='normal', variant='normal', weight=400, stretch='normal', size='scalable')) = 10.335
[2026-01-02 04:35:36] [DEBUG] findfont: score(FontEntry(fname='C:\\Windows\\Fonts\\romand__.ttf', name='RomanD', style='normal', variant='normal', weight=400, stretch='normal', size='scalable')) = 10.335
[2026-01-02 04:35:36] [DEBUG] findfont: score(FontEntry(fname='C:\\Windows\\Fonts\\BOD_CR.TTF', name='Bodoni MT', style='normal', variant='normal', weight=400, stretch='condensed', size='scalable')) = 10.535
[2026-01-02 04:35:36] [DEBUG] findfont: score(FontEntry(fname='C:\\Windows\\Fonts\\techl___.ttf', name='TechnicLite', style='normal', variant='normal', weight=400, stretch='normal', size='scalable')) = 10.335
[2026-01-02 04:35:36] [DEBUG] findfont: score(FontEntry(fname='C:\\Windows\\Fonts\\impact.ttf', name='Impact', style='normal', variant='normal', weight=400, stretch='normal', size='scalable')) = 10.335
[2026-01-02 04:35:36] [DEBUG] findfont: score(FontEntry(fname='C:\\Windows\\Fonts\\cambriaz.ttf', name='Cambria', style='italic', variant='normal', weight=700, stretch='normal', size='scalable')) = 11.05
[2026-01-02 04:35:36] [DEBUG] findfont: score(FontEntry(fname='C:\\Windows\\Fonts\\swissk.ttf', name='Swis721 Blk BT', style='normal', variant='normal', weight=400, stretch='normal', size='scalable')) = 10.335
[2026-01-02 04:35:36] [DEBUG] findfont: score(FontEntry(fname='C:\\Windows\\Fonts\\hy헤드라인m.ttf', name='HYHeadLine-Medium', style='normal', variant='normal', weight=400, stretch='normal', size='scalable')) = 10.335
[2026-01-02 04:35:36] [DEBUG] findfont: score(FontEntry(fname='C:\\Windows\\Fonts\\PERTIBD.TTF', name='Perpetua Titling MT', style='normal', variant='normal', weight=700, stretch='normal', size='scalable')) = 10.05
[2026-01-02 04:35:36] [DEBUG] findfont: score(FontEntry(fname='C:\\Windows\\Fonts\\COPRGTL.TTF', name='Copperplate Gothic Light', style='normal', variant='normal', weight=400, stretch='normal', size='scalable')) = 10.335
[2026-01-02 04:35:36] [DEBUG] findfont: score(FontEntry(fname='C:\\Windows\\Fonts\\VINERITC.TTF', name='Viner Hand ITC', style='normal', variant='normal', weight=400, stretch='normal', size='scalable')) = 10.335
[2026-01-02 04:35:36] [DEBUG] findfont: score(FontEntry(fname='C:\\Program Files\\VEGAS\\VEGAS Pro 18.0\\fonts\\mocking_bird.otf', name='Mocking Bird', style='normal', variant='normal', weight=400, stretch='normal', size='scalable')) = 10.335
[2026-01-02 04:35:36] [DEBUG] findfont: score(FontEntry(fname='C:\\Windows\\Fonts\\MISTRAL.TTF', name='Mistral', style='normal', variant='normal', weight=400, stretch='normal', size='scalable')) = 10.335
[2026-01-02 04:35:36] [DEBUG] findfont: score(FontEntry(fname='C:\\Windows\\Fonts\\swissli.ttf', name='Swis721 Lt BT', style='italic', variant='normal', weight=400, stretch='normal', size='scalable')) = 11.335
[2026-01-02 04:35:36] [DEBUG] findfont: score(FontEntry(fname='C:\\Windows\\Fonts\\corbelli.ttf', name='Corbel', style='italic', variant='normal', weight=300, stretch='normal', size='scalable')) = 11.43
[2026-01-02 04:35:36] [DEBUG] findfont: score(FontEntry(fname='C:\\Windows\\Fonts\\Guitar Pro 5.ttf', name='Guitar Pro 5', style='normal', variant='normal', weight=400, stretch='normal', size='scalable')) = 10.335
[2026-01-02 04:35:36] [DEBUG] findfont: score(FontEntry(fname='C:\\Program Files\\VEGAS\\VEGAS Pro 18.0\\fonts\\huntress.otf', name='Huntress', style='normal', variant='normal', weight=400, stretch='normal', size='scalable')) = 10.335
[2026-01-02 04:35:36] [DEBUG] findfont: score(FontEntry(fname='C:\\Windows\\Fonts\\SCHLBKI.TTF', name='Century Schoolbook', style='italic', variant='normal', weight=400, stretch='normal', size='scalable')) = 11.335
[2026-01-02 04:35:36] [DEBUG] findfont: score(FontEntry(fname='C:\\Windows\\Fonts\\swisscli.ttf', name='Swis721 LtCn BT', style='italic', variant='normal', weight=400, stretch='condensed', size='scalable')) = 11.535
[2026-01-02 04:35:36] [DEBUG] findfont: score(FontEntry(fname='C:\\Program Files\\VEGAS\\VEGAS Pro 18.0\\fonts\\Strawberry Blossom.otf', name='Strawberry Blossom', style='normal', variant='normal', weight=400, stretch='normal', size='scalable')) = 10.335
[2026-01-02 04:35:36] [DEBUG] findfont: score(FontEntry(fname='C:\\Windows\\Fonts\\Artifakt Element Light Italic.ttf', name='Artifakt Element', style='italic', variant='normal', weight=300, stretch='normal', size='scalable')) = 11.43
[2026-01-02 04:35:36] [DEBUG] findfont: score(FontEntry(fname='C:\\Windows\\Fonts\\batang.ttc', name='Batang', style='normal', variant='normal', weight=400, stretch='normal', size='scalable')) = 10.335
[2026-01-02 04:35:36] [DEBUG] findfont: score(FontEntry(fname='C:\\Windows\\Fonts\\HANWing2.ttf', name='Haan Wing2', style='normal', variant='normal', weight=400, stretch='normal', size='scalable')) = 10.335
[2026-01-02 04:35:36] [DEBUG] findfont: score(FontEntry(fname='C:\\Windows\\Fonts\\PERBI___.TTF', name='Perpetua', style='italic', variant='normal', weight=700, stretch='normal', size='scalable')) = 11.05
[2026-01-02 04:35:36] [DEBUG] findfont: score(FontEntry(fname='C:\\Windows\\Fonts\\RAVIE.TTF', name='Ravie', style='normal', variant='normal', weight=400, stretch='normal', size='scalable')) = 10.335
[2026-01-02 04:35:36] [DEBUG] findfont: score(FontEntry(fname='C:\\Windows\\Fonts\\swissl.ttf', name='Swis721 Lt BT', style='normal', variant='normal', weight=400, stretch='normal', size='scalable')) = 10.335
[2026-01-02 04:35:36] [DEBUG] findfont: score(FontEntry(fname='C:\\Windows\\Fonts\\Gabriola.ttf', name='Gabriola', style='normal', variant='normal', weight=400, stretch='normal', size='scalable')) = 10.335
[2026-01-02 04:35:36] [DEBUG] findfont: score(FontEntry(fname='C:\\Windows\\Fonts\\OUTLOOK.TTF', name='MS Outlook', style='normal', variant='normal', weight=400, stretch='normal', size='scalable')) = 10.335
[2026-01-02 04:35:36] [DEBUG] findfont: score(FontEntry(fname='C:\\Windows\\Fonts\\gdt_____.ttf', name='GDT', style='normal', variant='normal', weight=400, stretch='normal', size='scalable')) = 10.335
[2026-01-02 04:35:36] [DEBUG] findfont: score(FontEntry(fname='C:\\Windows\\Fonts\\BOD_CBI.TTF', name='Bodoni MT', style='italic', variant='normal', weight=700, stretch='condensed', size='scalable')) = 11.25
[2026-01-02 04:35:36] [DEBUG] findfont: score(FontEntry(fname='C:\\Windows\\Fonts\\FRAMDCN.TTF', name='Franklin Gothic Medium Cond', style='normal', variant='normal', weight=400, stretch='condensed', size='scalable')) = 10.535
[2026-01-02 04:35:36] [DEBUG] findfont: score(FontEntry(fname='C:\\Windows\\Fonts\\seguiemj.ttf', name='Segoe UI Emoji', style='normal', variant='normal', weight=400, stretch='normal', size='scalable')) = 10.335
[2026-01-02 04:35:36] [DEBUG] findfont: score(FontEntry(fname='C:\\Windows\\Fonts\\ROCKI.TTF', name='Rockwell', style='italic', variant='normal', weight=400, stretch='normal', size='scalable')) = 11.335
[2026-01-02 04:35:36] [DEBUG] findfont: score(FontEntry(fname='C:\\Windows\\Fonts\\swissko.ttf', name='Swis721 BlkOul BT', style='normal', variant='normal', weight=400, stretch='normal', size='scalable')) = 10.335
[2026-01-02 04:35:36] [DEBUG] findfont: score(FontEntry(fname='C:\\Windows\\Fonts\\scriptc_.ttf', name='ScriptC', style='normal', variant='normal', weight=400, stretch='normal', size='scalable')) = 10.335
[2026-01-02 04:35:36] [DEBUG] findfont: score(FontEntry(fname='C:\\Windows\\Fonts\\LSANSDI.TTF', name='Lucida Sans', style='italic', variant='normal', weight=600, stretch='normal', size='scalable')) = 11.145
[2026-01-02 04:35:36] [DEBUG] findfont: score(FontEntry(fname='C:\\Windows\\Fonts\\DejaVuSansMono_0.ttf', name='DejaVu Sans Mono', style='normal', variant='normal', weight=400, stretch='normal', size='scalable')) = 10.335
[2026-01-02 04:35:36] [DEBUG] findfont: score(FontEntry(fname='C:\\Windows\\Fonts\\segoepr.ttf', name='Segoe Print', style='normal', variant='normal', weight=400, stretch='normal', size='scalable')) = 10.335
[2026-01-02 04:35:36] [DEBUG] findfont: score(FontEntry(fname='C:\\Windows\\Fonts\\HancomEQN.ttf', name='HancomEQN', style='normal', variant='normal', weight=400, stretch='normal', size='scalable')) = 10.335
[2026-01-02 04:35:36] [DEBUG] findfont: score(FontEntry(fname='C:\\Windows\\Fonts\\trebuc.ttf', name='Trebuchet MS', style='normal', variant='normal', weight=400, stretch='normal', size='scalable')) = 10.335
[2026-01-02 04:35:36] [DEBUG] findfont: score(FontEntry(fname='C:\\Windows\\Fonts\\TTSNOTE.TTF', name='TtsNote', style='normal', variant='normal', weight=400, stretch='normal', size='scalable')) = 10.335
[2026-01-02 04:35:36] [DEBUG] findfont: score(FontEntry(fname='C:\\Windows\\Fonts\\ITCBLKAD.TTF', name='Blackadder ITC', style='normal', variant='normal', weight=400, stretch='normal', size='scalable')) = 10.335
[2026-01-02 04:35:36] [DEBUG] findfont: score(FontEntry(fname='C:\\Windows\\Fonts\\HMFMPYUN.TTF', name='Pyunji R', style='normal', variant='normal', weight=400, stretch='normal', size='scalable')) = 10.335
[2026-01-02 04:35:36] [DEBUG] findfont: score(FontEntry(fname='C:\\Windows\\Fonts\\PERI____.TTF', name='Perpetua', style='italic', variant='normal', weight=400, stretch='normal', size='scalable')) = 11.335
[2026-01-02 04:35:36] [DEBUG] findfont: score(FontEntry(fname='C:\\Windows\\Fonts\\arial.ttf', name='Arial', style='normal', variant='normal', weight=400, stretch='normal', size='scalable')) = 10.335
[2026-01-02 04:35:36] [DEBUG] findfont: score(FontEntry(fname='C:\\Program Files\\VEGAS\\VEGAS Pro 18.0\\fonts\\Julietta.otf', name='Julietta', style='normal', variant='normal', weight=400, stretch='normal', size='scalable')) = 10.335
[2026-01-02 04:35:36] [DEBUG] findfont: score(FontEntry(fname='C:\\Windows\\Fonts\\INFROMAN.TTF', name='Informal Roman', style='normal', variant='normal', weight=400, stretch='normal', size='scalable')) = 10.335
[2026-01-02 04:35:36] [DEBUG] findfont: score(FontEntry(fname='C:\\Windows\\Fonts\\trebucbd.ttf', name='Trebuchet MS', style='normal', variant='normal', weight=700, stretch='normal', size='scalable')) = 10.05
[2026-01-02 04:35:36] [DEBUG] findfont: score(FontEntry(fname='C:\\Windows\\Fonts\\sanssbo_.ttf', name='SansSerif', style='oblique', variant='normal', weight=700, stretch='normal', size='scalable')) = 11.05
[2026-01-02 04:35:36] [DEBUG] findfont: score(FontEntry(fname='C:\\Windows\\Fonts\\LFAXDI.TTF', name='Lucida Fax', style='italic', variant='normal', weight=600, stretch='normal', size='scalable')) = 11.145
[2026-01-02 04:35:36] [DEBUG] findfont: score(FontEntry(fname='C:\\Windows\\Fonts\\BOD_R.TTF', name='Bodoni MT', style='normal', variant='normal', weight=400, stretch='normal', size='scalable')) = 10.335
[2026-01-02 04:35:36] [DEBUG] findfont: score(FontEntry(fname='C:\\Program Files\\VEGAS\\VEGAS Pro 18.0\\fonts\\Wasted.otf', name='Wasted', style='normal', variant='normal', weight=400, stretch='normal', size='scalable')) = 10.335
[2026-01-02 04:35:36] [DEBUG] findfont: score(FontEntry(fname='C:\\Windows\\Fonts\\HYHWPEQ.TTF', name='HyhwpEQ', style='normal', variant='normal', weight=400, stretch='normal', size='scalable')) = 10.335
[2026-01-02 04:35:36] [DEBUG] findfont: score(FontEntry(fname='C:\\Windows\\Fonts\\TEMPSITC.TTF', name='Tempus Sans ITC', style='normal', variant='normal', weight=400, stretch='normal', size='scalable')) = 10.335
[2026-01-02 04:35:36] [DEBUG] findfont: score(FontEntry(fname='C:\\Windows\\Fonts\\himalaya.ttf', name='Microsoft Himalaya', style='normal', variant='normal', weight=400, stretch='normal', size='scalable')) = 10.335
[2026-01-02 04:35:36] [DEBUG] findfont: score(FontEntry(fname='C:\\Windows\\Fonts\\HARNGTON.TTF', name='Harrington', style='normal', variant='normal', weight=400, stretch='normal', size='scalable')) = 10.335
[2026-01-02 04:35:36] [DEBUG] findfont: score(FontEntry(fname='C:\\Windows\\Fonts\\ROCKB.TTF', name='Rockwell', style='normal', variant='normal', weight=700, stretch='normal', size='scalable')) = 10.05
[2026-01-02 04:35:36] [DEBUG] findfont: score(FontEntry(fname='C:\\Windows\\Fonts\\SCRIPTBL.TTF', name='Script MT Bold', style='normal', variant='normal', weight=700, stretch='normal', size='scalable')) = 10.05
[2026-01-02 04:35:36] [DEBUG] findfont: score(FontEntry(fname='C:\\Windows\\Fonts\\romab___.ttf', name='Romantic', style='normal', variant='normal', weight=700, stretch='normal', size='scalable')) = 10.05
[2026-01-02 04:35:36] [DEBUG] findfont: score(FontEntry(fname='C:\\Windows\\Fonts\\swisscbi.ttf', name='Swis721 Cn BT', style='italic', variant='normal', weight=700, stretch='condensed', size='scalable')) = 11.25
[2026-01-02 04:35:36] [DEBUG] findfont: score(FontEntry(fname='C:\\Windows\\Fonts\\Candarab.ttf', name='Candara', style='normal', variant='normal', weight=700, stretch='normal', size='scalable')) = 10.05
[2026-01-02 04:35:36] [DEBUG] findfont: score(FontEntry(fname='C:\\Windows\\Fonts\\symeteo_.ttf', name='Symeteo', style='normal', variant='normal', weight=400, stretch='normal', size='scalable')) = 10.335
[2026-01-02 04:35:36] [DEBUG] findfont: score(FontEntry(fname='C:\\Windows\\Fonts\\ELEPHNT.TTF', name='Elephant', style='normal', variant='normal', weight=400, stretch='normal', size='scalable')) = 10.335
[2026-01-02 04:35:36] [DEBUG] findfont: score(FontEntry(fname='C:\\Windows\\Fonts\\segoeuil.ttf', name='Segoe UI', style='normal', variant='normal', weight=300, stretch='normal', size='scalable')) = 10.43
[2026-01-02 04:35:36] [DEBUG] findfont: score(FontEntry(fname='C:\\Windows\\Fonts\\complex_.ttf', name='Complex', style='normal', variant='normal', weight=400, stretch='normal', size='scalable')) = 10.335
[2026-01-02 04:35:36] [DEBUG] findfont: score(FontEntry(fname='C:\\Windows\\Fonts\\seguihis.ttf', name='Segoe UI Historic', style='normal', variant='normal', weight=400, stretch='normal', size='scalable')) = 10.335
[2026-01-02 04:35:36] [DEBUG] findfont: score(FontEntry(fname='C:\\Program Files\\VEGAS\\VEGAS Pro 18.0\\fonts\\Grand_Aventure_Text.otf', name='Grand Aventure Text', style='normal', variant='normal', weight=400, stretch='normal', size='scalable')) = 10.335
[2026-01-02 04:35:36] [DEBUG] findfont: score(FontEntry(fname='C:\\Windows\\Fonts\\LBRITED.TTF', name='Lucida Bright', style='normal', variant='normal', weight=600, stretch='normal', size='scalable')) = 10.145
[2026-01-02 04:35:36] [DEBUG] findfont: score(FontEntry(fname='C:\\Windows\\Fonts\\ANTQUAI.TTF', name='Book Antiqua', style='italic', variant='normal', weight=400, stretch='normal', size='scalable')) = 11.335
[2026-01-02 04:35:36] [DEBUG] findfont: score(FontEntry(fname='C:\\Program Files\\VEGAS\\VEGAS Pro 18.0\\fonts\\MarkMyWords.otf', name='Mark My Words', style='normal', variant='normal', weight=400, stretch='normal', size='scalable')) = 10.335
[2026-01-02 04:35:36] [DEBUG] findfont: score(FontEntry(fname='C:\\Windows\\Fonts\\simsun.ttc', name='SimSun', style='normal', variant='normal', weight=400, stretch='normal', size='scalable')) = 10.335
[2026-01-02 04:35:36] [DEBUG] findfont: score(FontEntry(fname='C:\\Windows\\Fonts\\BAUHS93.TTF', name='Bauhaus 93', style='normal', variant='normal', weight=400, stretch='normal', size='scalable')) = 10.335
[2026-01-02 04:35:36] [DEBUG] findfont: score(FontEntry(fname='C:\\Windows\\Fonts\\GILLUBCD.TTF', name='Gill Sans Ultra Bold Condensed', style='normal', variant='normal', weight=400, stretch='condensed', size='scalable')) = 10.535
[2026-01-02 04:35:36] [DEBUG] findfont: score(FontEntry(fname='C:\\Windows\\Fonts\\BRLNSDB.TTF', name='Berlin Sans FB Demi', style='normal', variant='normal', weight=700, stretch='normal', size='scalable')) = 10.05
[2026-01-02 04:35:36] [DEBUG] findfont: score(FontEntry(fname='C:\\Windows\\Fonts\\H2GTRM.TTF', name='HYGothic-Medium', style='normal', variant='normal', weight=400, stretch='normal', size='scalable')) = 10.335
[2026-01-02 04:35:36] [DEBUG] findfont: score(FontEntry(fname='C:\\Program Files\\VEGAS\\VEGAS Pro 18.0\\fonts\\Grand_Aventure_Shadow.otf', name='Grand Aventure Shadow', style='normal', variant='normal', weight=400, stretch='normal', size='scalable')) = 10.335
[2026-01-02 04:35:36] [DEBUG] findfont: score(FontEntry(fname='C:\\Windows\\Fonts\\Artifakt Element Bold.ttf', name='Artifakt Element', style='normal', variant='normal', weight=700, stretch='normal', size='scalable')) = 10.05
[2026-01-02 04:35:36] [DEBUG] findfont: score(FontEntry(fname='C:\\Windows\\Fonts\\LeelUIsl.ttf', name='Leelawadee UI', style='normal', variant='normal', weight=350, stretch='normal', size='scalable')) = 10.3825
[2026-01-02 04:35:36] [DEBUG] findfont: score(FontEntry(fname='C:\\Windows\\Fonts\\l_10646.ttf', name='Lucida Sans Unicode', style='normal', variant='normal', weight=400, stretch='normal', size='scalable')) = 10.335
[2026-01-02 04:35:36] [DEBUG] findfont: score(FontEntry(fname='C:\\Windows\\Fonts\\seguisb.ttf', name='Segoe UI', style='normal', variant='normal', weight=600, stretch='normal', size='scalable')) = 10.145
[2026-01-02 04:35:36] [DEBUG] findfont: score(FontEntry(fname='C:\\Windows\\Fonts\\BKANT.TTF', name='Book Antiqua', style='normal', variant='normal', weight=400, stretch='normal', size='scalable')) = 10.335
[2026-01-02 04:35:36] [DEBUG] findfont: score(FontEntry(fname='C:\\Windows\\Fonts\\DejaVuSansMono-Bold_0.ttf', name='DejaVu Sans Mono', style='normal', variant='normal', weight=700, stretch='normal', size='scalable')) = 10.05
[2026-01-02 04:35:36] [DEBUG] findfont: score(FontEntry(fname='C:\\Windows\\Fonts\\Artifakt Element Hair.ttf', name='Artifakt Element', style='normal', variant='normal', weight=100, stretch='normal', size='scalable')) = 10.62
[2026-01-02 04:35:36] [DEBUG] findfont: score(FontEntry(fname='C:\\Windows\\Fonts\\STENCIL.TTF', name='Stencil', style='normal', variant='normal', weight=400, stretch='normal', size='scalable')) = 10.335
[2026-01-02 04:35:36] [DEBUG] findfont: score(FontEntry(fname='C:\\Windows\\Fonts\\corbelb.ttf', name='Corbel', style='normal', variant='normal', weight=700, stretch='normal', size='scalable')) = 10.05
[2026-01-02 04:35:36] [DEBUG] findfont: score(FontEntry(fname='C:\\Windows\\Fonts\\ebrimabd.ttf', name='Ebrima', style='normal', variant='normal', weight=700, stretch='normal', size='scalable')) = 10.05
[2026-01-02 04:35:36] [DEBUG] findfont: score(FontEntry(fname='C:\\Windows\\Fonts\\bahnschrift.ttf', name='Bahnschrift', style='normal', variant='normal', weight=400, stretch='normal', size='scalable')) = 10.335
[2026-01-02 04:35:36] [DEBUG] findfont: score(FontEntry(fname='C:\\Windows\\Fonts\\Hancom Gothic Regular.ttf', name='Hancom Gothic', style='normal', variant='normal', weight=400, stretch='normal', size='scalable')) = 10.335
[2026-01-02 04:35:36] [DEBUG] findfont: score(FontEntry(fname='C:\\Windows\\Fonts\\CALIFR.TTF', name='Californian FB', style='normal', variant='normal', weight=400, stretch='normal', size='scalable')) = 10.335
[2026-01-02 04:35:36] [DEBUG] findfont: score(FontEntry(fname='C:\\Windows\\Fonts\\FELIXTI.TTF', name='Felix Titling', style='normal', variant='normal', weight=400, stretch='normal', size='scalable')) = 10.335
[2026-01-02 04:35:36] [DEBUG] findfont: score(FontEntry(fname='C:\\Windows\\Fonts\\compi.ttf', name='CommercialPi BT', style='normal', variant='normal', weight=400, stretch='normal', size='scalable')) = 10.335
[2026-01-02 04:35:36] [DEBUG] findfont: score(FontEntry(fname='C:\\Windows\\Fonts\\ntailu.ttf', name='Microsoft New Tai Lue', style='normal', variant='normal', weight=400, stretch='normal', size='scalable')) = 10.335
[2026-01-02 04:35:36] [DEBUG] findfont: score(FontEntry(fname='C:\\Windows\\Fonts\\calibril.ttf', name='Calibri', style='normal', variant='normal', weight=300, stretch='normal', size='scalable')) = 10.43
[2026-01-02 04:35:36] [DEBUG] findfont: score(FontEntry(fname='C:\\Windows\\Fonts\\swisscbo.ttf', name='Swis721 BdCnOul BT', style='normal', variant='normal', weight=400, stretch='condensed', size='scalable')) = 10.535
[2026-01-02 04:35:36] [DEBUG] findfont: score(FontEntry(fname='C:\\Windows\\Fonts\\ntailub.ttf', name='Microsoft New Tai Lue', style='normal', variant='normal', weight=700, stretch='normal', size='scalable')) = 10.05
[2026-01-02 04:35:36] [DEBUG] findfont: score(FontEntry(fname='C:\\Windows\\Fonts\\romans__.ttf', name='RomanS', style='normal', variant='normal', weight=400, stretch='normal', size='scalable')) = 10.335
[2026-01-02 04:35:36] [DEBUG] findfont: score(FontEntry(fname='C:\\Windows\\Fonts\\LTYPEO.TTF', name='Lucida Sans Typewriter', style='oblique', variant='normal', weight=400, stretch='normal', size='scalable')) = 11.335
[2026-01-02 04:35:36] [DEBUG] findfont: score(FontEntry(fname='C:\\Windows\\Fonts\\H2GSRB.TTF', name='HYGungSo-Bold', style='normal', variant='normal', weight=400, stretch='normal', size='scalable')) = 10.335
[2026-01-02 04:35:36] [DEBUG] findfont: score(FontEntry(fname='C:\\Windows\\Fonts\\yumindb.ttf', name='Yu Mincho', style='normal', variant='normal', weight=600, stretch='normal', size='scalable')) = 10.145
[2026-01-02 04:35:36] [DEBUG] findfont: score(FontEntry(fname='C:\\Windows\\Fonts\\monosb.ttf', name='Monospac821 BT', style='normal', variant='normal', weight=700, stretch='normal', size='scalable')) = 10.05
[2026-01-02 04:35:36] [DEBUG] findfont: score(FontEntry(fname='C:\\Program Files\\VEGAS\\VEGAS Pro 18.0\\fonts\\Grand_Aventure.otf', name='Grand Aventure', style='normal', variant='normal', weight=400, stretch='normal', size='scalable')) = 10.335
[2026-01-02 04:35:36] [DEBUG] findfont: score(FontEntry(fname='C:\\Windows\\Fonts\\HMFMMUEX.TTC', name='MoeumT R', style='normal', variant='normal', weight=400, stretch='normal', size='scalable')) = 10.335
[2026-01-02 04:35:36] [DEBUG] findfont: score(FontEntry(fname='C:\\Windows\\Fonts\\comsc.ttf', name='CommercialScript BT', style='normal', variant='normal', weight=400, stretch='normal', size='scalable')) = 10.335
[2026-01-02 04:35:36] [DEBUG] findfont: score(FontEntry(fname='C:\\Windows\\Fonts\\NanumBrush.ttf', name='Nanum Brush Script', style='normal', variant='normal', weight=400, stretch='normal', size='scalable')) = 10.335
[2026-01-02 04:35:36] [DEBUG] findfont: score(FontEntry(fname='C:\\Program Files\\VEGAS\\VEGAS Pro 18.0\\fonts\\The Perfect Christmas.otf', name='The Perfect Christmas', style='normal', variant='normal', weight=400, stretch='normal', size='scalable')) = 10.335
[2026-01-02 04:35:36] [DEBUG] findfont: score(FontEntry(fname='C:\\Program Files\\VEGAS\\VEGAS Pro 18.0\\fonts\\SilverCharm.otf', name='Silver Charm', style='normal', variant='normal', weight=400, stretch='normal', size='scalable')) = 10.335
[2026-01-02 04:35:36] [DEBUG] findfont: score(FontEntry(fname='C:\\Windows\\Fonts\\Artifakt Element Heavy Italic.ttf', name='Artifakt Element', style='italic', variant='normal', weight=900, stretch='normal', size='scalable')) = 11.24
[2026-01-02 04:35:36] [DEBUG] findfont: score(FontEntry(fname='C:\\Windows\\Fonts\\Artifakt Element Italic.ttf', name='Artifakt Element', style='italic', variant='normal', weight=400, stretch='normal', size='scalable')) = 11.335
[2026-01-02 04:35:36] [DEBUG] findfont: score(FontEntry(fname='C:\\Windows\\Fonts\\Artifakt Element Heavy.ttf', name='Artifakt Element', style='normal', variant='normal', weight=900, stretch='normal', size='scalable')) = 10.24
[2026-01-02 04:35:36] [DEBUG] findfont: score(FontEntry(fname='C:\\Windows\\Fonts\\mtproxy4.ttf', name='Proxy 4', style='normal', variant='normal', weight=400, stretch='normal', size='scalable')) = 10.335
[2026-01-02 04:35:36] [DEBUG] findfont: score(FontEntry(fname='C:\\Windows\\Fonts\\swisse.ttf', name='Swis721 Ex BT', style='normal', variant='normal', weight=400, stretch='expanded', size='scalable')) = 10.535
[2026-01-02 04:35:36] [DEBUG] findfont: score(FontEntry(fname='C:\\Windows\\Fonts\\gadugib.ttf', name='Gadugi', style='normal', variant='normal', weight=700, stretch='normal', size='scalable')) = 10.05
[2026-01-02 04:35:36] [DEBUG] findfont: score(FontEntry(fname='C:\\Windows\\Fonts\\LFAX.TTF', name='Lucida Fax', style='normal', variant='normal', weight=400, stretch='normal', size='scalable')) = 10.335
[2026-01-02 04:35:36] [DEBUG] findfont: score(FontEntry(fname='C:\\Windows\\Fonts\\KUNSTLER.TTF', name='Kunstler Script', style='normal', variant='normal', weight=400, stretch='normal', size='scalable')) = 10.335
[2026-01-02 04:35:36] [DEBUG] findfont: score(FontEntry(fname='C:\\Windows\\Fonts\\msyi.ttf', name='Microsoft Yi Baiti', style='normal', variant='normal', weight=400, stretch='normal', size='scalable')) = 10.335
[2026-01-02 04:35:36] [DEBUG] findfont: score(FontEntry(fname='C:\\Windows\\Fonts\\romanc__.ttf', name='RomanC', style='normal', variant='normal', weight=400, stretch='normal', size='scalable')) = 10.335
[2026-01-02 04:35:36] [DEBUG] findfont: score(FontEntry(fname='C:\\Windows\\Fonts\\trebucbi.ttf', name='Trebuchet MS', style='italic', variant='normal', weight=700, stretch='normal', size='scalable')) = 11.05
[2026-01-02 04:35:36] [DEBUG] findfont: score(FontEntry(fname='C:\\Windows\\Fonts\\POORICH.TTF', name='Poor Richard', style='normal', variant='normal', weight=400, stretch='normal', size='scalable')) = 10.335
[2026-01-02 04:35:36] [DEBUG] findfont: score(FontEntry(fname='C:\\Windows\\Fonts\\Artifakt Element Thin.ttf', name='Artifakt Element', style='normal', variant='normal', weight=200, stretch='normal', size='scalable')) = 10.525
[2026-01-02 04:35:36] [DEBUG] findfont: score(FontEntry(fname='C:\\Windows\\Fonts\\OCRAEXT.TTF', name='OCR A Extended', style='normal', variant='normal', weight=400, stretch='expanded', size='scalable')) = 10.535
[2026-01-02 04:35:36] [DEBUG] findfont: score(FontEntry(fname='C:\\Windows\\Fonts\\CHILLER.TTF', name='Chiller', style='normal', variant='normal', weight=400, stretch='normal', size='scalable')) = 10.335
[2026-01-02 04:35:36] [DEBUG] findfont: score(FontEntry(fname='C:\\Windows\\Fonts\\romai___.ttf', name='Romantic', style='italic', variant='normal', weight=400, stretch='normal', size='scalable')) = 11.335
[2026-01-02 04:35:36] [DEBUG] findfont: score(FontEntry(fname='C:\\Windows\\Fonts\\FTLTLT.TTF', name='Footlight MT Light', style='normal', variant='normal', weight=300, stretch='normal', size='scalable')) = 10.43
[2026-01-02 04:35:36] [DEBUG] findfont: score(FontEntry(fname='C:\\Windows\\Fonts\\greekc__.ttf', name='GreekC', style='normal', variant='normal', weight=400, stretch='normal', size='scalable')) = 10.335
[2026-01-02 04:35:36] [DEBUG] findfont: score(FontEntry(fname='C:\\Windows\\Fonts\\HancomHoonminjeongeumH.ttf', name='Hancom Hoonminjeongeum_H', style='normal', variant='normal', weight=400, stretch='normal', size='scalable')) = 10.335
[2026-01-02 04:35:36] [DEBUG] findfont: score(FontEntry(fname='C:\\Windows\\Fonts\\greeks__.ttf', name='GreekS', style='normal', variant='normal', weight=400, stretch='normal', size='scalable')) = 10.335
[2026-01-02 04:35:36] [DEBUG] findfont: score(FontEntry(fname='C:\\Windows\\Fonts\\NanumSquareRoundL.ttf', name='NanumSquareRound', style='normal', variant='normal', weight=300, stretch='normal', size='scalable')) = 10.43
[2026-01-02 04:35:36] [DEBUG] findfont: score(FontEntry(fname='C:\\Windows\\Fonts\\BRUSHSCI.TTF', name='Brush Script MT', style='italic', variant='normal', weight=400, stretch='normal', size='scalable')) = 11.335
[2026-01-02 04:35:36] [DEBUG] findfont: score(FontEntry(fname='C:\\Windows\\Fonts\\supef___.ttf', name='SuperFrench', style='normal', variant='normal', weight=400, stretch='normal', size='scalable')) = 10.335
[2026-01-02 04:35:36] [DEBUG] findfont: score(FontEntry(fname='C:\\Windows\\Fonts\\MalangmalangB.ttf', name='Hancom MalangMalang', style='normal', variant='normal', weight=700, stretch='normal', size='scalable')) = 10.05
[2026-01-02 04:35:36] [DEBUG] findfont: score(FontEntry(fname='C:\\Windows\\Fonts\\JOKERMAN.TTF', name='Jokerman', style='normal', variant='normal', weight=400, stretch='normal', size='scalable')) = 10.335
[2026-01-02 04:35:36] [DEBUG] findfont: score(FontEntry(fname='C:\\Windows\\Fonts\\H2SA1M.TTF', name='HYShortSamul-Medium', style='normal', variant='normal', weight=400, stretch='normal', size='scalable')) = 10.335
[2026-01-02 04:35:36] [DEBUG] findfont: score(FontEntry(fname='C:\\Windows\\Fonts\\Artifakt Element Book.ttf', name='Artifakt Element', style='normal', variant='normal', weight=450, stretch='normal', size='scalable')) = 10.2875
[2026-01-02 04:35:36] [DEBUG] findfont: score(FontEntry(fname='C:\\Windows\\Fonts\\lucon.ttf', name='Lucida Console', style='normal', variant='normal', weight=400, stretch='normal', size='scalable')) = 10.335
[2026-01-02 04:35:36] [DEBUG] findfont: score(FontEntry(fname='C:\\Windows\\Fonts\\HANDotumExt.ttf', name='HCR Dotum Ext', style='normal', variant='normal', weight=400, stretch='normal', size='scalable')) = 10.335
[2026-01-02 04:35:36] [DEBUG] findfont: score(FontEntry(fname='C:\\Windows\\Fonts\\UDDigiKyokashoN-R.ttc', name='UD Digi Kyokasho N-R', style='normal', variant='normal', weight=400, stretch='normal', size='scalable')) = 10.335
[2026-01-02 04:35:36] [DEBUG] findfont: score(FontEntry(fname='C:\\Windows\\Fonts\\symbol.ttf', name='Symbol', style='normal', variant='normal', weight=400, stretch='normal', size='scalable')) = 10.335
[2026-01-02 04:35:36] [DEBUG] findfont: score(FontEntry(fname='C:\\Windows\\Fonts\\technic_.ttf', name='Technic', style='normal', variant='normal', weight=400, stretch='normal', size='scalable')) = 10.335
[2026-01-02 04:35:36] [DEBUG] findfont: score(FontEntry(fname='C:\\Windows\\Fonts\\NirmalaS.ttf', name='Nirmala UI', style='normal', variant='normal', weight=350, stretch='normal', size='scalable')) = 10.3825
[2026-01-02 04:35:36] [DEBUG] findfont: score(FontEntry(fname='C:\\Windows\\Fonts\\holomdl2.ttf', name='HoloLens MDL2 Assets', style='normal', variant='normal', weight=400, stretch='normal', size='scalable')) = 10.335
[2026-01-02 04:35:36] [DEBUG] findfont: score(FontEntry(fname='C:\\Windows\\Fonts\\monosi.ttf', name='Monospac821 BT', style='italic', variant='normal', weight=400, stretch='normal', size='scalable')) = 11.335
[2026-01-02 04:35:36] [DEBUG] findfont: score(FontEntry(fname='C:\\Windows\\Fonts\\H2PORL.TTF', name='HYPost-Light', style='normal', variant='normal', weight=400, stretch='normal', size='scalable')) = 10.335
[2026-01-02 04:35:36] [DEBUG] findfont: score(FontEntry(fname='C:\\Windows\\Fonts\\seguibli.ttf', name='Segoe UI', style='italic', variant='normal', weight=900, stretch='normal', size='scalable')) = 11.24
[2026-01-02 04:35:36] [DEBUG] findfont: score(FontEntry(fname='C:\\Windows\\Fonts\\phagspa.ttf', name='Microsoft PhagsPa', style='normal', variant='normal', weight=400, stretch='normal', size='scalable')) = 10.335
[2026-01-02 04:35:36] [DEBUG] findfont: score(FontEntry(fname='C:\\Windows\\Fonts\\isoct3__.ttf', name='ISOCT3', style='normal', variant='normal', weight=400, stretch='normal', size='scalable')) = 10.335
[2026-01-02 04:35:36] [DEBUG] findfont: score(FontEntry(fname='C:\\Windows\\Fonts\\CENTURY.TTF', name='Century', style='normal', variant='normal', weight=400, stretch='normal', size='scalable')) = 10.335
[2026-01-02 04:35:36] [DEBUG] findfont: score(FontEntry(fname='C:\\Program Files\\VEGAS\\VEGAS Pro 18.0\\fonts\\hotel_de_paris.otf', name='Hotel De Paris', style='normal', variant='normal', weight=400, stretch='normal', size='scalable')) = 10.335
[2026-01-02 04:35:36] [DEBUG] findfont: score(FontEntry(fname='C:\\Windows\\Fonts\\Candarai.ttf', name='Candara', style='italic', variant='normal', weight=400, stretch='normal', size='scalable')) = 11.335
[2026-01-02 04:35:36] [DEBUG] findfont: score(FontEntry(fname='C:\\Windows\\Fonts\\DUBAI-REGULAR.TTF', name='Dubai', style='normal', variant='normal', weight=400, stretch='normal', size='scalable')) = 10.335
[2026-01-02 04:35:36] [DEBUG] findfont: score(FontEntry(fname='C:\\Windows\\Fonts\\Artifakt Element Bold Italic.ttf', name='Artifakt Element', style='italic', variant='normal', weight=700, stretch='normal', size='scalable')) = 11.05
[2026-01-02 04:35:36] [DEBUG] findfont: score(FontEntry(fname='C:\\Windows\\Fonts\\LSANS.TTF', name='Lucida Sans', style='normal', variant='normal', weight=400, stretch='normal', size='scalable')) = 10.335
[2026-01-02 04:35:36] [DEBUG] findfont: score(FontEntry(fname='C:\\Windows\\Fonts\\LTYPE.TTF', name='Lucida Sans Typewriter', style='normal', variant='normal', weight=400, stretch='normal', size='scalable')) = 10.335
[2026-01-02 04:35:36] [DEBUG] findfont: score(FontEntry(fname='C:\\Windows\\Fonts\\ALGER.TTF', name='Algerian', style='normal', variant='normal', weight=400, stretch='normal', size='scalable')) = 10.335
[2026-01-02 04:35:36] [DEBUG] findfont: score(FontEntry(fname='C:\\Windows\\Fonts\\LeelaUIb.ttf', name='Leelawadee UI', style='normal', variant='normal', weight=700, stretch='normal', size='scalable')) = 10.05
[2026-01-02 04:35:36] [DEBUG] findfont: score(FontEntry(fname='C:\\Windows\\Fonts\\LBRITE.TTF', name='Lucida Bright', style='normal', variant='normal', weight=400, stretch='normal', size='scalable')) = 10.335
[2026-01-02 04:35:36] [DEBUG] findfont: score(FontEntry(fname='C:\\Windows\\Fonts\\cambria.ttc', name='Cambria', style='normal', variant='normal', weight=400, stretch='normal', size='scalable')) = 10.335
[2026-01-02 04:35:36] [DEBUG] findfont: score(FontEntry(fname='C:\\Windows\\Fonts\\ebrima.ttf', name='Ebrima', style='normal', variant='normal', weight=400, stretch='normal', size='scalable')) = 10.335
[2026-01-02 04:35:36] [DEBUG] findfont: score(FontEntry(fname='C:\\Windows\\Fonts\\dutchi.ttf', name='Dutch801 Rm BT', style='italic', variant='normal', weight=400, stretch='normal', size='scalable')) = 11.335
[2026-01-02 04:35:36] [DEBUG] findfont: score(FontEntry(fname='C:\\Windows\\Fonts\\Hancom Gothic Bold.ttf', name='Hancom Gothic', style='normal', variant='normal', weight=700, stretch='normal', size='scalable')) = 10.05
[2026-01-02 04:35:36] [DEBUG] findfont: score(FontEntry(fname='C:\\Windows\\Fonts\\ARLRDBD.TTF', name='Arial Rounded MT Bold', style='normal', variant='normal', weight=400, stretch='normal', size='scalable')) = 10.335
[2026-01-02 04:35:36] [DEBUG] findfont: score(FontEntry(fname='C:\\Windows\\Fonts\\seguisli.ttf', name='Segoe UI', style='italic', variant='normal', weight=350, stretch='normal', size='scalable')) = 11.3825
[2026-01-02 04:35:36] [DEBUG] findfont: score(FontEntry(fname='C:\\Windows\\Fonts\\swissbo.ttf', name='Swis721 BdOul BT', style='normal', variant='normal', weight=400, stretch='normal', size='scalable')) = 10.335
[2026-01-02 04:35:36] [DEBUG] findfont: score(FontEntry(fname='C:\\Windows\\Fonts\\isocp3__.ttf', name='ISOCP3', style='normal', variant='normal', weight=400, stretch='normal', size='scalable')) = 10.335
[2026-01-02 04:35:36] [DEBUG] findfont: score(FontEntry(fname='C:\\Program Files\\VEGAS\\VEGAS Pro 18.0\\fonts\\Thinking_of_Betty_Light.otf', name='Thinking Of Betty Light', style='normal', variant='normal', weight=400, stretch='normal', size='scalable')) = 10.335
[2026-01-02 04:35:36] [DEBUG] findfont: score(FontEntry(fname='C:\\Program Files\\VEGAS\\VEGAS Pro 18.0\\fonts\\Broadcast_Matter.otf', name='Broadcast Matter', style='normal', variant='normal', weight=400, stretch='normal', size='scalable')) = 10.335
[2026-01-02 04:35:36] [DEBUG] findfont: score(FontEntry(fname='C:\\Windows\\Fonts\\LeelawUI.ttf', name='Leelawadee UI', style='normal', variant='normal', weight=400, stretch='normal', size='scalable')) = 10.335
[2026-01-02 04:35:36] [DEBUG] findfont: score(FontEntry(fname='C:\\Windows\\Fonts\\ITCEDSCR.TTF', name='Edwardian Script ITC', style='normal', variant='normal', weight=400, stretch='normal', size='scalable')) = 10.335
[2026-01-02 04:35:36] [DEBUG] findfont: score(FontEntry(fname='C:\\Windows\\Fonts\\BELL.TTF', name='Bell MT', style='normal', variant='normal', weight=400, stretch='normal', size='scalable')) = 10.335
[2026-01-02 04:35:36] [DEBUG] findfont: score(FontEntry(fname='C:\\Windows\\Fonts\\ARIALN.TTF', name='Arial', style='normal', variant='normal', weight=400, stretch='condensed', size='scalable')) = 10.535
[2026-01-02 04:35:36] [DEBUG] findfont: score(FontEntry(fname='C:\\Windows\\Fonts\\NanumSquareRoundEB.ttf', name='NanumSquareRound', style='normal', variant='normal', weight=800, stretch='normal', size='scalable')) = 10.145
[2026-01-02 04:35:36] [DEBUG] findfont: score(FontEntry(fname='C:\\Windows\\Fonts\\cambriai.ttf', name='Cambria', style='italic', variant='normal', weight=400, stretch='normal', size='scalable')) = 11.335
[2026-01-02 04:35:36] [DEBUG] findfont: score(FontEntry(fname='C:\\Windows\\Fonts\\Candara.ttf', name='Candara', style='normal', variant='normal', weight=400, stretch='normal', size='scalable')) = 10.335
[2026-01-02 04:35:36] [DEBUG] findfont: score(FontEntry(fname='C:\\Windows\\Fonts\\isocp___.ttf', name='ISOCP', style='normal', variant='normal', weight=400, stretch='normal', size='scalable')) = 10.335
[2026-01-02 04:35:36] [DEBUG] findfont: score(FontEntry(fname='C:\\Windows\\Fonts\\YuGothB.ttc', name='Yu Gothic', style='normal', variant='normal', weight=700, stretch='normal', size='scalable')) = 10.05
[2026-01-02 04:35:36] [DEBUG] findfont: score(FontEntry(fname='C:\\Windows\\Fonts\\BSSYM7.TTF', name='Bookshelf Symbol 7', style='normal', variant='normal', weight=400, stretch='normal', size='scalable')) = 10.335
[2026-01-02 04:35:36] [DEBUG] findfont: score(FontEntry(fname='C:\\Windows\\Fonts\\CASTELAR.TTF', name='Castellar', style='normal', variant='normal', weight=400, stretch='normal', size='scalable')) = 10.335
[2026-01-02 04:35:36] [DEBUG] findfont: score(FontEntry(fname='C:\\Windows\\Fonts\\HMKMAMI.TTF', name='Ami R', style='normal', variant='normal', weight=400, stretch='normal', size='scalable')) = 10.335
[2026-01-02 04:35:36] [DEBUG] findfont: score(FontEntry(fname='C:\\Windows\\Fonts\\swisscki.ttf', name='Swis721 BlkCn BT', style='italic', variant='normal', weight=400, stretch='condensed', size='scalable')) = 11.535
[2026-01-02 04:35:36] [DEBUG] findfont: score(FontEntry(fname='C:\\Windows\\Fonts\\TCM_____.TTF', name='Tw Cen MT', style='normal', variant='normal', weight=400, stretch='normal', size='scalable')) = 10.335
[2026-01-02 04:35:36] [DEBUG] findfont: score(FontEntry(fname='C:\\Windows\\Fonts\\segoeprb.ttf', name='Segoe Print', style='normal', variant='normal', weight=700, stretch='normal', size='scalable')) = 10.05
[2026-01-02 04:35:36] [DEBUG] findfont: score(FontEntry(fname='C:\\Windows\\Fonts\\phagspab.ttf', name='Microsoft PhagsPa', style='normal', variant='normal', weight=700, stretch='normal', size='scalable')) = 10.05
[2026-01-02 04:35:36] [DEBUG] findfont: score(FontEntry(fname='C:\\Windows\\Fonts\\comic.ttf', name='Comic Sans MS', style='normal', variant='normal', weight=400, stretch='normal', size='scalable')) = 10.335
[2026-01-02 04:35:36] [DEBUG] findfont: score(FontEntry(fname='C:\\Windows\\Fonts\\sanssb__.ttf', name='SansSerif', style='normal', variant='normal', weight=700, stretch='normal', size='scalable')) = 10.05
[2026-01-02 04:35:36] [DEBUG] findfont: score(FontEntry(fname='C:\\Windows\\Fonts\\monos.ttf', name='Monospac821 BT', style='normal', variant='normal', weight=400, stretch='normal', size='scalable')) = 10.335
[2026-01-02 04:35:36] [DEBUG] findfont: score(FontEntry(fname='C:\\Windows\\Fonts\\HANBatangExt.ttf', name='HCR Batang Ext', style='normal', variant='normal', weight=400, stretch='normal', size='scalable')) = 10.335
[2026-01-02 04:35:36] [DEBUG] findfont: score(FontEntry(fname='C:\\Windows\\Fonts\\SCHLBKB.TTF', name='Century Schoolbook', style='normal', variant='normal', weight=700, stretch='normal', size='scalable')) = 10.05
[2026-01-02 04:35:36] [DEBUG] findfont: score(FontEntry(fname='C:\\Windows\\Fonts\\malgun.ttf', name='Malgun Gothic', style='normal', variant='normal', weight=400, stretch='normal', size='scalable')) = 0.33499999999999996
[2026-01-02 04:35:36] [DEBUG] findfont: score(FontEntry(fname='C:\\Windows\\Fonts\\consola.ttf', name='Consolas', style='normal', variant='normal', weight=400, stretch='normal', size='scalable')) = 10.335
[2026-01-02 04:35:36] [DEBUG] findfont: score(FontEntry(fname='C:\\Windows\\Fonts\\CALISTBI.TTF', name='Calisto MT', style='italic', variant='normal', weight=700, stretch='normal', size='scalable')) = 11.05
[2026-01-02 04:35:36] [DEBUG] findfont: score(FontEntry(fname='C:\\Windows\\Fonts\\monbaiti.ttf', name='Mongolian Baiti', style='normal', variant='normal', weight=400, stretch='normal', size='scalable')) = 10.335
[2026-01-02 04:35:36] [DEBUG] findfont: score(FontEntry(fname='C:\\Windows\\Fonts\\BOD_BLAI.TTF', name='Bodoni MT', style='italic', variant='normal', weight=900, stretch='normal', size='scalable')) = 11.24
[2026-01-02 04:35:36] [DEBUG] findfont: score(FontEntry(fname='C:\\Windows\\Fonts\\GOUDOSB.TTF', name='Goudy Old Style', style='normal', variant='normal', weight=700, stretch='normal', size='scalable')) = 10.05
[2026-01-02 04:35:36] [DEBUG] findfont: score(FontEntry(fname='C:\\Windows\\Fonts\\LFAXI.TTF', name='Lucida Fax', style='italic', variant='normal', weight=400, stretch='normal', size='scalable')) = 11.335
[2026-01-02 04:35:36] [DEBUG] findfont: score(FontEntry(fname='C:\\Windows\\Fonts\\NanumSquareRoundB.ttf', name='NanumSquareRound', style='normal', variant='normal', weight=700, stretch='normal', size='scalable')) = 10.05
[2026-01-02 04:35:36] [DEBUG] findfont: score(FontEntry(fname='C:\\Windows\\Fonts\\COLONNA.TTF', name='Colonna MT', style='normal', variant='normal', weight=400, stretch='normal', size='scalable')) = 10.335
[2026-01-02 04:35:36] [DEBUG] findfont: score(FontEntry(fname='C:\\Windows\\Fonts\\ELEPHNTI.TTF', name='Elephant', style='italic', variant='normal', weight=400, stretch='normal', size='scalable')) = 11.335
[2026-01-02 04:35:36] [DEBUG] findfont: score(FontEntry(fname='C:\\Windows\\Fonts\\GOUDOS.TTF', name='Goudy Old Style', style='normal', variant='normal', weight=400, stretch='normal', size='scalable')) = 10.335
[2026-01-02 04:35:36] [DEBUG] findfont: score(FontEntry(fname='C:\\Program Files\\VEGAS\\VEGAS Pro 18.0\\fonts\\work_in_progress.otf', name='Work In Progress', style='normal', variant='normal', weight=400, stretch='normal', size='scalable')) = 10.335
[2026-01-02 04:35:36] [DEBUG] findfont: score(FontEntry(fname='C:\\Windows\\Fonts\\cityb___.ttf', name='CityBlueprint', style='normal', variant='normal', weight=400, stretch='normal', size='scalable')) = 10.335
[2026-01-02 04:35:36] [DEBUG] findfont: score(FontEntry(fname='C:\\Windows\\Fonts\\segoeuii.ttf', name='Segoe UI', style='italic', variant='normal', weight=400, stretch='normal', size='scalable')) = 11.335
[2026-01-02 04:35:36] [DEBUG] findfont: score(FontEntry(fname='C:\\Windows\\Fonts\\NIAGSOL.TTF', name='Niagara Solid', style='normal', variant='normal', weight=400, stretch='normal', size='scalable')) = 10.335
[2026-01-02 04:35:36] [DEBUG] findfont: score(FontEntry(fname='C:\\Windows\\Fonts\\LATINWD.TTF', name='Wide Latin', style='normal', variant='normal', weight=400, stretch='expanded', size='scalable')) = 10.535
[2026-01-02 04:35:36] [DEBUG] findfont: score(FontEntry(fname='C:\\Windows\\Fonts\\NanumBarunpenR.ttf', name='NanumBarunpen', style='normal', variant='normal', weight=400, stretch='normal', size='scalable')) = 10.335
[2026-01-02 04:35:36] [DEBUG] findfont: score(FontEntry(fname='C:\\Windows\\Fonts\\mingliub.ttc', name='MingLiU-ExtB', style='normal', variant='normal', weight=400, stretch='normal', size='scalable')) = 10.335
[2026-01-02 04:35:36] [DEBUG] findfont: score(FontEntry(fname='C:\\Windows\\Fonts\\yuminl.ttf', name='Yu Mincho', style='normal', variant='normal', weight=300, stretch='normal', size='scalable')) = 10.43
[2026-01-02 04:35:36] [DEBUG] findfont: score(FontEntry(fname='C:\\Windows\\Fonts\\meiryo.ttc', name='Meiryo', style='normal', variant='normal', weight=400, stretch='normal', size='scalable')) = 10.335
[2026-01-02 04:35:36] [DEBUG] findfont: score(FontEntry(fname='C:\\Windows\\Fonts\\simplex_.ttf', name='Simplex', style='normal', variant='normal', weight=400, stretch='normal', size='scalable')) = 10.335
[2026-01-02 04:35:36] [DEBUG] findfont: score(FontEntry(fname='C:\\Windows\\Fonts\\symath__.ttf', name='Symath', style='normal', variant='normal', weight=400, stretch='normal', size='scalable')) = 10.335
[2026-01-02 04:35:36] [DEBUG] findfont: score(FontEntry(fname='C:\\Windows\\Fonts\\italict_.ttf', name='ItalicT', style='italic', variant='normal', weight=400, stretch='normal', size='scalable')) = 11.335
[2026-01-02 04:35:36] [DEBUG] findfont: score(FontEntry(fname='C:\\Windows\\Fonts\\CALIFI.TTF', name='Californian FB', style='italic', variant='normal', weight=400, stretch='normal', size='scalable')) = 11.335
[2026-01-02 04:35:36] [DEBUG] findfont: score(FontEntry(fname='C:\\Windows\\Fonts\\verdanaz.ttf', name='Verdana', style='italic', variant='normal', weight=700, stretch='normal', size='scalable')) = 11.05
[2026-01-02 04:35:36] [DEBUG] findfont: score(FontEntry(fname='C:\\Windows\\Fonts\\LSANSI.TTF', name='Lucida Sans', style='italic', variant='normal', weight=400, stretch='normal', size='scalable')) = 11.335
[2026-01-02 04:35:36] [DEBUG] findfont: score(FontEntry(fname='C:\\Windows\\Fonts\\framd.ttf', name='Franklin Gothic Medium', style='normal', variant='normal', weight=400, stretch='normal', size='scalable')) = 10.335
[2026-01-02 04:35:36] [DEBUG] findfont: score(FontEntry(fname='C:\\Windows\\Fonts\\BELLI.TTF', name='Bell MT', style='italic', variant='normal', weight=400, stretch='normal', size='scalable')) = 11.335
[2026-01-02 04:35:36] [DEBUG] findfont: score(FontEntry(fname='C:\\Windows\\Fonts\\MAGNETOB.TTF', name='Magneto', style='normal', variant='normal', weight=700, stretch='normal', size='scalable')) = 10.05
[2026-01-02 04:35:36] [DEBUG] findfont: score(FontEntry(fname='C:\\Windows\\Fonts\\CENSCBK.TTF', name='Century Schoolbook', style='normal', variant='normal', weight=400, stretch='normal', size='scalable')) = 10.335
[2026-01-02 04:35:36] [DEBUG] findfont: score(FontEntry(fname='C:\\Windows\\Fonts\\DUBAI-MEDIUM.TTF', name='Dubai', style='normal', variant='normal', weight=500, stretch='normal', size='scalable')) = 10.24
[2026-01-02 04:35:36] [DEBUG] findfont: score(FontEntry(fname='C:\\Windows\\Fonts\\H2GTRE.TTF', name='HYGothic-Extra', style='normal', variant='normal', weight=400, stretch='normal', size='scalable')) = 10.335
[2026-01-02 04:35:36] [DEBUG] findfont: score(FontEntry(fname='C:\\Windows\\Fonts\\segoeuib.ttf', name='Segoe UI', style='normal', variant='normal', weight=700, stretch='normal', size='scalable')) = 10.05
[2026-01-02 04:35:36] [DEBUG] findfont: score(FontEntry(fname='C:\\Windows\\Fonts\\FRAHVIT.TTF', name='Franklin Gothic Heavy', style='italic', variant='normal', weight=400, stretch='normal', size='scalable')) = 11.335
[2026-01-02 04:35:36] [DEBUG] findfont: score(FontEntry(fname='C:\\Windows\\Fonts\\LHANDW.TTF', name='Lucida Handwriting', style='italic', variant='normal', weight=400, stretch='normal', size='scalable')) = 11.335
[2026-01-02 04:35:36] [DEBUG] findfont: score(FontEntry(fname='C:\\Windows\\Fonts\\TCCB____.TTF', name='Tw Cen MT Condensed', style='normal', variant='normal', weight=700, stretch='condensed', size='scalable')) = 10.25
[2026-01-02 04:35:36] [DEBUG] findfont: score(FontEntry(fname='C:\\Windows\\Fonts\\verdanai.ttf', name='Verdana', style='italic', variant='normal', weight=400, stretch='normal', size='scalable')) = 11.335
[2026-01-02 04:35:36] [DEBUG] findfont: score(FontEntry(fname='C:\\Windows\\Fonts\\romantic.ttf', name='Romantic', style='normal', variant='normal', weight=400, stretch='normal', size='scalable')) = 10.335
[2026-01-02 04:35:36] [DEBUG] findfont: score(FontEntry(fname='C:\\Windows\\Fonts\\MOD20.TTF', name='Modern No. 20', style='normal', variant='normal', weight=400, stretch='normal', size='scalable')) = 10.335
[2026-01-02 04:35:36] [DEBUG] findfont: score(FontEntry(fname='C:\\Windows\\Fonts\\BIZ-UDGothicB.ttc', name='BIZ UDGothic', style='normal', variant='normal', weight=700, stretch='normal', size='scalable')) = 10.05
[2026-01-02 04:35:36] [DEBUG] findfont: score(FontEntry(fname='C:\\Windows\\Fonts\\ENGR.TTF', name='Engravers MT', style='normal', variant='normal', weight=500, stretch='normal', size='scalable')) = 10.24
[2026-01-02 04:35:36] [DEBUG] findfont: score(FontEntry(fname='C:\\Windows\\Fonts\\GILBI___.TTF', name='Gill Sans MT', style='italic', variant='normal', weight=700, stretch='normal', size='scalable')) = 11.05
[2026-01-02 04:35:36] [DEBUG] findfont: score(FontEntry(fname='C:\\Windows\\Fonts\\techb___.ttf', name='TechnicBold', style='normal', variant='normal', weight=400, stretch='normal', size='scalable')) = 10.335
[2026-01-02 04:35:36] [DEBUG] findfont: score(FontEntry(fname='C:\\Windows\\Fonts\\FRSCRIPT.TTF', name='French Script MT', style='normal', variant='normal', weight=400, stretch='normal', size='scalable')) = 10.335
[2026-01-02 04:35:36] [DEBUG] findfont: score(FontEntry(fname='C:\\Windows\\Fonts\\SitkaB.ttc', name='Sitka Small', style='normal', variant='normal', weight=700, stretch='normal', size='scalable')) = 10.05
[2026-01-02 04:35:36] [DEBUG] findfont: score(FontEntry(fname='C:\\Windows\\Fonts\\LFAXD.TTF', name='Lucida Fax', style='normal', variant='normal', weight=600, stretch='normal', size='scalable')) = 10.145
[2026-01-02 04:35:36] [DEBUG] findfont: score(FontEntry(fname='C:\\Windows\\Fonts\\NotoSansJP-VF.ttf', name='Noto Sans JP', style='normal', variant='normal', weight=100, stretch='normal', size='scalable')) = 10.62
[2026-01-02 04:35:36] [DEBUG] findfont: score(FontEntry(fname='C:\\Windows\\Fonts\\LSANSD.TTF', name='Lucida Sans', style='normal', variant='normal', weight=600, stretch='normal', size='scalable')) = 10.145
[2026-01-02 04:35:36] [DEBUG] findfont: score(FontEntry(fname='C:\\Windows\\Fonts\\mtproxy1.ttf', name='Proxy 1', style='normal', variant='normal', weight=400, stretch='normal', size='scalable')) = 10.335
[2026-01-02 04:35:36] [DEBUG] findfont: score(FontEntry(fname='C:\\Windows\\Fonts\\isocpeui.ttf', name='ISOCPEUR', style='italic', variant='normal', weight=400, stretch='normal', size='scalable')) = 11.335
[2026-01-02 04:35:36] [DEBUG] findfont: score(FontEntry(fname='C:\\Windows\\Fonts\\seguisbi.ttf', name='Segoe UI', style='italic', variant='normal', weight=600, stretch='normal', size='scalable')) = 11.145
[2026-01-02 04:35:36] [DEBUG] findfont: score(FontEntry(fname='C:\\Windows\\Fonts\\calibri.ttf', name='Calibri', style='normal', variant='normal', weight=400, stretch='normal', size='scalable')) = 10.335
[2026-01-02 04:35:36] [DEBUG] findfont: score(FontEntry(fname='C:\\Windows\\Fonts\\ERASMD.TTF', name='Eras Medium ITC', style='normal', variant='normal', weight=400, stretch='normal', size='scalable')) = 10.335
[2026-01-02 04:35:36] [DEBUG] findfont: score(FontEntry(fname='C:\\Windows\\Fonts\\PER_____.TTF', name='Perpetua', style='normal', variant='normal', weight=400, stretch='normal', size='scalable')) = 10.335
[2026-01-02 04:35:36] [DEBUG] findfont: score(FontEntry(fname='C:\\Windows\\Fonts\\dutchb.ttf', name='Dutch801 Rm BT', style='normal', variant='normal', weight=700, stretch='normal', size='scalable')) = 10.05
[2026-01-02 04:35:36] [DEBUG] findfont: score(FontEntry(fname='C:\\Windows\\Fonts\\Artifakt Element Medium.ttf', name='Artifakt Element', style='normal', variant='normal', weight=600, stretch='normal', size='scalable')) = 10.145
[2026-01-02 04:35:36] [DEBUG] findfont: score(FontEntry(fname='C:\\Windows\\Fonts\\BOD_B.TTF', name='Bodoni MT', style='normal', variant='normal', weight=700, stretch='normal', size='scalable')) = 10.05
[2026-01-02 04:35:36] [DEBUG] findfont: score(FontEntry(fname='C:\\Windows\\Fonts\\CALISTB.TTF', name='Calisto MT', style='normal', variant='normal', weight=700, stretch='normal', size='scalable')) = 10.05
[2026-01-02 04:35:36] [DEBUG] findfont: score(FontEntry(fname='C:\\Windows\\Fonts\\CALIST.TTF', name='Calisto MT', style='normal', variant='normal', weight=400, stretch='normal', size='scalable')) = 10.335
[2026-01-02 04:35:36] [DEBUG] findfont: score(FontEntry(fname='C:\\Windows\\Fonts\\DUBAI-LIGHT.TTF', name='Dubai', style='normal', variant='normal', weight=300, stretch='normal', size='scalable')) = 10.43
[2026-01-02 04:35:36] [DEBUG] findfont: score(FontEntry(fname='C:\\Windows\\Fonts\\corbel.ttf', name='Corbel', style='normal', variant='normal', weight=400, stretch='normal', size='scalable')) = 10.335
[2026-01-02 04:35:36] [DEBUG] findfont: score(FontEntry(fname='C:\\Windows\\Fonts\\BOD_PSTC.TTF', name='Bodoni MT', style='normal', variant='normal', weight=300, stretch='normal', size='scalable')) = 10.43
[2026-01-02 04:35:36] [DEBUG] findfont: score(FontEntry(fname='C:\\Windows\\Fonts\\FORTE.TTF', name='Forte', style='normal', variant='normal', weight=400, stretch='normal', size='scalable')) = 10.335
[2026-01-02 04:35:36] [DEBUG] findfont: score(FontEntry(fname='C:\\Windows\\Fonts\\HANDotumB.ttf', name='HCR Dotum', style='normal', variant='normal', weight=700, stretch='normal', size='scalable')) = 10.05
[2026-01-02 04:35:36] [DEBUG] findfont: score(FontEntry(fname='C:\\Windows\\Fonts\\LBRITEDI.TTF', name='Lucida Bright', style='italic', variant='normal', weight=600, stretch='normal', size='scalable')) = 11.145
[2026-01-02 04:35:36] [DEBUG] findfont: score(FontEntry(fname='C:\\Windows\\Fonts\\LCALLIG.TTF', name='Lucida Calligraphy', style='italic', variant='normal', weight=400, stretch='normal', size='scalable')) = 11.335
[2026-01-02 04:35:36] [DEBUG] findfont: score(FontEntry(fname='C:\\Windows\\Fonts\\pala.ttf', name='Palatino Linotype', style='normal', variant='normal', weight=400, stretch='normal', size='scalable')) = 10.335
[2026-01-02 04:35:36] [DEBUG] findfont: score(FontEntry(fname='C:\\Windows\\Fonts\\BRITANIC.TTF', name='Britannic Bold', style='normal', variant='normal', weight=400, stretch='normal', size='scalable')) = 10.335
[2026-01-02 04:35:36] [DEBUG] findfont: score(FontEntry(fname='C:\\Windows\\Fonts\\bgothl.ttf', name='BankGothic Lt BT', style='normal', variant='normal', weight=400, stretch='normal', size='scalable')) = 10.335
[2026-01-02 04:35:36] [DEBUG] findfont: score(FontEntry(fname='C:\\Windows\\Fonts\\seguibl.ttf', name='Segoe UI', style='normal', variant='normal', weight=900, stretch='normal', size='scalable')) = 10.24
[2026-01-02 04:35:36] [DEBUG] findfont: score(FontEntry(fname='C:\\Windows\\Fonts\\arialbd.ttf', name='Arial', style='normal', variant='normal', weight=700, stretch='normal', size='scalable')) = 10.05
[2026-01-02 04:35:36] [DEBUG] findfont: score(FontEntry(fname='C:\\Windows\\Fonts\\dutchbi.ttf', name='Dutch801 Rm BT', style='italic', variant='normal', weight=700, stretch='normal', size='scalable')) = 11.05
[2026-01-02 04:35:36] [DEBUG] findfont: score(FontEntry(fname='C:\\Windows\\Fonts\\malgunbd.ttf', name='Malgun Gothic', style='normal', variant='normal', weight=700, stretch='normal', size='scalable')) = 0.05
[2026-01-02 04:35:36] [DEBUG] findfont: score(FontEntry(fname='C:\\Windows\\Fonts\\msgothic.ttc', name='MS Gothic', style='normal', variant='normal', weight=400, stretch='normal', size='scalable')) = 10.335
[2026-01-02 04:35:36] [DEBUG] findfont: score(FontEntry(fname='C:\\Windows\\Fonts\\mtproxy5.ttf', name='Proxy 5', style='normal', variant='normal', weight=400, stretch='normal', size='scalable')) = 10.335
[2026-01-02 04:35:36] [DEBUG] findfont: score(FontEntry(fname='C:\\Windows\\Fonts\\CURLZ___.TTF', name='Curlz MT', style='normal', variant='normal', weight=400, stretch='normal', size='scalable')) = 10.335
[2026-01-02 04:35:36] [DEBUG] findfont: score(FontEntry(fname='C:\\Windows\\Fonts\\AGENCYB.TTF', name='Agency FB', style='normal', variant='normal', weight=700, stretch='normal', size='scalable')) = 10.05
[2026-01-02 04:35:36] [DEBUG] findfont: score(FontEntry(fname='C:\\Windows\\Fonts\\eurro___.ttf', name='EuroRoman', style='oblique', variant='normal', weight=400, stretch='normal', size='scalable')) = 11.335
[2026-01-02 04:35:36] [DEBUG] findfont: score(FontEntry(fname='C:\\Windows\\Fonts\\BASKVILL.TTF', name='Baskerville Old Face', style='normal', variant='normal', weight=400, stretch='normal', size='scalable')) = 10.335
[2026-01-02 04:35:36] [DEBUG] findfont: score(FontEntry(fname='C:\\Windows\\Fonts\\couri.ttf', name='Courier New', style='italic', variant='normal', weight=400, stretch='normal', size='scalable')) = 11.335
[2026-01-02 04:35:36] [DEBUG] findfont: score(FontEntry(fname='C:\\Windows\\Fonts\\CascadiaMono.ttf', name='Cascadia Mono', style='normal', variant='normal', weight=400, stretch='normal', size='scalable')) = 10.335
[2026-01-02 04:35:36] [DEBUG] findfont: score(FontEntry(fname='C:\\Windows\\Fonts\\HTOWERT.TTF', name='High Tower Text', style='normal', variant='normal', weight=400, stretch='normal', size='scalable')) = 10.335
[2026-01-02 04:35:36] [DEBUG] findfont: score(FontEntry(fname='C:\\Windows\\Fonts\\HARLOWSI.TTF', name='Harlow Solid Italic', style='italic', variant='normal', weight=400, stretch='normal', size='scalable')) = 11.335
[2026-01-02 04:35:36] [DEBUG] findfont: score(FontEntry(fname='C:\\Windows\\Fonts\\stylu.ttf', name='Stylus BT', style='normal', variant='normal', weight=300, stretch='normal', size='scalable')) = 10.43
[2026-01-02 04:35:36] [DEBUG] findfont: score(FontEntry(fname='C:\\Windows\\Fonts\\PALSCRI.TTF', name='Palace Script MT', style='normal', variant='normal', weight=400, stretch='normal', size='scalable')) = 10.335
[2026-01-02 04:35:36] [DEBUG] findfont: score(FontEntry(fname='C:\\Windows\\Fonts\\HATTEN.TTF', name='Haettenschweiler', style='normal', variant='normal', weight=400, stretch='normal', size='scalable')) = 10.335
[2026-01-02 04:35:36] [DEBUG] findfont: score(FontEntry(fname='C:\\Windows\\Fonts\\isocteur.ttf', name='ISOCTEUR', style='normal', variant='normal', weight=400, stretch='normal', size='scalable')) = 10.335
[2026-01-02 04:35:36] [DEBUG] findfont: score(FontEntry(fname='C:\\Windows\\Fonts\\CALISTI.TTF', name='Calisto MT', style='italic', variant='normal', weight=400, stretch='normal', size='scalable')) = 11.335
[2026-01-02 04:35:36] [DEBUG] findfont: score(FontEntry(fname='C:\\Windows\\Fonts\\NanumSquareB.ttf', name='NanumSquare', style='normal', variant='normal', weight=700, stretch='normal', size='scalable')) = 10.05
[2026-01-02 04:35:36] [DEBUG] findfont: score(FontEntry(fname='C:\\Windows\\Fonts\\PRISTINA.TTF', name='Pristina', style='normal', variant='normal', weight=400, stretch='normal', size='scalable')) = 10.335
[2026-01-02 04:35:36] [DEBUG] findfont: score(FontEntry(fname='C:\\Windows\\Fonts\\SHOWG.TTF', name='Showcard Gothic', style='normal', variant='normal', weight=400, stretch='normal', size='scalable')) = 10.335
[2026-01-02 04:35:36] [DEBUG] findfont: score(FontEntry(fname='C:\\Windows\\Fonts\\counb___.ttf', name='CountryBlueprint', style='normal', variant='normal', weight=400, stretch='normal', size='scalable')) = 10.335
[2026-01-02 04:35:36] [DEBUG] findfont: score(FontEntry(fname='C:\\Windows\\Fonts\\LEELAWAD.TTF', name='Leelawadee', style='normal', variant='normal', weight=400, stretch='normal', size='scalable')) = 10.335
[2026-01-02 04:35:36] [DEBUG] findfont: score(FontEntry(fname='C:\\Windows\\Fonts\\msmincho.ttc', name='MS Mincho', style='normal', variant='normal', weight=400, stretch='normal', size='scalable')) = 10.335
[2026-01-02 04:35:36] [DEBUG] findfont: score(FontEntry(fname='C:\\Windows\\Fonts\\LEELAWDB.TTF', name='Leelawadee', style='normal', variant='normal', weight=700, stretch='normal', size='scalable')) = 10.05
[2026-01-02 04:35:36] [DEBUG] findfont: score(FontEntry(fname='C:\\Windows\\Fonts\\BOOKOS.TTF', name='Bookman Old Style', style='normal', variant='normal', weight=300, stretch='normal', size='scalable')) = 10.43
[2026-01-02 04:35:36] [DEBUG] findfont: score(FontEntry(fname='C:\\Windows\\Fonts\\NirmalaB.ttf', name='Nirmala UI', style='normal', variant='normal', weight=700, stretch='normal', size='scalable')) = 10.05
[2026-01-02 04:35:36] [DEBUG] findfont: score(FontEntry(fname='C:\\Windows\\Fonts\\eurr____.ttf', name='EuroRoman', style='normal', variant='normal', weight=400, stretch='normal', size='scalable')) = 10.335
[2026-01-02 04:35:36] [DEBUG] findfont: score(FontEntry(fname='C:\\Windows\\Fonts\\constanb.ttf', name='Constantia', style='normal', variant='normal', weight=700, stretch='normal', size='scalable')) = 10.05
[2026-01-02 04:35:36] [DEBUG] findfont: score(FontEntry(fname='C:\\Windows\\Fonts\\BOOKOSBI.TTF', name='Bookman Old Style', style='italic', variant='normal', weight=600, stretch='normal', size='scalable')) = 11.145
[2026-01-02 04:35:36] [DEBUG] findfont: score(FontEntry(fname='C:\\Windows\\Fonts\\calibrili.ttf', name='Calibri', style='italic', variant='normal', weight=300, stretch='normal', size='scalable')) = 11.43
[2026-01-02 04:35:36] [DEBUG] findfont: score(FontEntry(fname='C:\\Windows\\Fonts\\MalangmalangR.ttf', name='Hancom MalangMalang', style='normal', variant='normal', weight=400, stretch='normal', size='scalable')) = 10.335
[2026-01-02 04:35:36] [DEBUG] findfont: score(FontEntry(fname='C:\\Windows\\Fonts\\mmrtext.ttf', name='Myanmar Text', style='normal', variant='normal', weight=400, stretch='normal', size='scalable')) = 10.335
[2026-01-02 04:35:36] [DEBUG] findfont: score(FontEntry(fname='C:\\Windows\\Fonts\\tahomabd.ttf', name='Tahoma', style='normal', variant='normal', weight=700, stretch='normal', size='scalable')) = 10.05
[2026-01-02 04:35:36] [DEBUG] findfont: score(FontEntry(fname='C:\\Windows\\Fonts\\timesbi.ttf', name='Times New Roman', style='italic', variant='normal', weight=700, stretch='normal', size='scalable')) = 11.05
[2026-01-02 04:35:36] [DEBUG] findfont: score(FontEntry(fname='C:\\Windows\\Fonts\\ROCK.TTF', name='Rockwell', style='normal', variant='normal', weight=400, stretch='normal', size='scalable')) = 10.335
[2026-01-02 04:35:36] [DEBUG] findfont: score(FontEntry(fname='C:\\Windows\\Fonts\\BOD_CI.TTF', name='Bodoni MT', style='italic', variant='normal', weight=400, stretch='condensed', size='scalable')) = 11.535
[2026-01-02 04:35:36] [DEBUG] findfont: score(FontEntry(fname='C:\\Windows\\Fonts\\NGULIM.TTF', name='New Gulim', style='normal', variant='normal', weight=400, stretch='normal', size='scalable')) = 10.335
[2026-01-02 04:35:36] [DEBUG] findfont: score(FontEntry(fname='C:\\Windows\\Fonts\\Candaraz.ttf', name='Candara', style='italic', variant='normal', weight=700, stretch='normal', size='scalable')) = 11.05
[2026-01-02 04:35:36] [DEBUG] findfont: score(FontEntry(fname='C:\\Windows\\Fonts\\GILB____.TTF', name='Gill Sans MT', style='normal', variant='normal', weight=700, stretch='normal', size='scalable')) = 10.05
[2026-01-02 04:35:36] [DEBUG] findfont: score(FontEntry(fname='C:\\Windows\\Fonts\\Artifakt Element Black.ttf', name='Artifakt Element', style='normal', variant='normal', weight=800, stretch='normal', size='scalable')) = 10.145
[2026-01-02 04:35:36] [DEBUG] findfont: score(FontEntry(fname='C:\\Program Files\\VEGAS\\VEGAS Pro 18.0\\fonts\\magnolia_sky.otf', name='Magnolia Sky', style='normal', variant='normal', weight=400, stretch='normal', size='scalable')) = 10.335
[2026-01-02 04:35:36] [DEBUG] findfont: score(FontEntry(fname='C:\\Windows\\Fonts\\BRLNSB.TTF', name='Berlin Sans FB', style='normal', variant='normal', weight=700, stretch='normal', size='scalable')) = 10.05
[2026-01-02 04:35:36] [DEBUG] findfont: score(FontEntry(fname='C:\\Windows\\Fonts\\isocp2__.ttf', name='ISOCP2', style='normal', variant='normal', weight=400, stretch='normal', size='scalable')) = 10.335
[2026-01-02 04:35:36] [DEBUG] findfont: score(FontEntry(fname='C:\\Windows\\Fonts\\mtproxy6.ttf', name='Proxy 6', style='normal', variant='normal', weight=400, stretch='normal', size='scalable')) = 10.335
[2026-01-02 04:35:36] [DEBUG] findfont: score(FontEntry(fname='C:\\Windows\\Fonts\\MATURASC.TTF', name='Matura MT Script Capitals', style='normal', variant='normal', weight=400, stretch='normal', size='scalable')) = 10.335
[2026-01-02 04:35:36] [DEBUG] findfont: score(FontEntry(fname='C:\\Windows\\Fonts\\symap___.ttf', name='Symap', style='normal', variant='normal', weight=400, stretch='normal', size='scalable')) = 10.335
[2026-01-02 04:35:36] [DEBUG] findfont: score(FontEntry(fname='C:\\Windows\\Fonts\\constanz.ttf', name='Constantia', style='italic', variant='normal', weight=700, stretch='normal', size='scalable')) = 11.05
[2026-01-02 04:35:36] [DEBUG] findfont: score(FontEntry(fname='C:\\Windows\\Fonts\\mvboli.ttf', name='MV Boli', style='normal', variant='normal', weight=400, stretch='normal', size='scalable')) = 10.335
[2026-01-02 04:35:36] [DEBUG] findfont: score(FontEntry(fname='C:\\Windows\\Fonts\\NanumMyeongjo.ttf', name='NanumMyeongjo', style='normal', variant='normal', weight=400, stretch='normal', size='scalable')) = 10.335
[2026-01-02 04:35:36] [DEBUG] findfont: score(FontEntry(fname='C:\\Windows\\Fonts\\BOD_I.TTF', name='Bodoni MT', style='italic', variant='normal', weight=400, stretch='normal', size='scalable')) = 11.335
[2026-01-02 04:35:36] [DEBUG] findfont: score(FontEntry(fname='C:\\Windows\\Fonts\\ROCKEB.TTF', name='Rockwell Extra Bold', style='normal', variant='normal', weight=800, stretch='normal', size='scalable')) = 10.145
[2026-01-02 04:35:36] [DEBUG] findfont: score(FontEntry(fname='C:\\Windows\\Fonts\\segmdl2.ttf', name='Segoe MDL2 Assets', style='normal', variant='normal', weight=400, stretch='normal', size='scalable')) = 10.335
[2026-01-02 04:35:36] [DEBUG] findfont: score(FontEntry(fname='C:\\Windows\\Fonts\\NanumBarunGothicBold.ttf', name='NanumBarunGothic', style='normal', variant='normal', weight=600, stretch='normal', size='scalable')) = 10.145
[2026-01-02 04:35:36] [DEBUG] findfont: score(FontEntry(fname='C:\\Windows\\Fonts\\FRABK.TTF', name='Franklin Gothic Book', style='normal', variant='normal', weight=400, stretch='normal', size='scalable')) = 10.335
[2026-01-02 04:35:36] [DEBUG] findfont: score(FontEntry(fname='C:\\Windows\\Fonts\\ANTQUAB.TTF', name='Book Antiqua', style='normal', variant='normal', weight=700, stretch='normal', size='scalable')) = 10.05
[2026-01-02 04:35:36] [DEBUG] findfont: score(FontEntry(fname='C:\\Windows\\Fonts\\courbd.ttf', name='Courier New', style='normal', variant='normal', weight=700, stretch='normal', size='scalable')) = 10.05
[2026-01-02 04:35:36] [DEBUG] findfont: score(FontEntry(fname='C:\\Windows\\Fonts\\GOUDYSTO.TTF', name='Goudy Stout', style='normal', variant='normal', weight=400, stretch='normal', size='scalable')) = 10.335
[2026-01-02 04:35:36] [DEBUG] findfont: score(FontEntry(fname='C:\\Windows\\Fonts\\DejaVuSansMono-BoldOblique_0.ttf', name='DejaVu Sans Mono', style='oblique', variant='normal', weight=700, stretch='normal', size='scalable')) = 11.05
[2026-01-02 04:35:36] [DEBUG] findfont: score(FontEntry(fname='C:\\Windows\\Fonts\\NanumSquareEB.ttf', name='NanumSquare', style='normal', variant='normal', weight=800, stretch='normal', size='scalable')) = 10.145
[2026-01-02 04:35:36] [DEBUG] findfont: score(FontEntry(fname='C:\\Windows\\Fonts\\BRLNSR.TTF', name='Berlin Sans FB', style='normal', variant='normal', weight=400, stretch='normal', size='scalable')) = 10.335
[2026-01-02 04:35:36] [DEBUG] findfont: score(FontEntry(fname='C:\\Windows\\Fonts\\FREESCPT.TTF', name='Freestyle Script', style='normal', variant='normal', weight=400, stretch='normal', size='scalable')) = 10.335
[2026-01-02 04:35:36] [DEBUG] findfont: score(FontEntry(fname='C:\\Program Files\\VEGAS\\VEGAS Pro 18.0\\fonts\\the_breakdown.otf', name='The Breakdown', style='normal', variant='normal', weight=400, stretch='normal', size='scalable')) = 10.335
[2026-01-02 04:35:36] [DEBUG] findfont: score(FontEntry(fname='C:\\Windows\\Fonts\\palabi.ttf', name='Palatino Linotype', style='italic', variant='normal', weight=700, stretch='normal', size='scalable')) = 11.05
[2026-01-02 04:35:36] [DEBUG] findfont: score(FontEntry(fname='C:\\Windows\\Fonts\\cour.ttf', name='Courier New', style='normal', variant='normal', weight=400, stretch='normal', size='scalable')) = 10.335
[2026-01-02 04:35:36] [DEBUG] findfont: score(FontEntry(fname='C:\\Windows\\Fonts\\LTYPEB.TTF', name='Lucida Sans Typewriter', style='normal', variant='normal', weight=600, stretch='normal', size='scalable')) = 10.145
[2026-01-02 04:35:36] [DEBUG] findfont: score(FontEntry(fname='C:\\Windows\\Fonts\\sansso__.ttf', name='SansSerif', style='oblique', variant='normal', weight=400, stretch='normal', size='scalable')) = 11.335
[2026-01-02 04:35:36] [DEBUG] findfont: score(FontEntry(fname='C:\\Windows\\Fonts\\Artifakt Element Thin Italic.ttf', name='Artifakt Element', style='italic', variant='normal', weight=200, stretch='normal', size='scalable')) = 11.525
[2026-01-02 04:35:36] [DEBUG] findfont: score(FontEntry(fname='C:\\Windows\\Fonts\\Hancom HMJE_V.ttf', name='Hancom Hoonminjeongeum_V', style='normal', variant='normal', weight=400, stretch='normal', size='scalable')) = 10.335
[2026-01-02 04:35:36] [DEBUG] findfont: score(FontEntry(fname='C:\\Windows\\Fonts\\AGENCYR.TTF', name='Agency FB', style='normal', variant='normal', weight=400, stretch='normal', size='scalable')) = 10.335
[2026-01-02 04:35:36] [DEBUG] findfont: score(FontEntry(fname='C:\\Windows\\Fonts\\H2GPRM.TTF', name='HYGraphic-Medium', style='normal', variant='normal', weight=400, stretch='normal', size='scalable')) = 10.335
[2026-01-02 04:35:36] [DEBUG] findfont: score(FontEntry(fname='C:\\Windows\\Fonts\\Artifakt Element Hair Italic.ttf', name='Artifakt Element', style='italic', variant='normal', weight=100, stretch='normal', size='scalable')) = 11.62
[2026-01-02 04:35:36] [DEBUG] findfont: score(FontEntry(fname='C:\\Windows\\Fonts\\isoct___.ttf', name='ISOCT', style='normal', variant='normal', weight=400, stretch='normal', size='scalable')) = 10.335
[2026-01-02 04:35:36] [DEBUG] findfont: score(FontEntry(fname='C:\\Windows\\Fonts\\ITCKRIST.TTF', name='Kristen ITC', style='normal', variant='normal', weight=400, stretch='normal', size='scalable')) = 10.335
[2026-01-02 04:35:36] [DEBUG] findfont: score(FontEntry(fname='C:\\Windows\\Fonts\\Sitka.ttc', name='Sitka Small', style='normal', variant='normal', weight=400, stretch='normal', size='scalable')) = 10.335
[2026-01-02 04:35:36] [DEBUG] findfont: score(FontEntry(fname='C:\\Windows\\Fonts\\syastro_.ttf', name='Syastro', style='normal', variant='normal', weight=400, stretch='normal', size='scalable')) = 10.335
[2026-01-02 04:35:36] [DEBUG] findfont: score(FontEntry(fname='C:\\Windows\\Fonts\\GILSANUB.TTF', name='Gill Sans Ultra Bold', style='normal', variant='normal', weight=400, stretch='normal', size='scalable')) = 10.335
[2026-01-02 04:35:36] [DEBUG] findfont: score(FontEntry(fname='C:\\Windows\\Fonts\\ERASDEMI.TTF', name='Eras Demi ITC', style='normal', variant='normal', weight=400, stretch='normal', size='scalable')) = 10.335
[2026-01-02 04:35:36] [DEBUG] findfont: score(FontEntry(fname='C:\\Windows\\Fonts\\tahoma.ttf', name='Tahoma', style='normal', variant='normal', weight=400, stretch='normal', size='scalable')) = 10.335
[2026-01-02 04:35:36] [DEBUG] findfont: score(FontEntry(fname='C:\\Windows\\Fonts\\vinet.ttf', name='Vineta BT', style='normal', variant='normal', weight=400, stretch='normal', size='scalable')) = 10.335
[2026-01-02 04:35:36] [DEBUG] findfont: score(FontEntry(fname='C:\\Windows\\Fonts\\GARA.TTF', name='Garamond', style='normal', variant='normal', weight=400, stretch='normal', size='scalable')) = 10.335
[2026-01-02 04:35:36] [DEBUG] findfont: score(FontEntry(fname='C:\\Windows\\Fonts\\TCCM____.TTF', name='Tw Cen MT Condensed', style='normal', variant='normal', weight=400, stretch='condensed', size='scalable')) = 10.535
[2026-01-02 04:35:36] [DEBUG] findfont: score(FontEntry(fname='C:\\Windows\\Fonts\\COPRGTB.TTF', name='Copperplate Gothic Bold', style='normal', variant='normal', weight=400, stretch='normal', size='scalable')) = 10.335
[2026-01-02 04:35:36] [DEBUG] findfont: score(FontEntry(fname='C:\\Windows\\Fonts\\UDDigiKyokashoN-B.ttc', name='UD Digi Kyokasho N-B', style='normal', variant='normal', weight=700, stretch='normal', size='scalable')) = 10.05
[2026-01-02 04:35:36] [DEBUG] findfont: score(FontEntry(fname='C:\\Windows\\Fonts\\swissck.ttf', name='Swis721 BlkCn BT', style='normal', variant='normal', weight=400, stretch='condensed', size='scalable')) = 10.535
[2026-01-02 04:35:36] [DEBUG] findfont: score(FontEntry(fname='C:\\Windows\\Fonts\\ONYX.TTF', name='Onyx', style='normal', variant='normal', weight=400, stretch='normal', size='scalable')) = 10.335
[2026-01-02 04:35:36] [DEBUG] findfont: score(FontEntry(fname='C:\\Windows\\Fonts\\HMKMRHD.TTF', name='Headline R', style='normal', variant='normal', weight=400, stretch='normal', size='scalable')) = 10.335
[2026-01-02 04:35:36] [DEBUG] findfont: score(FontEntry(fname='C:\\Windows\\Fonts\\georgia.ttf', name='Georgia', style='normal', variant='normal', weight=400, stretch='normal', size='scalable')) = 10.335
[2026-01-02 04:35:36] [DEBUG] findfont: score(FontEntry(fname='C:\\Windows\\Fonts\\segoeui.ttf', name='Segoe UI', style='normal', variant='normal', weight=400, stretch='normal', size='scalable')) = 10.335
[2026-01-02 04:35:36] [DEBUG] findfont: score(FontEntry(fname='C:\\Windows\\Fonts\\MAIAN.TTF', name='Maiandra GD', style='normal', variant='normal', weight=400, stretch='normal', size='scalable')) = 10.335
[2026-01-02 04:35:36] [DEBUG] findfont: score(FontEntry(fname='C:\\Windows\\Fonts\\AcadEref.ttf', name='AcadEref', style='normal', variant='normal', weight=400, stretch='normal', size='scalable')) = 10.335
[2026-01-02 04:35:36] [DEBUG] findfont: score(FontEntry(fname='C:\\Windows\\Fonts\\H2HDRM.TTF', name='HYHeadLine-Medium', style='normal', variant='normal', weight=400, stretch='normal', size='scalable')) = 10.335
[2026-01-02 04:35:36] [DEBUG] findfont: score(FontEntry(fname='C:\\Windows\\Fonts\\NanumSquareL.ttf', name='NanumSquare', style='normal', variant='normal', weight=300, stretch='normal', size='scalable')) = 10.43
[2026-01-02 04:35:36] [DEBUG] findfont: score(FontEntry(fname='C:\\Windows\\Fonts\\Candarali.ttf', name='Candara', style='italic', variant='normal', weight=400, stretch='normal', size='scalable')) = 11.335
[2026-01-02 04:35:36] [DEBUG] findfont: score(FontEntry(fname='C:\\Windows\\Fonts\\wingding.ttf', name='Wingdings', style='normal', variant='normal', weight=400, stretch='normal', size='scalable')) = 10.335
[2026-01-02 04:35:36] [DEBUG] findfont: score(FontEntry(fname='C:\\Windows\\Fonts\\Artifakt Element Black Italic.ttf', name='Artifakt Element', style='italic', variant='normal', weight=800, stretch='normal', size='scalable')) = 11.145
[2026-01-02 04:35:36] [DEBUG] findfont: score(FontEntry(fname='C:\\Windows\\Fonts\\WINGDNG3.TTF', name='Wingdings 3', style='normal', variant='normal', weight=400, stretch='normal', size='scalable')) = 10.335
[2026-01-02 04:35:36] [DEBUG] findfont: score(FontEntry(fname='C:\\Windows\\Fonts\\BRADHITC.TTF', name='Bradley Hand ITC', style='normal', variant='normal', weight=400, stretch='normal', size='scalable')) = 10.335
[2026-01-02 04:35:36] [DEBUG] findfont: score(FontEntry(fname='C:\\Windows\\Fonts\\BROADW.TTF', name='Broadway', style='normal', variant='normal', weight=400, stretch='normal', size='scalable')) = 10.335
[2026-01-02 04:35:36] [DEBUG] findfont: score(FontEntry(fname='C:\\Windows\\Fonts\\swissci.ttf', name='Swis721 Cn BT', style='italic', variant='normal', weight=400, stretch='condensed', size='scalable')) = 11.535
[2026-01-02 04:35:36] [DEBUG] findfont: score(FontEntry(fname='C:\\Windows\\Fonts\\AMDT_Symbols.ttf', name='AmdtSymbols', style='normal', variant='normal', weight=400, stretch='normal', size='scalable')) = 10.335
[2026-01-02 04:35:36] [DEBUG] findfont: score(FontEntry(fname='C:\\Windows\\Fonts\\Inkfree.ttf', name='Ink Free', style='normal', variant='normal', weight=400, stretch='normal', size='scalable')) = 10.335
[2026-01-02 04:35:36] [DEBUG] findfont: score(FontEntry(fname='C:\\Windows\\Fonts\\NanumPen.ttf', name='Nanum Pen Script', style='normal', variant='normal', weight=400, stretch='normal', size='scalable')) = 10.335
[2026-01-02 04:35:36] [DEBUG] findfont: score(FontEntry(fname='C:\\Windows\\Fonts\\SimsunExtG.ttf', name='SimSun-ExtG', style='normal', variant='normal', weight=400, stretch='normal', size='scalable')) = 10.335
[2026-01-02 04:35:36] [DEBUG] findfont: score(FontEntry(fname='C:\\Windows\\Fonts\\cambriab.ttf', name='Cambria', style='normal', variant='normal', weight=700, stretch='normal', size='scalable')) = 10.05
[2026-01-02 04:35:36] [DEBUG] findfont: score(FontEntry(fname='C:\\Windows\\Fonts\\gothicg_.ttf', name='GothicG', style='normal', variant='normal', weight=400, stretch='normal', size='scalable')) = 10.335
[2026-01-02 04:35:36] [DEBUG] findfont: score(FontEntry(fname='C:\\Windows\\Fonts\\OLDENGL.TTF', name='Old English Text MT', style='normal', variant='normal', weight=400, stretch='normal', size='scalable')) = 10.335
[2026-01-02 04:35:36] [DEBUG] findfont: score(FontEntry(fname='C:\\Windows\\Fonts\\webdings.ttf', name='Webdings', style='normal', variant='normal', weight=400, stretch='normal', size='scalable')) = 10.335
[2026-01-02 04:35:36] [DEBUG] findfont: score(FontEntry(fname='C:\\Windows\\Fonts\\ROCCB___.TTF', name='Rockwell Condensed', style='normal', variant='normal', weight=700, stretch='condensed', size='scalable')) = 10.25
[2026-01-02 04:35:36] [DEBUG] findfont: score(FontEntry(fname='C:\\Windows\\Fonts\\mmrtextb.ttf', name='Myanmar Text', style='normal', variant='normal', weight=700, stretch='normal', size='scalable')) = 10.05
[2026-01-02 04:35:36] [DEBUG] findfont: score(FontEntry(fname='C:\\Windows\\Fonts\\msyhl.ttc', name='Microsoft YaHei', style='normal', variant='normal', weight=290, stretch='normal', size='scalable')) = 10.4395
[2026-01-02 04:35:36] [DEBUG] findfont: score(FontEntry(fname='C:\\Windows\\Fonts\\NanumBarunGothicLight.ttf', name='NanumBarunGothic', style='normal', variant='normal', weight=300, stretch='normal', size='scalable')) = 10.43
[2026-01-02 04:35:36] [DEBUG] findfont: score(FontEntry(fname='C:\\Program Files\\VEGAS\\VEGAS Pro 18.0\\fonts\\Grand_Aventure_Rough.otf', name='Grand Aventure Rough', style='normal', variant='normal', weight=400, stretch='normal', size='scalable')) = 10.335
[2026-01-02 04:35:36] [DEBUG] findfont: score(FontEntry(fname='C:\\Windows\\Fonts\\FRADMCN.TTF', name='Franklin Gothic Demi Cond', style='normal', variant='normal', weight=400, stretch='condensed', size='scalable')) = 10.535
[2026-01-02 04:35:36] [DEBUG] findfont: score(FontEntry(fname='C:\\Windows\\Fonts\\calibriz.ttf', name='Calibri', style='italic', variant='normal', weight=700, stretch='normal', size='scalable')) = 11.05
[2026-01-02 04:35:36] [DEBUG] findfont: score(FontEntry(fname='C:\\Program Files\\VEGAS\\VEGAS Pro 18.0\\fonts\\bernadette_rough.otf', name='Bernadette Rough', style='normal', variant='normal', weight=400, stretch='normal', size='scalable')) = 10.335
[2026-01-02 04:35:36] [DEBUG] findfont: score(FontEntry(fname='C:\\Windows\\Fonts\\HanSantteutDotum-Regular.ttf', name='Han Santteut Dotum', style='normal', variant='normal', weight=400, stretch='normal', size='scalable')) = 10.335
[2026-01-02 04:35:36] [DEBUG] findfont: score(FontEntry(fname='C:\\Windows\\Fonts\\consolab.ttf', name='Consolas', style='normal', variant='normal', weight=700, stretch='normal', size='scalable')) = 10.05
[2026-01-02 04:35:36] [DEBUG] findfont: score(FontEntry(fname='C:\\Windows\\Fonts\\umath.ttf', name='UniversalMath1 BT', style='normal', variant='normal', weight=400, stretch='normal', size='scalable')) = 10.335
[2026-01-02 04:35:36] [DEBUG] findfont: score(FontEntry(fname='C:\\Windows\\Fonts\\georgiaz.ttf', name='Georgia', style='italic', variant='normal', weight=700, stretch='normal', size='scalable')) = 11.05
[2026-01-02 04:35:36] [DEBUG] findfont: score(FontEntry(fname='C:\\Windows\\Fonts\\TCMI____.TTF', name='Tw Cen MT', style='italic', variant='normal', weight=400, stretch='normal', size='scalable')) = 11.335
[2026-01-02 04:35:36] [DEBUG] findfont: Matching Malgun Gothic:style=normal:variant=normal:weight=bold:stretch=normal:size=9.0 to Malgun Gothic ('C:\\Windows\\Fonts\\malgunbd.ttf') with score of 0.050000.
[2026-01-02 04:36:14] [ERROR] 127.0.0.3 Host Discovery Failed | Details: cannot access local variable 'mac_match' where it is not associated with a value
[2026-01-02 04:36:14] [ERROR] 127.0.0.6 Host Discovery Failed | Details: cannot access local variable 'mac_match' where it is not associated with a value
[2026-01-02 04:36:14] [ERROR] 127.0.0.10 Host Discovery Failed | Details: cannot access local variable 'mac_match' where it is not associated with a value
[2026-01-02 04:36:14] [ERROR] 127.0.0.5 Host Discovery Failed | Details: cannot access local variable 'mac_match' where it is not associated with a value
[2026-01-02 04:36:14] [ERROR] 127.0.0.11 Host Discovery Failed | Details: cannot access local variable 'mac_match' where it is not associated with a value
[2026-01-02 04:36:14] [ERROR] 127.0.0.2 Host Discovery Failed | Details: cannot access local variable 'mac_match' where it is not associated with a value
[2026-01-02 04:36:14] [ERROR] 127.0.0.14 Host Discovery Failed | Details: cannot access local variable 'mac_match' where it is not associated with a value
[2026-01-02 04:36:14] [ERROR] 127.0.0.9 Host Discovery Failed | Details: cannot access local variable 'mac_match' where it is not associated with a value
[2026-01-02 04:36:14] [ERROR] 127.0.0.15 Host Discovery Failed | Details: cannot access local variable 'mac_match' where it is not associated with a value
[2026-01-02 04:36:14] [ERROR] 127.0.0.12 Host Discovery Failed | Details: cannot access local variable 'mac_match' where it is not associated with a value
[2026-01-02 04:36:14] [ERROR] 127.0.0.13 Host Discovery Failed | Details: cannot access local variable 'mac_match' where it is not associated with a value
[2026-01-02 04:36:14] [ERROR] 127.0.0.17 Host Discovery Failed | Details: cannot access local variable 'mac_match' where it is not associated with a value
[2026-01-02 04:36:14] [ERROR] 127.0.0.7 Host Discovery Failed | Details: cannot access local variable 'mac_match' where it is not associated with a value
[2026-01-02 04:36:14] [ERROR] 127.0.0.19 Host Discovery Failed | Details: cannot access local variable 'mac_match' where it is not associated with a value
[2026-01-02 04:36:14] [ERROR] 127.0.0.20 Host Discovery Failed | Details: cannot access local variable 'mac_match' where it is not associated with a value
[2026-01-02 04:36:14] [ERROR] 127.0.0.4 Host Discovery Failed | Details: cannot access local variable 'mac_match' where it is not associated with a value
[2026-01-02 04:36:14] [ERROR] 127.0.0.18 Host Discovery Failed | Details: cannot access local variable 'mac_match' where it is not associated with a value
[2026-01-02 04:36:14] [ERROR] 127.0.0.16 Host Discovery Failed | Details: cannot access local variable 'mac_match' where it is not associated with a value
[2026-01-02 04:36:14] [ERROR] 127.0.0.8 Host Discovery Failed | Details: cannot access local variable 'mac_match' where it is not associated with a value
[2026-01-02 04:36:18] [ERROR] Banner grab failed 127.0.0.1:135 | Details: timed out
[2026-01-02 04:36:19] [ERROR] Banner grab failed 127.0.0.6:135 | Details: timed out
[2026-01-02 04:36:19] [ERROR] Banner grab failed 127.0.0.9:135 | Details: timed out
[2026-01-02 04:36:19] [ERROR] Banner grab failed 127.0.0.10:135 | Details: timed out
[2026-01-02 04:36:19] [ERROR] Banner grab failed 127.0.0.17:135 | Details: timed out
[2026-01-02 04:36:19] [ERROR] Banner grab failed 127.0.0.11:135 | Details: timed out
[2026-01-02 04:36:19] [ERROR] Banner grab failed 127.0.0.3:135 | Details: timed out
[2026-01-02 04:36:19] [ERROR] Banner grab failed 127.0.0.2:135 | Details: timed out
[2026-01-02 04:36:19] [ERROR] Banner grab failed 127.0.0.14:135 | Details: timed out
[2026-01-02 04:36:19] [ERROR] Banner grab failed 127.0.0.16:135 | Details: timed out
[2026-01-02 04:36:19] [ERROR] Banner grab failed 127.0.0.19:135 | Details: timed out
[2026-01-02 04:36:19] [ERROR] Banner grab failed 127.0.0.18:135 | Details: timed out
[2026-01-02 04:36:19] [ERROR] Banner grab failed 127.0.0.15:135 | Details: timed out
[2026-01-02 04:36:19] [ERROR] Banner grab failed 127.0.0.8:135 | Details: timed out
[2026-01-02 04:36:19] [ERROR] Banner grab failed 127.0.0.4:135 | Details: timed out
[2026-01-02 04:36:19] [ERROR] Banner grab failed 127.0.0.13:135 | Details: timed out
[2026-01-02 04:36:19] [ERROR] Banner grab failed 127.0.0.20:135 | Details: timed out
[2026-01-02 04:36:19] [ERROR] Banner grab failed 127.0.0.5:135 | Details: timed out
[2026-01-02 04:36:19] [ERROR] Banner grab failed 127.0.0.7:135 | Details: timed out
[2026-01-02 04:36:19] [ERROR] Banner grab failed 127.0.0.12:135 | Details: timed out
[2026-01-02 04:36:20] [ERROR] Banner grab failed 127.0.0.1:445 | Details: timed out
[2026-01-02 04:36:20] [ERROR] 127.0.0.21 Host Discovery Failed | Details: cannot access local variable 'mac_match' where it is not associated with a value
[2026-01-02 04:36:21] [ERROR] Banner grab failed 127.0.0.6:445 | Details: timed out
[2026-01-02 04:36:21] [ERROR] 127.0.0.22 Host Discovery Failed | Details: cannot access local variable 'mac_match' where it is not associated with a value
[2026-01-02 04:36:21] [ERROR] Banner grab failed 127.0.0.17:445 | Details: timed out
[2026-01-02 04:36:21] [ERROR] Banner grab failed 127.0.0.11:445 | Details: timed out
[2026-01-02 04:36:21] [ERROR] Banner grab failed 127.0.0.10:445 | Details: timed out
[2026-01-02 04:36:21] [ERROR] Banner grab failed 127.0.0.9:445 | Details: timed out
[2026-01-02 04:36:21] [ERROR] Banner grab failed 127.0.0.3:445 | Details: timed out
[2026-01-02 04:36:21] [ERROR] Banner grab failed 127.0.0.16:445 | Details: timed out
[2026-01-02 04:36:21] [ERROR] Banner grab failed 127.0.0.15:445 | Details: timed out
[2026-01-02 04:36:21] [ERROR] Banner grab failed 127.0.0.20:445 | Details: timed out
[2026-01-02 04:36:21] [ERROR] Banner grab failed 127.0.0.2:445 | Details: timed out
[2026-01-02 04:36:21] [ERROR] Banner grab failed 127.0.0.18:445 | Details: timed out
[2026-01-02 04:36:21] [ERROR] Banner grab failed 127.0.0.13:445 | Details: timed out
[2026-01-02 04:36:21] [ERROR] Banner grab failed 127.0.0.14:445 | Details: timed out
[2026-01-02 04:36:21] [ERROR] Banner grab failed 127.0.0.8:445 | Details: timed out
[2026-01-02 04:36:21] [ERROR] Banner grab failed 127.0.0.4:445 | Details: timed out
[2026-01-02 04:36:21] [ERROR] Banner grab failed 127.0.0.5:445 | Details: timed out
[2026-01-02 04:36:21] [ERROR] Banner grab failed 127.0.0.19:445 | Details: timed out
[2026-01-02 04:36:21] [ERROR] 127.0.0.26 Host Discovery Failed | Details: cannot access local variable 'mac_match' where it is not associated with a value
[2026-01-02 04:36:21] [ERROR] 127.0.0.23 Host Discovery Failed | Details: cannot access local variable 'mac_match' where it is not associated with a value
[2026-01-02 04:36:21] [ERROR] 127.0.0.25 Host Discovery Failed | Details: cannot access local variable 'mac_match' where it is not associated with a value
[2026-01-02 04:36:21] [ERROR] 127.0.0.24 Host Discovery Failed | Details: cannot access local variable 'mac_match' where it is not associated with a value
[2026-01-02 04:36:21] [ERROR] Banner grab failed 127.0.0.12:445 | Details: timed out
[2026-01-02 04:36:21] [ERROR] Banner grab failed 127.0.0.7:445 | Details: timed out
[2026-01-02 04:36:21] [ERROR] 127.0.0.27 Host Discovery Failed | Details: cannot access local variable 'mac_match' where it is not associated with a value
[2026-01-02 04:36:22] [ERROR] 127.0.0.28 Host Discovery Failed | Details: cannot access local variable 'mac_match' where it is not associated with a value
[2026-01-02 04:36:22] [ERROR] 127.0.0.29 Host Discovery Failed | Details: cannot access local variable 'mac_match' where it is not associated with a value
[2026-01-02 04:36:22] [ERROR] 127.0.0.30 Host Discovery Failed | Details: cannot access local variable 'mac_match' where it is not associated with a value
[2026-01-02 04:36:22] [ERROR] 127.0.0.31 Host Discovery Failed | Details: cannot access local variable 'mac_match' where it is not associated with a value
[2026-01-02 04:36:22] [ERROR] 127.0.0.32 Host Discovery Failed | Details: cannot access local variable 'mac_match' where it is not associated with a value
[2026-01-02 04:36:22] [ERROR] 127.0.0.33 Host Discovery Failed | Details: cannot access local variable 'mac_match' where it is not associated with a value
[2026-01-02 04:36:22] [ERROR] 127.0.0.34 Host Discovery Failed | Details: cannot access local variable 'mac_match' where it is not associated with a value
[2026-01-02 04:36:22] [ERROR] 127.0.0.35 Host Discovery Failed | Details: cannot access local variable 'mac_match' where it is not associated with a value
[2026-01-02 04:36:22] [ERROR] 127.0.0.36 Host Discovery Failed | Details: cannot access local variable 'mac_match' where it is not associated with a value
[2026-01-02 04:36:22] [ERROR] 127.0.0.38 Host Discovery Failed | Details: cannot access local variable 'mac_match' where it is not associated with a value
[2026-01-02 04:36:22] [ERROR] 127.0.0.39 Host Discovery Failed | Details: cannot access local variable 'mac_match' where it is not associated with a value
[2026-01-02 04:36:22] [ERROR] 127.0.0.37 Host Discovery Failed | Details: cannot access local variable 'mac_match' where it is not associated with a value
[2026-01-02 04:36:22] [ERROR] 127.0.0.40 Host Discovery Failed | Details: cannot access local variable 'mac_match' where it is not associated with a value
[2026-01-02 04:36:25] [ERROR] Banner grab failed 127.0.0.21:135 | Details: timed out
[2026-01-02 04:36:26] [ERROR] Banner grab failed 127.0.0.26:135 | Details: timed out
[2026-01-02 04:36:26] [ERROR] Banner grab failed 127.0.0.24:135 | Details: timed out
[2026-01-02 04:36:26] [ERROR] Banner grab failed 127.0.0.25:135 | Details: timed out
[2026-01-02 04:36:26] [ERROR] Banner grab failed 127.0.0.23:135 | Details: timed out
[2026-01-02 04:36:26] [ERROR] Banner grab failed 127.0.0.22:135 | Details: timed out
[2026-01-02 04:36:26] [ERROR] Banner grab failed 127.0.0.27:135 | Details: timed out
[2026-01-02 04:36:26] [ERROR] Banner grab failed 127.0.0.32:135 | Details: timed out
[2026-01-02 04:36:26] [ERROR] Banner grab failed 127.0.0.31:135 | Details: timed out
[2026-01-02 04:36:26] [ERROR] Banner grab failed 127.0.0.30:135 | Details: timed out
[2026-01-02 04:36:26] [ERROR] Banner grab failed 127.0.0.28:135 | Details: timed out
[2026-01-02 04:36:26] [ERROR] Banner grab failed 127.0.0.33:135 | Details: timed out
[2026-01-02 04:36:26] [ERROR] Banner grab failed 127.0.0.38:135 | Details: timed out
[2026-01-02 04:36:26] [ERROR] Banner grab failed 127.0.0.29:135 | Details: timed out
[2026-01-02 04:36:26] [ERROR] Banner grab failed 127.0.0.34:135 | Details: timed out
[2026-01-02 04:36:26] [ERROR] Banner grab failed 127.0.0.36:135 | Details: timed out
[2026-01-02 04:36:26] [ERROR] Banner grab failed 127.0.0.35:135 | Details: timed out
[2026-01-02 04:36:26] [ERROR] Banner grab failed 127.0.0.37:135 | Details: timed out
[2026-01-02 04:36:26] [ERROR] Banner grab failed 127.0.0.39:135 | Details: timed out
[2026-01-02 04:36:27] [ERROR] Banner grab failed 127.0.0.40:135 | Details: timed out
[2026-01-02 04:36:27] [ERROR] Banner grab failed 127.0.0.21:445 | Details: timed out
[2026-01-02 04:36:27] [ERROR] 127.0.0.41 Host Discovery Failed | Details: cannot access local variable 'mac_match' where it is not associated with a value
[2026-01-02 04:36:28] [ERROR] Banner grab failed 127.0.0.26:445 | Details: timed out
[2026-01-02 04:36:28] [ERROR] Banner grab failed 127.0.0.23:445 | Details: timed out
[2026-01-02 04:36:28] [ERROR] Banner grab failed 127.0.0.24:445 | Details: timed out
[2026-01-02 04:36:28] [ERROR] 127.0.0.42 Host Discovery Failed | Details: cannot access local variable 'mac_match' where it is not associated with a value
[2026-01-02 04:36:28] [ERROR] 127.0.0.43 Host Discovery Failed | Details: cannot access local variable 'mac_match' where it is not associated with a value
[2026-01-02 04:36:28] [ERROR] Banner grab failed 127.0.0.25:445 | Details: timed out
[2026-01-02 04:36:28] [ERROR] 127.0.0.44 Host Discovery Failed | Details: cannot access local variable 'mac_match' where it is not associated with a value
[2026-01-02 04:36:28] [ERROR] Banner grab failed 127.0.0.27:445 | Details: timed out
[2026-01-02 04:36:28] [ERROR] Banner grab failed 127.0.0.22:445 | Details: timed out
[2026-01-02 04:36:28] [ERROR] Banner grab failed 127.0.0.31:445 | Details: timed out
[2026-01-02 04:36:28] [ERROR] 127.0.0.45 Host Discovery Failed | Details: cannot access local variable 'mac_match' where it is not associated with a value
[2026-01-02 04:36:28] [ERROR] Banner grab failed 127.0.0.32:445 | Details: timed out
[2026-01-02 04:36:28] [ERROR] Banner grab failed 127.0.0.30:445 | Details: timed out
[2026-01-02 04:36:28] [ERROR] 127.0.0.48 Host Discovery Failed | Details: cannot access local variable 'mac_match' where it is not associated with a value
[2026-01-02 04:36:28] [ERROR] 127.0.0.47 Host Discovery Failed | Details: cannot access local variable 'mac_match' where it is not associated with a value
[2026-01-02 04:36:28] [ERROR] 127.0.0.46 Host Discovery Failed | Details: cannot access local variable 'mac_match' where it is not associated with a value
[2026-01-02 04:36:28] [ERROR] Banner grab failed 127.0.0.36:445 | Details: timed out
[2026-01-02 04:36:28] [ERROR] Banner grab failed 127.0.0.33:445 | Details: timed out
[2026-01-02 04:36:28] [ERROR] Banner grab failed 127.0.0.35:445 | Details: timed out
[2026-01-02 04:36:28] [ERROR] Banner grab failed 127.0.0.28:445 | Details: timed out
[2026-01-02 04:36:28] [ERROR] Banner grab failed 127.0.0.34:445 | Details: timed out
[2026-01-02 04:36:28] [ERROR] Banner grab failed 127.0.0.38:445 | Details: timed out
[2026-01-02 04:36:28] [ERROR] Banner grab failed 127.0.0.29:445 | Details: timed out
[2026-01-02 04:36:28] [ERROR] Banner grab failed 127.0.0.37:445 | Details: timed out
[2026-01-02 04:36:28] [ERROR] 127.0.0.49 Host Discovery Failed | Details: cannot access local variable 'mac_match' where it is not associated with a value
[2026-01-02 04:36:29] [ERROR] 127.0.0.50 Host Discovery Failed | Details: cannot access local variable 'mac_match' where it is not associated with a value
[2026-01-02 04:36:29] [ERROR] 127.0.0.53 Host Discovery Failed | Details: cannot access local variable 'mac_match' where it is not associated with a value
[2026-01-02 04:36:29] [ERROR] 127.0.0.51 Host Discovery Failed | Details: cannot access local variable 'mac_match' where it is not associated with a value
[2026-01-02 04:36:29] [ERROR] 127.0.0.52 Host Discovery Failed | Details: cannot access local variable 'mac_match' where it is not associated with a value
[2026-01-02 04:36:29] [ERROR] 127.0.0.54 Host Discovery Failed | Details: cannot access local variable 'mac_match' where it is not associated with a value
[2026-01-02 04:36:29] [ERROR] Banner grab failed 127.0.0.39:445 | Details: timed out
[2026-01-02 04:36:29] [ERROR] 127.0.0.55 Host Discovery Failed | Details: cannot access local variable 'mac_match' where it is not associated with a value
[2026-01-02 04:36:29] [ERROR] 127.0.0.56 Host Discovery Failed | Details: cannot access local variable 'mac_match' where it is not associated with a value
[2026-01-02 04:36:29] [ERROR] 127.0.0.58 Host Discovery Failed | Details: cannot access local variable 'mac_match' where it is not associated with a value
[2026-01-02 04:36:29] [ERROR] 127.0.0.57 Host Discovery Failed | Details: cannot access local variable 'mac_match' where it is not associated with a value
[2026-01-02 04:36:29] [ERROR] Banner grab failed 127.0.0.40:445 | Details: timed out
[2026-01-02 04:36:29] [ERROR] 127.0.0.59 Host Discovery Failed | Details: cannot access local variable 'mac_match' where it is not associated with a value
[2026-01-02 04:36:29] [ERROR] 127.0.0.60 Host Discovery Failed | Details: cannot access local variable 'mac_match' where it is not associated with a value
[2026-01-02 04:36:32] [ERROR] Banner grab failed 127.0.0.41:135 | Details: timed out
[2026-01-02 04:36:33] [ERROR] Banner grab failed 127.0.0.44:135 | Details: timed out
[2026-01-02 04:36:33] [ERROR] Banner grab failed 127.0.0.43:135 | Details: timed out
[2026-01-02 04:36:33] [ERROR] Banner grab failed 127.0.0.47:135 | Details: timed out
[2026-01-02 04:36:33] [ERROR] Banner grab failed 127.0.0.48:135 | Details: timed out
[2026-01-02 04:36:33] [ERROR] Banner grab failed 127.0.0.42:135 | Details: timed out
[2026-01-02 04:36:33] [ERROR] Banner grab failed 127.0.0.46:135 | Details: timed out
[2026-01-02 04:36:33] [ERROR] Banner grab failed 127.0.0.45:135 | Details: timed out
[2026-01-02 04:36:33] [ERROR] Banner grab failed 127.0.0.52:135 | Details: timed out
[2026-01-02 04:36:33] [ERROR] Banner grab failed 127.0.0.50:135 | Details: timed out
[2026-01-02 04:36:33] [ERROR] Banner grab failed 127.0.0.53:135 | Details: timed out
[2026-01-02 04:36:33] [ERROR] Banner grab failed 127.0.0.49:135 | Details: timed out
[2026-01-02 04:36:33] [ERROR] Banner grab failed 127.0.0.55:135 | Details: timed out
[2026-01-02 04:36:33] [ERROR] Banner grab failed 127.0.0.57:135 | Details: timed out
[2026-01-02 04:36:33] [ERROR] Banner grab failed 127.0.0.56:135 | Details: timed out
[2026-01-02 04:36:33] [ERROR] Banner grab failed 127.0.0.51:135 | Details: timed out
[2026-01-02 04:36:33] [ERROR] Banner grab failed 127.0.0.59:135 | Details: timed out
[2026-01-02 04:36:33] [ERROR] Banner grab failed 127.0.0.54:135 | Details: timed out
[2026-01-02 04:36:33] [ERROR] Banner grab failed 127.0.0.58:135 | Details: timed out
[2026-01-02 04:36:34] [ERROR] Banner grab failed 127.0.0.60:135 | Details: timed out
[2026-01-02 04:36:34] [ERROR] Banner grab failed 127.0.0.41:445 | Details: timed out
[2026-01-02 04:36:34] [ERROR] 127.0.0.61 Host Discovery Failed | Details: cannot access local variable 'mac_match' where it is not associated with a value
[2026-01-02 04:36:35] [ERROR] Banner grab failed 127.0.0.44:445 | Details: timed out
[2026-01-02 04:36:35] [ERROR] Banner grab failed 127.0.0.43:445 | Details: timed out
[2026-01-02 04:36:35] [ERROR] Banner grab failed 127.0.0.47:445 | Details: timed out
[2026-01-02 04:36:35] [ERROR] Banner grab failed 127.0.0.48:445 | Details: timed out
[2026-01-02 04:36:35] [ERROR] Banner grab failed 127.0.0.42:445 | Details: timed out
[2026-01-02 04:36:35] [ERROR] Banner grab failed 127.0.0.45:445 | Details: timed out
[2026-01-02 04:36:35] [ERROR] 127.0.0.62 Host Discovery Failed | Details: cannot access local variable 'mac_match' where it is not associated with a value
[2026-01-02 04:36:35] [ERROR] Banner grab failed 127.0.0.46:445 | Details: timed out
[2026-01-02 04:36:35] [ERROR] 127.0.0.63 Host Discovery Failed | Details: cannot access local variable 'mac_match' where it is not associated with a value
[2026-01-02 04:36:35] [ERROR] Banner grab failed 127.0.0.49:445 | Details: timed out
[2026-01-02 04:36:35] [ERROR] Banner grab failed 127.0.0.52:445 | Details: timed out
[2026-01-02 04:36:35] [ERROR] Banner grab failed 127.0.0.56:445 | Details: timed out
[2026-01-02 04:36:35] [ERROR] Banner grab failed 127.0.0.50:445 | Details: timed out
[2026-01-02 04:36:35] [ERROR] Banner grab failed 127.0.0.53:445 | Details: timed out
[2026-01-02 04:36:35] [ERROR] Banner grab failed 127.0.0.51:445 | Details: timed out
[2026-01-02 04:36:35] [ERROR] Banner grab failed 127.0.0.55:445 | Details: timed out
[2026-01-02 04:36:35] [ERROR] 127.0.0.64 Host Discovery Failed | Details: cannot access local variable 'mac_match' where it is not associated with a value
[2026-01-02 04:36:35] [ERROR] 127.0.0.65 Host Discovery Failed | Details: cannot access local variable 'mac_match' where it is not associated with a value
[2026-01-02 04:36:35] [ERROR] 127.0.0.66 Host Discovery Failed | Details: cannot access local variable 'mac_match' where it is not associated with a value
[2026-01-02 04:36:35] [ERROR] 127.0.0.67 Host Discovery Failed | Details: cannot access local variable 'mac_match' where it is not associated with a value
[2026-01-02 04:36:35] [ERROR] Banner grab failed 127.0.0.57:445 | Details: timed out
[2026-01-02 04:36:35] [ERROR] 127.0.0.68 Host Discovery Failed | Details: cannot access local variable 'mac_match' where it is not associated with a value
[2026-01-02 04:36:35] [ERROR] 127.0.0.72 Host Discovery Failed | Details: cannot access local variable 'mac_match' where it is not associated with a value
[2026-01-02 04:36:35] [ERROR] 127.0.0.70 Host Discovery Failed | Details: cannot access local variable 'mac_match' where it is not associated with a value
[2026-01-02 04:36:35] [ERROR] 127.0.0.74 Host Discovery Failed | Details: cannot access local variable 'mac_match' where it is not associated with a value
[2026-01-02 04:36:35] [ERROR] 127.0.0.73 Host Discovery Failed | Details: cannot access local variable 'mac_match' where it is not associated with a value
[2026-01-02 04:36:35] [ERROR] 127.0.0.69 Host Discovery Failed | Details: cannot access local variable 'mac_match' where it is not associated with a value
[2026-01-02 04:36:35] [ERROR] 127.0.0.71 Host Discovery Failed | Details: cannot access local variable 'mac_match' where it is not associated with a value
[2026-01-02 04:36:35] [ERROR] Banner grab failed 127.0.0.54:445 | Details: timed out
[2026-01-02 04:36:35] [ERROR] Banner grab failed 127.0.0.59:445 | Details: timed out
[2026-01-02 04:36:36] [ERROR] 127.0.0.75 Host Discovery Failed | Details: cannot access local variable 'mac_match' where it is not associated with a value
[2026-01-02 04:36:36] [ERROR] 127.0.0.76 Host Discovery Failed | Details: cannot access local variable 'mac_match' where it is not associated with a value
[2026-01-02 04:36:36] [ERROR] 127.0.0.77 Host Discovery Failed | Details: cannot access local variable 'mac_match' where it is not associated with a value
[2026-01-02 04:36:36] [ERROR] Banner grab failed 127.0.0.58:445 | Details: timed out
[2026-01-02 04:36:36] [ERROR] 127.0.0.78 Host Discovery Failed | Details: cannot access local variable 'mac_match' where it is not associated with a value
[2026-01-02 04:36:36] [ERROR] 127.0.0.79 Host Discovery Failed | Details: cannot access local variable 'mac_match' where it is not associated with a value
[2026-01-02 04:36:36] [ERROR] Banner grab failed 127.0.0.60:445 | Details: timed out
[2026-01-02 04:36:36] [ERROR] 127.0.0.80 Host Discovery Failed | Details: cannot access local variable 'mac_match' where it is not associated with a value
[2026-01-02 04:36:39] [ERROR] Banner grab failed 127.0.0.61:135 | Details: timed out
[2026-01-02 04:36:40] [ERROR] Banner grab failed 127.0.0.62:135 | Details: timed out
[2026-01-02 04:36:40] [ERROR] Banner grab failed 127.0.0.65:135 | Details: timed out
[2026-01-02 04:36:40] [ERROR] Banner grab failed 127.0.0.63:135 | Details: timed out
[2026-01-02 04:36:40] [ERROR] Banner grab failed 127.0.0.64:135 | Details: timed out
[2026-01-02 04:36:40] [ERROR] Banner grab failed 127.0.0.66:135 | Details: timed out
[2026-01-02 04:36:40] [ERROR] Banner grab failed 127.0.0.69:135 | Details: timed out
[2026-01-02 04:36:40] [ERROR] Banner grab failed 127.0.0.72:135 | Details: timed out
[2026-01-02 04:36:40] [ERROR] Banner grab failed 127.0.0.68:135 | Details: timed out
[2026-01-02 04:36:40] [ERROR] Banner grab failed 127.0.0.67:135 | Details: timed out
[2026-01-02 04:36:40] [ERROR] Banner grab failed 127.0.0.73:135 | Details: timed out
[2026-01-02 04:36:40] [ERROR] Banner grab failed 127.0.0.70:135 | Details: timed out
[2026-01-02 04:36:40] [ERROR] Banner grab failed 127.0.0.74:135 | Details: timed out
[2026-01-02 04:36:40] [ERROR] Banner grab failed 127.0.0.71:135 | Details: timed out
[2026-01-02 04:36:40] [ERROR] Banner grab failed 127.0.0.76:135 | Details: timed out
[2026-01-02 04:36:40] [ERROR] Banner grab failed 127.0.0.77:135 | Details: timed out
[2026-01-02 04:36:40] [ERROR] Banner grab failed 127.0.0.75:135 | Details: timed out
[2026-01-02 04:36:40] [ERROR] Banner grab failed 127.0.0.79:135 | Details: timed out
[2026-01-02 04:36:40] [ERROR] Banner grab failed 127.0.0.78:135 | Details: timed out
[2026-01-02 04:36:41] [ERROR] Banner grab failed 127.0.0.80:135 | Details: timed out
[2026-01-02 04:36:41] [ERROR] Banner grab failed 127.0.0.61:445 | Details: timed out
[2026-01-02 04:36:41] [ERROR] 127.0.0.81 Host Discovery Failed | Details: cannot access local variable 'mac_match' where it is not associated with a value
[2026-01-02 04:36:42] [ERROR] Banner grab failed 127.0.0.65:445 | Details: timed out
[2026-01-02 04:36:42] [ERROR] Banner grab failed 127.0.0.62:445 | Details: timed out
[2026-01-02 04:36:42] [ERROR] Banner grab failed 127.0.0.63:445 | Details: timed out
[2026-01-02 04:36:42] [ERROR] Banner grab failed 127.0.0.64:445 | Details: timed out
[2026-01-02 04:36:42] [ERROR] 127.0.0.84 Host Discovery Failed | Details: cannot access local variable 'mac_match' where it is not associated with a value
[2026-01-02 04:36:42] [ERROR] 127.0.0.83 Host Discovery Failed | Details: cannot access local variable 'mac_match' where it is not associated with a value
[2026-01-02 04:36:42] [ERROR] 127.0.0.82 Host Discovery Failed | Details: cannot access local variable 'mac_match' where it is not associated with a value
[2026-01-02 04:36:42] [ERROR] 127.0.0.85 Host Discovery Failed | Details: cannot access local variable 'mac_match' where it is not associated with a value
[2026-01-02 04:36:42] [ERROR] Banner grab failed 127.0.0.68:445 | Details: timed out
[2026-01-02 04:36:42] [ERROR] Banner grab failed 127.0.0.72:445 | Details: timed out
[2026-01-02 04:36:42] [ERROR] Banner grab failed 127.0.0.69:445 | Details: timed out
[2026-01-02 04:36:42] [ERROR] Banner grab failed 127.0.0.67:445 | Details: timed out
[2026-01-02 04:36:42] [ERROR] Banner grab failed 127.0.0.70:445 | Details: timed out
[2026-01-02 04:36:42] [ERROR] Banner grab failed 127.0.0.66:445 | Details: timed out
[2026-01-02 04:36:42] [ERROR] Banner grab failed 127.0.0.73:445 | Details: timed out
[2026-01-02 04:36:42] [ERROR] Banner grab failed 127.0.0.74:445 | Details: timed out
[2026-01-02 04:36:42] [ERROR] 127.0.0.87 Host Discovery Failed | Details: cannot access local variable 'mac_match' where it is not associated with a value
[2026-01-02 04:36:42] [ERROR] 127.0.0.86 Host Discovery Failed | Details: cannot access local variable 'mac_match' where it is not associated with a value
[2026-01-02 04:36:42] [ERROR] Banner grab failed 127.0.0.77:445 | Details: timed out
[2026-01-02 04:36:42] [ERROR] Banner grab failed 127.0.0.75:445 | Details: timed out
[2026-01-02 04:36:42] [ERROR] Banner grab failed 127.0.0.71:445 | Details: timed out
[2026-01-02 04:36:42] [ERROR] Banner grab failed 127.0.0.76:445 | Details: timed out
[2026-01-02 04:36:42] [ERROR] 127.0.0.88 Host Discovery Failed | Details: cannot access local variable 'mac_match' where it is not associated with a value
[2026-01-02 04:36:42] [ERROR] 127.0.0.89 Host Discovery Failed | Details: cannot access local variable 'mac_match' where it is not associated with a value
[2026-01-02 04:36:42] [ERROR] Banner grab failed 127.0.0.78:445 | Details: timed out
[2026-01-02 04:36:42] [ERROR] Banner grab failed 127.0.0.79:445 | Details: timed out
[2026-01-02 04:36:42] [ERROR] 127.0.0.91 Host Discovery Failed | Details: cannot access local variable 'mac_match' where it is not associated with a value
[2026-01-02 04:36:42] [ERROR] 127.0.0.90 Host Discovery Failed | Details: cannot access local variable 'mac_match' where it is not associated with a value
[2026-01-02 04:36:42] [ERROR] 127.0.0.92 Host Discovery Failed | Details: cannot access local variable 'mac_match' where it is not associated with a value
[2026-01-02 04:36:42] [ERROR] 127.0.0.95 Host Discovery Failed | Details: cannot access local variable 'mac_match' where it is not associated with a value
[2026-01-02 04:36:42] [ERROR] 127.0.0.93 Host Discovery Failed | Details: cannot access local variable 'mac_match' where it is not associated with a value
[2026-01-02 04:36:43] [ERROR] 127.0.0.94 Host Discovery Failed | Details: cannot access local variable 'mac_match' where it is not associated with a value
[2026-01-02 04:36:43] [ERROR] 127.0.0.97 Host Discovery Failed | Details: cannot access local variable 'mac_match' where it is not associated with a value
[2026-01-02 04:36:43] [ERROR] 127.0.0.96 Host Discovery Failed | Details: cannot access local variable 'mac_match' where it is not associated with a value
[2026-01-02 04:36:43] [ERROR] 127.0.0.98 Host Discovery Failed | Details: cannot access local variable 'mac_match' where it is not associated with a value
[2026-01-02 04:36:43] [ERROR] 127.0.0.99 Host Discovery Failed | Details: cannot access local variable 'mac_match' where it is not associated with a value
[2026-01-02 04:36:43] [ERROR] Banner grab failed 127.0.0.80:445 | Details: timed out
[2026-01-02 04:36:43] [ERROR] 127.0.0.100 Host Discovery Failed | Details: cannot access local variable 'mac_match' where it is not associated with a value
[2026-01-02 04:36:46] [ERROR] Banner grab failed 127.0.0.81:135 | Details: timed out
[2026-01-02 04:36:47] [ERROR] Banner grab failed 127.0.0.82:135 | Details: timed out
[2026-01-02 04:36:47] [ERROR] Banner grab failed 127.0.0.83:135 | Details: timed out
[2026-01-02 04:36:47] [ERROR] Banner grab failed 127.0.0.84:135 | Details: timed out
[2026-01-02 04:36:47] [ERROR] Banner grab failed 127.0.0.85:135 | Details: timed out
[2026-01-02 04:36:47] [ERROR] Banner grab failed 127.0.0.88:135 | Details: timed out
[2026-01-02 04:36:47] [ERROR] Banner grab failed 127.0.0.86:135 | Details: timed out
[2026-01-02 04:36:47] [ERROR] Banner grab failed 127.0.0.89:135 | Details: timed out
[2026-01-02 04:36:47] [ERROR] Banner grab failed 127.0.0.94:135 | Details: timed out
[2026-01-02 04:36:47] [ERROR] Banner grab failed 127.0.0.93:135 | Details: timed out
[2026-01-02 04:36:47] [ERROR] Banner grab failed 127.0.0.87:135 | Details: timed out
[2026-01-02 04:36:47] [ERROR] Banner grab failed 127.0.0.96:135 | Details: timed out
[2026-01-02 04:36:47] [ERROR] Banner grab failed 127.0.0.92:135 | Details: timed out
[2026-01-02 04:36:47] [ERROR] Banner grab failed 127.0.0.97:135 | Details: timed out
[2026-01-02 04:36:47] [ERROR] Banner grab failed 127.0.0.99:135 | Details: timed out
[2026-01-02 04:36:47] [ERROR] Banner grab failed 127.0.0.91:135 | Details: timed out
[2026-01-02 04:36:47] [ERROR] Banner grab failed 127.0.0.90:135 | Details: timed out
[2026-01-02 04:36:47] [ERROR] Banner grab failed 127.0.0.95:135 | Details: timed out
[2026-01-02 04:36:47] [ERROR] Banner grab failed 127.0.0.98:135 | Details: timed out
[2026-01-02 04:36:48] [ERROR] Banner grab failed 127.0.0.100:135 | Details: timed out
[2026-01-02 04:36:48] [ERROR] Banner grab failed 127.0.0.81:445 | Details: timed out
[2026-01-02 04:36:48] [ERROR] 127.0.0.101 Host Discovery Failed | Details: cannot access local variable 'mac_match' where it is not associated with a value
[2026-01-02 04:36:49] [ERROR] Banner grab failed 127.0.0.82:445 | Details: timed out
[2026-01-02 04:36:49] [ERROR] Banner grab failed 127.0.0.83:445 | Details: timed out
[2026-01-02 04:36:49] [ERROR] Banner grab failed 127.0.0.84:445 | Details: timed out
[2026-01-02 04:36:49] [ERROR] 127.0.0.102 Host Discovery Failed | Details: cannot access local variable 'mac_match' where it is not associated with a value
[2026-01-02 04:36:49] [ERROR] 127.0.0.103 Host Discovery Failed | Details: cannot access local variable 'mac_match' where it is not associated with a value
[2026-01-02 04:36:49] [ERROR] 127.0.0.104 Host Discovery Failed | Details: cannot access local variable 'mac_match' where it is not associated with a value
[2026-01-02 04:36:49] [ERROR] Banner grab failed 127.0.0.85:445 | Details: timed out
[2026-01-02 04:36:49] [ERROR] Banner grab failed 127.0.0.86:445 | Details: timed out
[2026-01-02 04:36:49] [ERROR] Banner grab failed 127.0.0.88:445 | Details: timed out
[2026-01-02 04:36:49] [ERROR] 127.0.0.105 Host Discovery Failed | Details: cannot access local variable 'mac_match' where it is not associated with a value
[2026-01-02 04:36:49] [ERROR] 127.0.0.106 Host Discovery Failed | Details: cannot access local variable 'mac_match' where it is not associated with a value
[2026-01-02 04:36:49] [ERROR] 127.0.0.107 Host Discovery Failed | Details: cannot access local variable 'mac_match' where it is not associated with a value
[2026-01-02 04:36:49] [ERROR] Banner grab failed 127.0.0.87:445 | Details: timed out
[2026-01-02 04:36:49] [ERROR] Banner grab failed 127.0.0.93:445 | Details: timed out
[2026-01-02 04:36:49] [ERROR] Banner grab failed 127.0.0.94:445 | Details: timed out
[2026-01-02 04:36:49] [ERROR] Banner grab failed 127.0.0.89:445 | Details: timed out
[2026-01-02 04:36:49] [ERROR] 127.0.0.108 Host Discovery Failed | Details: cannot access local variable 'mac_match' where it is not associated with a value
[2026-01-02 04:36:49] [ERROR] 127.0.0.109 Host Discovery Failed | Details: cannot access local variable 'mac_match' where it is not associated with a value
[2026-01-02 04:36:49] [ERROR] Banner grab failed 127.0.0.98:445 | Details: timed out
[2026-01-02 04:36:49] [ERROR] Banner grab failed 127.0.0.96:445 | Details: timed out
[2026-01-02 04:36:49] [ERROR] Banner grab failed 127.0.0.91:445 | Details: timed out
[2026-01-02 04:36:49] [ERROR] Banner grab failed 127.0.0.92:445 | Details: timed out
[2026-01-02 04:36:49] [ERROR] Banner grab failed 127.0.0.99:445 | Details: timed out
[2026-01-02 04:36:49] [ERROR] Banner grab failed 127.0.0.90:445 | Details: timed out
[2026-01-02 04:36:49] [ERROR] Banner grab failed 127.0.0.97:445 | Details: timed out
[2026-01-02 04:36:49] [ERROR] Banner grab failed 127.0.0.95:445 | Details: timed out
[2026-01-02 04:36:49] [ERROR] 127.0.0.110 Host Discovery Failed | Details: cannot access local variable 'mac_match' where it is not associated with a value
[2026-01-02 04:36:50] [ERROR] 127.0.0.111 Host Discovery Failed | Details: cannot access local variable 'mac_match' where it is not associated with a value
[2026-01-02 04:36:50] [ERROR] 127.0.0.113 Host Discovery Failed | Details: cannot access local variable 'mac_match' where it is not associated with a value
[2026-01-02 04:36:50] [ERROR] 127.0.0.112 Host Discovery Failed | Details: cannot access local variable 'mac_match' where it is not associated with a value
[2026-01-02 04:36:50] [ERROR] 127.0.0.114 Host Discovery Failed | Details: cannot access local variable 'mac_match' where it is not associated with a value
[2026-01-02 04:36:50] [ERROR] 127.0.0.115 Host Discovery Failed | Details: cannot access local variable 'mac_match' where it is not associated with a value
[2026-01-02 04:36:50] [ERROR] 127.0.0.117 Host Discovery Failed | Details: cannot access local variable 'mac_match' where it is not associated with a value
[2026-01-02 04:36:50] [ERROR] 127.0.0.116 Host Discovery Failed | Details: cannot access local variable 'mac_match' where it is not associated with a value
[2026-01-02 04:36:50] [ERROR] 127.0.0.118 Host Discovery Failed | Details: cannot access local variable 'mac_match' where it is not associated with a value
[2026-01-02 04:36:50] [ERROR] 127.0.0.119 Host Discovery Failed | Details: cannot access local variable 'mac_match' where it is not associated with a value
[2026-01-02 04:36:50] [ERROR] Banner grab failed 127.0.0.100:445 | Details: timed out
[2026-01-02 04:36:50] [ERROR] 127.0.0.120 Host Discovery Failed | Details: cannot access local variable 'mac_match' where it is not associated with a value
[2026-01-02 04:36:53] [ERROR] Banner grab failed 127.0.0.101:135 | Details: timed out
[2026-01-02 04:36:54] [ERROR] Banner grab failed 127.0.0.104:135 | Details: timed out
[2026-01-02 04:36:54] [ERROR] Banner grab failed 127.0.0.103:135 | Details: timed out
[2026-01-02 04:36:54] [ERROR] Banner grab failed 127.0.0.102:135 | Details: timed out
[2026-01-02 04:36:54] [ERROR] Banner grab failed 127.0.0.107:135 | Details: timed out
[2026-01-02 04:36:54] [ERROR] Banner grab failed 127.0.0.105:135 | Details: timed out
[2026-01-02 04:36:54] [ERROR] Banner grab failed 127.0.0.109:135 | Details: timed out
[2026-01-02 04:36:54] [ERROR] Banner grab failed 127.0.0.110:135 | Details: timed out
[2026-01-02 04:36:54] [ERROR] Banner grab failed 127.0.0.108:135 | Details: timed out
[2026-01-02 04:36:54] [ERROR] Banner grab failed 127.0.0.106:135 | Details: timed out
[2026-01-02 04:36:54] [ERROR] Banner grab failed 127.0.0.115:135 | Details: timed out
[2026-01-02 04:36:54] [ERROR] Banner grab failed 127.0.0.113:135 | Details: timed out
[2026-01-02 04:36:54] [ERROR] Banner grab failed 127.0.0.111:135 | Details: timed out
[2026-01-02 04:36:54] [ERROR] Banner grab failed 127.0.0.119:135 | Details: timed out
[2026-01-02 04:36:54] [ERROR] Banner grab failed 127.0.0.112:135 | Details: timed out
[2026-01-02 04:36:54] [ERROR] Banner grab failed 127.0.0.117:135 | Details: timed out
[2026-01-02 04:36:54] [ERROR] Banner grab failed 127.0.0.114:135 | Details: timed out
[2026-01-02 04:36:54] [ERROR] Banner grab failed 127.0.0.116:135 | Details: timed out
[2026-01-02 04:36:54] [ERROR] Banner grab failed 127.0.0.118:135 | Details: timed out
[2026-01-02 04:36:55] [ERROR] Banner grab failed 127.0.0.120:135 | Details: timed out
[2026-01-02 04:36:55] [ERROR] Banner grab failed 127.0.0.101:445 | Details: timed out
[2026-01-02 04:36:55] [ERROR] 127.0.0.121 Host Discovery Failed | Details: cannot access local variable 'mac_match' where it is not associated with a value
[2026-01-02 04:36:56] [ERROR] Banner grab failed 127.0.0.103:445 | Details: timed out
[2026-01-02 04:36:56] [ERROR] Banner grab failed 127.0.0.104:445 | Details: timed out
[2026-01-02 04:36:56] [ERROR] Banner grab failed 127.0.0.102:445 | Details: timed out
[2026-01-02 04:36:56] [ERROR] 127.0.0.122 Host Discovery Failed | Details: cannot access local variable 'mac_match' where it is not associated with a value
[2026-01-02 04:36:56] [ERROR] 127.0.0.123 Host Discovery Failed | Details: cannot access local variable 'mac_match' where it is not associated with a value
[2026-01-02 04:36:56] [ERROR] 127.0.0.124 Host Discovery Failed | Details: cannot access local variable 'mac_match' where it is not associated with a value
[2026-01-02 04:36:56] [ERROR] Banner grab failed 127.0.0.105:445 | Details: timed out
[2026-01-02 04:36:56] [ERROR] Banner grab failed 127.0.0.107:445 | Details: timed out
[2026-01-02 04:36:56] [ERROR] Banner grab failed 127.0.0.109:445 | Details: timed out
[2026-01-02 04:36:56] [ERROR] 127.0.0.125 Host Discovery Failed | Details: cannot access local variable 'mac_match' where it is not associated with a value
[2026-01-02 04:36:56] [ERROR] Banner grab failed 127.0.0.106:445 | Details: timed out
[2026-01-02 04:36:56] [ERROR] Banner grab failed 127.0.0.110:445 | Details: timed out
[2026-01-02 04:36:56] [ERROR] Banner grab failed 127.0.0.108:445 | Details: timed out
[2026-01-02 04:36:56] [ERROR] 127.0.0.126 Host Discovery Failed | Details: cannot access local variable 'mac_match' where it is not associated with a value
[2026-01-02 04:36:56] [ERROR] 127.0.0.127 Host Discovery Failed | Details: cannot access local variable 'mac_match' where it is not associated with a value
[2026-01-02 04:36:56] [ERROR] Banner grab failed 127.0.0.111:445 | Details: timed out
[2026-01-02 04:36:56] [ERROR] Banner grab failed 127.0.0.113:445 | Details: timed out
[2026-01-02 04:36:56] [ERROR] Banner grab failed 127.0.0.115:445 | Details: timed out
[2026-01-02 04:36:56] [ERROR] Banner grab failed 127.0.0.116:445 | Details: timed out
[2026-01-02 04:36:56] [ERROR] Banner grab failed 127.0.0.119:445 | Details: timed out
[2026-01-02 04:36:56] [ERROR] Banner grab failed 127.0.0.118:445 | Details: timed out
[2026-01-02 04:36:56] [ERROR] Banner grab failed 127.0.0.112:445 | Details: timed out
[2026-01-02 04:36:56] [ERROR] Banner grab failed 127.0.0.117:445 | Details: timed out
[2026-01-02 04:36:56] [ERROR] Banner grab failed 127.0.0.114:445 | Details: timed out
[2026-01-02 04:36:56] [ERROR] 127.0.0.129 Host Discovery Failed | Details: cannot access local variable 'mac_match' where it is not associated with a value
[2026-01-02 04:36:56] [ERROR] 127.0.0.128 Host Discovery Failed | Details: cannot access local variable 'mac_match' where it is not associated with a value
[2026-01-02 04:36:56] [ERROR] 127.0.0.130 Host Discovery Failed | Details: cannot access local variable 'mac_match' where it is not associated with a value
[2026-01-02 04:36:56] [ERROR] 127.0.0.132 Host Discovery Failed | Details: cannot access local variable 'mac_match' where it is not associated with a value
[2026-01-02 04:36:57] [ERROR] 127.0.0.133 Host Discovery Failed | Details: cannot access local variable 'mac_match' where it is not associated with a value
[2026-01-02 04:36:57] [ERROR] 127.0.0.131 Host Discovery Failed | Details: cannot access local variable 'mac_match' where it is not associated with a value
[2026-01-02 04:36:57] [ERROR] 127.0.0.134 Host Discovery Failed | Details: cannot access local variable 'mac_match' where it is not associated with a value
[2026-01-02 04:36:57] [ERROR] 127.0.0.135 Host Discovery Failed | Details: cannot access local variable 'mac_match' where it is not associated with a value
[2026-01-02 04:36:57] [ERROR] 127.0.0.136 Host Discovery Failed | Details: cannot access local variable 'mac_match' where it is not associated with a value
[2026-01-02 04:36:57] [ERROR] 127.0.0.138 Host Discovery Failed | Details: cannot access local variable 'mac_match' where it is not associated with a value
[2026-01-02 04:36:57] [ERROR] 127.0.0.137 Host Discovery Failed | Details: cannot access local variable 'mac_match' where it is not associated with a value
[2026-01-02 04:36:57] [ERROR] 127.0.0.139 Host Discovery Failed | Details: cannot access local variable 'mac_match' where it is not associated with a value
[2026-01-02 04:36:57] [ERROR] Banner grab failed 127.0.0.120:445 | Details: timed out
[2026-01-02 04:36:57] [ERROR] 127.0.0.140 Host Discovery Failed | Details: cannot access local variable 'mac_match' where it is not associated with a value
[2026-01-02 04:37:00] [ERROR] Banner grab failed 127.0.0.121:135 | Details: timed out
[2026-01-02 04:37:01] [ERROR] Banner grab failed 127.0.0.122:135 | Details: timed out
[2026-01-02 04:37:01] [ERROR] Banner grab failed 127.0.0.124:135 | Details: timed out
[2026-01-02 04:37:01] [ERROR] Banner grab failed 127.0.0.123:135 | Details: timed out
[2026-01-02 04:37:01] [ERROR] Banner grab failed 127.0.0.126:135 | Details: timed out
[2026-01-02 04:37:01] [ERROR] Banner grab failed 127.0.0.125:135 | Details: timed out
[2026-01-02 04:37:01] [ERROR] Banner grab failed 127.0.0.129:135 | Details: timed out
[2026-01-02 04:37:01] [ERROR] Banner grab failed 127.0.0.127:135 | Details: timed out
[2026-01-02 04:37:01] [ERROR] Banner grab failed 127.0.0.128:135 | Details: timed out
[2026-01-02 04:37:01] [ERROR] Banner grab failed 127.0.0.137:135 | Details: timed out
[2026-01-02 04:37:01] [ERROR] Banner grab failed 127.0.0.135:135 | Details: timed out
[2026-01-02 04:37:01] [ERROR] Banner grab failed 127.0.0.133:135 | Details: timed out
[2026-01-02 04:37:01] [ERROR] Banner grab failed 127.0.0.138:135 | Details: timed out
[2026-01-02 04:37:01] [ERROR] Banner grab failed 127.0.0.131:135 | Details: timed out
[2026-01-02 04:37:01] [ERROR] Banner grab failed 127.0.0.134:135 | Details: timed out
[2026-01-02 04:37:01] [ERROR] Banner grab failed 127.0.0.132:135 | Details: timed out
[2026-01-02 04:37:01] [ERROR] Banner grab failed 127.0.0.130:135 | Details: timed out
[2026-01-02 04:37:01] [ERROR] Banner grab failed 127.0.0.136:135 | Details: timed out
[2026-01-02 04:37:01] [ERROR] Banner grab failed 127.0.0.139:135 | Details: timed out
[2026-01-02 04:37:02] [ERROR] Banner grab failed 127.0.0.140:135 | Details: timed out
[2026-01-02 04:37:02] [ERROR] Banner grab failed 127.0.0.121:445 | Details: timed out
[2026-01-02 04:37:03] [ERROR] 127.0.0.141 Host Discovery Failed | Details: cannot access local variable 'mac_match' where it is not associated with a value
[2026-01-02 04:37:03] [ERROR] Banner grab failed 127.0.0.122:445 | Details: timed out
[2026-01-02 04:37:03] [ERROR] 127.0.0.142 Host Discovery Failed | Details: cannot access local variable 'mac_match' where it is not associated with a value
[2026-01-02 04:37:03] [ERROR] Banner grab failed 127.0.0.124:445 | Details: timed out
[2026-01-02 04:37:03] [ERROR] Banner grab failed 127.0.0.123:445 | Details: timed out
[2026-01-02 04:37:03] [ERROR] 127.0.0.143 Host Discovery Failed | Details: cannot access local variable 'mac_match' where it is not associated with a value
[2026-01-02 04:37:03] [ERROR] 127.0.0.144 Host Discovery Failed | Details: cannot access local variable 'mac_match' where it is not associated with a value
[2026-01-02 04:37:03] [ERROR] Banner grab failed 127.0.0.125:445 | Details: timed out
[2026-01-02 04:37:03] [ERROR] Banner grab failed 127.0.0.127:445 | Details: timed out
[2026-01-02 04:37:03] [ERROR] Banner grab failed 127.0.0.126:445 | Details: timed out
[2026-01-02 04:37:03] [ERROR] Banner grab failed 127.0.0.129:445 | Details: timed out
[2026-01-02 04:37:03] [ERROR] 127.0.0.145 Host Discovery Failed | Details: cannot access local variable 'mac_match' where it is not associated with a value
[2026-01-02 04:37:03] [ERROR] Banner grab failed 127.0.0.128:445 | Details: timed out
[2026-01-02 04:37:03] [ERROR] 127.0.0.146 Host Discovery Failed | Details: cannot access local variable 'mac_match' where it is not associated with a value
[2026-01-02 04:37:03] [ERROR] 127.0.0.147 Host Discovery Failed | Details: cannot access local variable 'mac_match' where it is not associated with a value
[2026-01-02 04:37:03] [ERROR] 127.0.0.148 Host Discovery Failed | Details: cannot access local variable 'mac_match' where it is not associated with a value
[2026-01-02 04:37:03] [ERROR] Banner grab failed 127.0.0.135:445 | Details: timed out
[2026-01-02 04:37:03] [ERROR] Banner grab failed 127.0.0.137:445 | Details: timed out
[2026-01-02 04:37:03] [ERROR] 127.0.0.149 Host Discovery Failed | Details: cannot access local variable 'mac_match' where it is not associated with a value
[2026-01-02 04:37:03] [ERROR] Banner grab failed 127.0.0.131:445 | Details: timed out
[2026-01-02 04:37:03] [ERROR] Banner grab failed 127.0.0.132:445 | Details: timed out
[2026-01-02 04:37:03] [ERROR] Banner grab failed 127.0.0.130:445 | Details: timed out
[2026-01-02 04:37:03] [ERROR] Banner grab failed 127.0.0.138:445 | Details: timed out
[2026-01-02 04:37:03] [ERROR] Banner grab failed 127.0.0.133:445 | Details: timed out
[2026-01-02 04:37:03] [ERROR] Banner grab failed 127.0.0.136:445 | Details: timed out
[2026-01-02 04:37:03] [ERROR] 127.0.0.150 Host Discovery Failed | Details: cannot access local variable 'mac_match' where it is not associated with a value
[2026-01-02 04:37:03] [ERROR] Banner grab failed 127.0.0.134:445 | Details: timed out
[2026-01-02 04:37:03] [ERROR] 127.0.0.151 Host Discovery Failed | Details: cannot access local variable 'mac_match' where it is not associated with a value
[2026-01-02 04:37:03] [ERROR] 127.0.0.153 Host Discovery Failed | Details: cannot access local variable 'mac_match' where it is not associated with a value
[2026-01-02 04:37:03] [ERROR] 127.0.0.154 Host Discovery Failed | Details: cannot access local variable 'mac_match' where it is not associated with a value
[2026-01-02 04:37:03] [ERROR] 127.0.0.152 Host Discovery Failed | Details: cannot access local variable 'mac_match' where it is not associated with a value
[2026-01-02 04:37:04] [ERROR] 127.0.0.155 Host Discovery Failed | Details: cannot access local variable 'mac_match' where it is not associated with a value
[2026-01-02 04:37:04] [ERROR] 127.0.0.156 Host Discovery Failed | Details: cannot access local variable 'mac_match' where it is not associated with a value
[2026-01-02 04:37:04] [ERROR] 127.0.0.157 Host Discovery Failed | Details: cannot access local variable 'mac_match' where it is not associated with a value
[2026-01-02 04:37:04] [ERROR] Banner grab failed 127.0.0.139:445 | Details: timed out
[2026-01-02 04:37:04] [ERROR] 127.0.0.158 Host Discovery Failed | Details: cannot access local variable 'mac_match' where it is not associated with a value
[2026-01-02 04:37:04] [ERROR] 127.0.0.159 Host Discovery Failed | Details: cannot access local variable 'mac_match' where it is not associated with a value
[2026-01-02 04:37:04] [ERROR] Banner grab failed 127.0.0.140:445 | Details: timed out
[2026-01-02 04:37:04] [ERROR] 127.0.0.160 Host Discovery Failed | Details: cannot access local variable 'mac_match' where it is not associated with a value
[2026-01-02 04:37:07] [ERROR] Banner grab failed 127.0.0.141:135 | Details: timed out
[2026-01-02 04:37:08] [ERROR] Banner grab failed 127.0.0.142:135 | Details: timed out
[2026-01-02 04:37:08] [ERROR] Banner grab failed 127.0.0.143:135 | Details: timed out
[2026-01-02 04:37:08] [ERROR] Banner grab failed 127.0.0.145:135 | Details: timed out
[2026-01-02 04:37:08] [ERROR] Banner grab failed 127.0.0.144:135 | Details: timed out
[2026-01-02 04:37:08] [ERROR] Banner grab failed 127.0.0.147:135 | Details: timed out
[2026-01-02 04:37:08] [ERROR] Banner grab failed 127.0.0.146:135 | Details: timed out
[2026-01-02 04:37:08] [ERROR] Banner grab failed 127.0.0.148:135 | Details: timed out
[2026-01-02 04:37:08] [ERROR] Banner grab failed 127.0.0.149:135 | Details: timed out
[2026-01-02 04:37:08] [ERROR] Banner grab failed 127.0.0.155:135 | Details: timed out
[2026-01-02 04:37:08] [ERROR] Banner grab failed 127.0.0.154:135 | Details: timed out
[2026-01-02 04:37:08] [ERROR] Banner grab failed 127.0.0.153:135 | Details: timed out
[2026-01-02 04:37:08] [ERROR] Banner grab failed 127.0.0.150:135 | Details: timed out
[2026-01-02 04:37:08] [ERROR] Banner grab failed 127.0.0.151:135 | Details: timed out
[2026-01-02 04:37:08] [ERROR] Banner grab failed 127.0.0.152:135 | Details: timed out
[2026-01-02 04:37:08] [ERROR] Banner grab failed 127.0.0.156:135 | Details: timed out
[2026-01-02 04:37:09] [ERROR] Banner grab failed 127.0.0.157:135 | Details: timed out
[2026-01-02 04:37:09] [ERROR] Banner grab failed 127.0.0.158:135 | Details: timed out
[2026-01-02 04:37:09] [ERROR] Banner grab failed 127.0.0.159:135 | Details: timed out
[2026-01-02 04:37:09] [ERROR] Banner grab failed 127.0.0.160:135 | Details: timed out
[2026-01-02 04:37:10] [ERROR] Banner grab failed 127.0.0.141:445 | Details: timed out
[2026-01-02 04:37:10] [ERROR] 127.0.0.161 Host Discovery Failed | Details: cannot access local variable 'mac_match' where it is not associated with a value
[2026-01-02 04:37:10] [ERROR] Banner grab failed 127.0.0.142:445 | Details: timed out
[2026-01-02 04:37:10] [ERROR] 127.0.0.162 Host Discovery Failed | Details: cannot access local variable 'mac_match' where it is not associated with a value
[2026-01-02 04:37:10] [ERROR] Banner grab failed 127.0.0.143:445 | Details: timed out
[2026-01-02 04:37:10] [ERROR] Banner grab failed 127.0.0.145:445 | Details: timed out
[2026-01-02 04:37:10] [ERROR] Banner grab failed 127.0.0.144:445 | Details: timed out
[2026-01-02 04:37:10] [ERROR] 127.0.0.163 Host Discovery Failed | Details: cannot access local variable 'mac_match' where it is not associated with a value
[2026-01-02 04:37:10] [ERROR] 127.0.0.164 Host Discovery Failed | Details: cannot access local variable 'mac_match' where it is not associated with a value
[2026-01-02 04:37:10] [ERROR] Banner grab failed 127.0.0.149:445 | Details: timed out
[2026-01-02 04:37:10] [ERROR] Banner grab failed 127.0.0.146:445 | Details: timed out
[2026-01-02 04:37:10] [ERROR] Banner grab failed 127.0.0.147:445 | Details: timed out
[2026-01-02 04:37:10] [ERROR] 127.0.0.165 Host Discovery Failed | Details: cannot access local variable 'mac_match' where it is not associated with a value
[2026-01-02 04:37:10] [ERROR] 127.0.0.167 Host Discovery Failed | Details: cannot access local variable 'mac_match' where it is not associated with a value
[2026-01-02 04:37:10] [ERROR] 127.0.0.166 Host Discovery Failed | Details: cannot access local variable 'mac_match' where it is not associated with a value
[2026-01-02 04:37:10] [ERROR] Banner grab failed 127.0.0.148:445 | Details: timed out
[2026-01-02 04:37:10] [ERROR] 127.0.0.168 Host Discovery Failed | Details: cannot access local variable 'mac_match' where it is not associated with a value
[2026-01-02 04:37:10] [ERROR] Banner grab failed 127.0.0.150:445 | Details: timed out
[2026-01-02 04:37:10] [ERROR] Banner grab failed 127.0.0.155:445 | Details: timed out
[2026-01-02 04:37:10] [ERROR] Banner grab failed 127.0.0.153:445 | Details: timed out
[2026-01-02 04:37:10] [ERROR] Banner grab failed 127.0.0.156:445 | Details: timed out
[2026-01-02 04:37:10] [ERROR] Banner grab failed 127.0.0.154:445 | Details: timed out
[2026-01-02 04:37:10] [ERROR] Banner grab failed 127.0.0.151:445 | Details: timed out
[2026-01-02 04:37:10] [ERROR] Banner grab failed 127.0.0.152:445 | Details: timed out
[2026-01-02 04:37:10] [ERROR] 127.0.0.169 Host Discovery Failed | Details: cannot access local variable 'mac_match' where it is not associated with a value
[2026-01-02 04:37:10] [ERROR] 127.0.0.172 Host Discovery Failed | Details: cannot access local variable 'mac_match' where it is not associated with a value
[2026-01-02 04:37:10] [ERROR] 127.0.0.170 Host Discovery Failed | Details: cannot access local variable 'mac_match' where it is not associated with a value
[2026-01-02 04:37:10] [ERROR] 127.0.0.171 Host Discovery Failed | Details: cannot access local variable 'mac_match' where it is not associated with a value
[2026-01-02 04:37:10] [ERROR] 127.0.0.173 Host Discovery Failed | Details: cannot access local variable 'mac_match' where it is not associated with a value
[2026-01-02 04:37:10] [ERROR] 127.0.0.174 Host Discovery Failed | Details: cannot access local variable 'mac_match' where it is not associated with a value
[2026-01-02 04:37:10] [ERROR] 127.0.0.175 Host Discovery Failed | Details: cannot access local variable 'mac_match' where it is not associated with a value
[2026-01-02 04:37:10] [ERROR] 127.0.0.176 Host Discovery Failed | Details: cannot access local variable 'mac_match' where it is not associated with a value
[2026-01-02 04:37:11] [ERROR] Banner grab failed 127.0.0.157:445 | Details: timed out
[2026-01-02 04:37:11] [ERROR] Banner grab failed 127.0.0.158:445 | Details: timed out
[2026-01-02 04:37:11] [ERROR] 127.0.0.177 Host Discovery Failed | Details: cannot access local variable 'mac_match' where it is not associated with a value
[2026-01-02 04:37:11] [ERROR] Banner grab failed 127.0.0.159:445 | Details: timed out
[2026-01-02 04:37:11] [ERROR] 127.0.0.178 Host Discovery Failed | Details: cannot access local variable 'mac_match' where it is not associated with a value
[2026-01-02 04:37:11] [ERROR] 127.0.0.179 Host Discovery Failed | Details: cannot access local variable 'mac_match' where it is not associated with a value
[2026-01-02 04:37:11] [ERROR] Banner grab failed 127.0.0.160:445 | Details: timed out
[2026-01-02 04:37:11] [ERROR] 127.0.0.180 Host Discovery Failed | Details: cannot access local variable 'mac_match' where it is not associated with a value
[2026-01-02 04:37:15] [ERROR] Banner grab failed 127.0.0.161:135 | Details: timed out
[2026-01-02 04:37:15] [ERROR] Banner grab failed 127.0.0.162:135 | Details: timed out
[2026-01-02 04:37:15] [ERROR] Banner grab failed 127.0.0.163:135 | Details: timed out
[2026-01-02 04:37:15] [ERROR] Banner grab failed 127.0.0.164:135 | Details: timed out
[2026-01-02 04:37:15] [ERROR] Banner grab failed 127.0.0.165:135 | Details: timed out
[2026-01-02 04:37:15] [ERROR] Banner grab failed 127.0.0.167:135 | Details: timed out
[2026-01-02 04:37:15] [ERROR] Banner grab failed 127.0.0.174:135 | Details: timed out
[2026-01-02 04:37:15] [ERROR] Banner grab failed 127.0.0.168:135 | Details: timed out
[2026-01-02 04:37:15] [ERROR] Banner grab failed 127.0.0.172:135 | Details: timed out
[2026-01-02 04:37:15] [ERROR] Banner grab failed 127.0.0.171:135 | Details: timed out
[2026-01-02 04:37:15] [ERROR] Banner grab failed 127.0.0.170:135 | Details: timed out
[2026-01-02 04:37:15] [ERROR] Banner grab failed 127.0.0.166:135 | Details: timed out
[2026-01-02 04:37:15] [ERROR] Banner grab failed 127.0.0.175:135 | Details: timed out
[2026-01-02 04:37:15] [ERROR] Banner grab failed 127.0.0.176:135 | Details: timed out
[2026-01-02 04:37:15] [ERROR] Banner grab failed 127.0.0.169:135 | Details: timed out
[2026-01-02 04:37:15] [ERROR] Banner grab failed 127.0.0.173:135 | Details: timed out
[2026-01-02 04:37:16] [ERROR] Banner grab failed 127.0.0.178:135 | Details: timed out
[2026-01-02 04:37:16] [ERROR] Banner grab failed 127.0.0.177:135 | Details: timed out
[2026-01-02 04:37:16] [ERROR] Banner grab failed 127.0.0.179:135 | Details: timed out
[2026-01-02 04:37:16] [ERROR] Banner grab failed 127.0.0.180:135 | Details: timed out
[2026-01-02 04:37:17] [ERROR] Banner grab failed 127.0.0.161:445 | Details: timed out
[2026-01-02 04:37:17] [ERROR] 127.0.0.181 Host Discovery Failed | Details: cannot access local variable 'mac_match' where it is not associated with a value
[2026-01-02 04:37:17] [ERROR] Banner grab failed 127.0.0.162:445 | Details: timed out
[2026-01-02 04:37:17] [ERROR] 127.0.0.182 Host Discovery Failed | Details: cannot access local variable 'mac_match' where it is not associated with a value
[2026-01-02 04:37:17] [ERROR] Banner grab failed 127.0.0.163:445 | Details: timed out
[2026-01-02 04:37:17] [ERROR] Banner grab failed 127.0.0.165:445 | Details: timed out
[2026-01-02 04:37:17] [ERROR] Banner grab failed 127.0.0.164:445 | Details: timed out
[2026-01-02 04:37:17] [ERROR] 127.0.0.183 Host Discovery Failed | Details: cannot access local variable 'mac_match' where it is not associated with a value
[2026-01-02 04:37:17] [ERROR] Banner grab failed 127.0.0.167:445 | Details: timed out
[2026-01-02 04:37:17] [ERROR] 127.0.0.184 Host Discovery Failed | Details: cannot access local variable 'mac_match' where it is not associated with a value
[2026-01-02 04:37:17] [ERROR] 127.0.0.185 Host Discovery Failed | Details: cannot access local variable 'mac_match' where it is not associated with a value
[2026-01-02 04:37:17] [ERROR] 127.0.0.186 Host Discovery Failed | Details: cannot access local variable 'mac_match' where it is not associated with a value
[2026-01-02 04:37:17] [ERROR] Banner grab failed 127.0.0.169:445 | Details: timed out
[2026-01-02 04:37:17] [ERROR] Banner grab failed 127.0.0.174:445 | Details: timed out
[2026-01-02 04:37:17] [ERROR] Banner grab failed 127.0.0.175:445 | Details: timed out
[2026-01-02 04:37:17] [ERROR] Banner grab failed 127.0.0.166:445 | Details: timed out
[2026-01-02 04:37:17] [ERROR] Banner grab failed 127.0.0.176:445 | Details: timed out
[2026-01-02 04:37:17] [ERROR] Banner grab failed 127.0.0.170:445 | Details: timed out
[2026-01-02 04:37:17] [ERROR] Banner grab failed 127.0.0.171:445 | Details: timed out
[2026-01-02 04:37:17] [ERROR] Banner grab failed 127.0.0.168:445 | Details: timed out
[2026-01-02 04:37:17] [ERROR] Banner grab failed 127.0.0.172:445 | Details: timed out
[2026-01-02 04:37:17] [ERROR] Banner grab failed 127.0.0.173:445 | Details: timed out
[2026-01-02 04:37:17] [ERROR] 127.0.0.187 Host Discovery Failed | Details: cannot access local variable 'mac_match' where it is not associated with a value
[2026-01-02 04:37:17] [ERROR] 127.0.0.188 Host Discovery Failed | Details: cannot access local variable 'mac_match' where it is not associated with a value
[2026-01-02 04:37:17] [ERROR] 127.0.0.189 Host Discovery Failed | Details: cannot access local variable 'mac_match' where it is not associated with a value
[2026-01-02 04:37:17] [ERROR] 127.0.0.190 Host Discovery Failed | Details: cannot access local variable 'mac_match' where it is not associated with a value
[2026-01-02 04:37:17] [ERROR] 127.0.0.191 Host Discovery Failed | Details: cannot access local variable 'mac_match' where it is not associated with a value
[2026-01-02 04:37:17] [ERROR] 127.0.0.192 Host Discovery Failed | Details: cannot access local variable 'mac_match' where it is not associated with a value
[2026-01-02 04:37:17] [ERROR] 127.0.0.193 Host Discovery Failed | Details: cannot access local variable 'mac_match' where it is not associated with a value
[2026-01-02 04:37:17] [ERROR] 127.0.0.194 Host Discovery Failed | Details: cannot access local variable 'mac_match' where it is not associated with a value
[2026-01-02 04:37:17] [ERROR] 127.0.0.195 Host Discovery Failed | Details: cannot access local variable 'mac_match' where it is not associated with a value
[2026-01-02 04:37:17] [ERROR] 127.0.0.196 Host Discovery Failed | Details: cannot access local variable 'mac_match' where it is not associated with a value
[2026-01-02 04:37:18] [ERROR] Banner grab failed 127.0.0.177:445 | Details: timed out
[2026-01-02 04:37:18] [ERROR] Banner grab failed 127.0.0.178:445 | Details: timed out
[2026-01-02 04:37:18] [ERROR] 127.0.0.197 Host Discovery Failed | Details: cannot access local variable 'mac_match' where it is not associated with a value
[2026-01-02 04:37:18] [ERROR] 127.0.0.198 Host Discovery Failed | Details: cannot access local variable 'mac_match' where it is not associated with a value
[2026-01-02 04:37:18] [ERROR] Banner grab failed 127.0.0.179:445 | Details: timed out
[2026-01-02 04:37:18] [ERROR] 127.0.0.199 Host Discovery Failed | Details: cannot access local variable 'mac_match' where it is not associated with a value
[2026-01-02 04:37:18] [ERROR] Banner grab failed 127.0.0.180:445 | Details: timed out
[2026-01-02 04:37:18] [ERROR] 127.0.0.200 Host Discovery Failed | Details: cannot access local variable 'mac_match' where it is not associated with a value
[2026-01-02 04:37:22] [ERROR] Banner grab failed 127.0.0.181:135 | Details: timed out
[2026-01-02 04:37:22] [ERROR] Banner grab failed 127.0.0.182:135 | Details: timed out
[2026-01-02 04:37:22] [ERROR] Banner grab failed 127.0.0.184:135 | Details: timed out
[2026-01-02 04:37:22] [ERROR] Banner grab failed 127.0.0.183:135 | Details: timed out
[2026-01-02 04:37:22] [ERROR] Banner grab failed 127.0.0.185:135 | Details: timed out
[2026-01-02 04:37:22] [ERROR] Banner grab failed 127.0.0.186:135 | Details: timed out
[2026-01-02 04:37:22] [ERROR] Banner grab failed 127.0.0.190:135 | Details: timed out
[2026-01-02 04:37:22] [ERROR] Banner grab failed 127.0.0.191:135 | Details: timed out
[2026-01-02 04:37:22] [ERROR] Banner grab failed 127.0.0.187:135 | Details: timed out
[2026-01-02 04:37:22] [ERROR] Banner grab failed 127.0.0.195:135 | Details: timed out
[2026-01-02 04:37:22] [ERROR] Banner grab failed 127.0.0.193:135 | Details: timed out
[2026-01-02 04:37:22] [ERROR] Banner grab failed 127.0.0.192:135 | Details: timed out
[2026-01-02 04:37:22] [ERROR] Banner grab failed 127.0.0.189:135 | Details: timed out
[2026-01-02 04:37:22] [ERROR] Banner grab failed 127.0.0.194:135 | Details: timed out
[2026-01-02 04:37:22] [ERROR] Banner grab failed 127.0.0.188:135 | Details: timed out
[2026-01-02 04:37:22] [ERROR] Banner grab failed 127.0.0.196:135 | Details: timed out
[2026-01-02 04:37:23] [ERROR] Banner grab failed 127.0.0.198:135 | Details: timed out
[2026-01-02 04:37:23] [ERROR] Banner grab failed 127.0.0.197:135 | Details: timed out
[2026-01-02 04:37:23] [ERROR] Banner grab failed 127.0.0.199:135 | Details: timed out
[2026-01-02 04:37:23] [ERROR] Banner grab failed 127.0.0.200:135 | Details: timed out
[2026-01-02 04:37:24] [ERROR] Banner grab failed 127.0.0.181:445 | Details: timed out
[2026-01-02 04:37:24] [ERROR] 127.0.0.201 Host Discovery Failed | Details: cannot access local variable 'mac_match' where it is not associated with a value
[2026-01-02 04:37:24] [ERROR] Banner grab failed 127.0.0.182:445 | Details: timed out
[2026-01-02 04:37:24] [ERROR] 127.0.0.202 Host Discovery Failed | Details: cannot access local variable 'mac_match' where it is not associated with a value
[2026-01-02 04:37:24] [ERROR] Banner grab failed 127.0.0.184:445 | Details: timed out
[2026-01-02 04:37:24] [ERROR] 127.0.0.203 Host Discovery Failed | Details: cannot access local variable 'mac_match' where it is not associated with a value
[2026-01-02 04:37:24] [ERROR] Banner grab failed 127.0.0.186:445 | Details: timed out
[2026-01-02 04:37:24] [ERROR] Banner grab failed 127.0.0.190:445 | Details: timed out
[2026-01-02 04:37:24] [ERROR] Banner grab failed 127.0.0.185:445 | Details: timed out
[2026-01-02 04:37:24] [ERROR] Banner grab failed 127.0.0.191:445 | Details: timed out
[2026-01-02 04:37:24] [ERROR] Banner grab failed 127.0.0.183:445 | Details: timed out
[2026-01-02 04:37:24] [ERROR] 127.0.0.205 Host Discovery Failed | Details: cannot access local variable 'mac_match' where it is not associated with a value
[2026-01-02 04:37:24] [ERROR] 127.0.0.206 Host Discovery Failed | Details: cannot access local variable 'mac_match' where it is not associated with a value
[2026-01-02 04:37:24] [ERROR] 127.0.0.207 Host Discovery Failed | Details: cannot access local variable 'mac_match' where it is not associated with a value
[2026-01-02 04:37:24] [ERROR] 127.0.0.204 Host Discovery Failed | Details: cannot access local variable 'mac_match' where it is not associated with a value
[2026-01-02 04:37:24] [ERROR] 127.0.0.208 Host Discovery Failed | Details: cannot access local variable 'mac_match' where it is not associated with a value
[2026-01-02 04:37:24] [ERROR] Banner grab failed 127.0.0.195:445 | Details: timed out
[2026-01-02 04:37:24] [ERROR] Banner grab failed 127.0.0.189:445 | Details: timed out
[2026-01-02 04:37:24] [ERROR] Banner grab failed 127.0.0.194:445 | Details: timed out
[2026-01-02 04:37:24] [ERROR] Banner grab failed 127.0.0.187:445 | Details: timed out
[2026-01-02 04:37:24] [ERROR] Banner grab failed 127.0.0.193:445 | Details: timed out
[2026-01-02 04:37:24] [ERROR] Banner grab failed 127.0.0.188:445 | Details: timed out
[2026-01-02 04:37:24] [ERROR] Banner grab failed 127.0.0.192:445 | Details: timed out
[2026-01-02 04:37:24] [ERROR] Banner grab failed 127.0.0.196:445 | Details: timed out
[2026-01-02 04:37:24] [ERROR] 127.0.0.210 Host Discovery Failed | Details: cannot access local variable 'mac_match' where it is not associated with a value
[2026-01-02 04:37:24] [ERROR] 127.0.0.209 Host Discovery Failed | Details: cannot access local variable 'mac_match' where it is not associated with a value
[2026-01-02 04:37:24] [ERROR] 127.0.0.211 Host Discovery Failed | Details: cannot access local variable 'mac_match' where it is not associated with a value
[2026-01-02 04:37:24] [ERROR] 127.0.0.212 Host Discovery Failed | Details: cannot access local variable 'mac_match' where it is not associated with a value
[2026-01-02 04:37:24] [ERROR] 127.0.0.213 Host Discovery Failed | Details: cannot access local variable 'mac_match' where it is not associated with a value
[2026-01-02 04:37:24] [ERROR] 127.0.0.214 Host Discovery Failed | Details: cannot access local variable 'mac_match' where it is not associated with a value
[2026-01-02 04:37:24] [ERROR] 127.0.0.215 Host Discovery Failed | Details: cannot access local variable 'mac_match' where it is not associated with a value
[2026-01-02 04:37:24] [ERROR] 127.0.0.216 Host Discovery Failed | Details: cannot access local variable 'mac_match' where it is not associated with a value
[2026-01-02 04:37:25] [ERROR] Banner grab failed 127.0.0.198:445 | Details: timed out
[2026-01-02 04:37:25] [ERROR] Banner grab failed 127.0.0.197:445 | Details: timed out
[2026-01-02 04:37:25] [ERROR] 127.0.0.217 Host Discovery Failed | Details: cannot access local variable 'mac_match' where it is not associated with a value
[2026-01-02 04:37:25] [ERROR] 127.0.0.218 Host Discovery Failed | Details: cannot access local variable 'mac_match' where it is not associated with a value
[2026-01-02 04:37:25] [ERROR] Banner grab failed 127.0.0.199:445 | Details: timed out
[2026-01-02 04:37:25] [ERROR] 127.0.0.219 Host Discovery Failed | Details: cannot access local variable 'mac_match' where it is not associated with a value
[2026-01-02 04:37:25] [ERROR] Banner grab failed 127.0.0.200:445 | Details: timed out
[2026-01-02 04:37:25] [ERROR] 127.0.0.220 Host Discovery Failed | Details: cannot access local variable 'mac_match' where it is not associated with a value
[2026-01-02 04:37:29] [ERROR] Banner grab failed 127.0.0.201:135 | Details: timed out
[2026-01-02 04:37:29] [ERROR] Banner grab failed 127.0.0.202:135 | Details: timed out
[2026-01-02 04:37:29] [ERROR] Banner grab failed 127.0.0.203:135 | Details: timed out
[2026-01-02 04:37:29] [ERROR] Banner grab failed 127.0.0.207:135 | Details: timed out
[2026-01-02 04:37:29] [ERROR] Banner grab failed 127.0.0.205:135 | Details: timed out
[2026-01-02 04:37:29] [ERROR] Banner grab failed 127.0.0.206:135 | Details: timed out
[2026-01-02 04:37:29] [ERROR] Banner grab failed 127.0.0.208:135 | Details: timed out
[2026-01-02 04:37:29] [ERROR] Banner grab failed 127.0.0.204:135 | Details: timed out
[2026-01-02 04:37:29] [ERROR] Banner grab failed 127.0.0.209:135 | Details: timed out
[2026-01-02 04:37:29] [ERROR] Banner grab failed 127.0.0.210:135 | Details: timed out
[2026-01-02 04:37:29] [ERROR] Banner grab failed 127.0.0.215:135 | Details: timed out
[2026-01-02 04:37:29] [ERROR] Banner grab failed 127.0.0.211:135 | Details: timed out
[2026-01-02 04:37:29] [ERROR] Banner grab failed 127.0.0.212:135 | Details: timed out
[2026-01-02 04:37:29] [ERROR] Banner grab failed 127.0.0.213:135 | Details: timed out
[2026-01-02 04:37:29] [ERROR] Banner grab failed 127.0.0.216:135 | Details: timed out
[2026-01-02 04:37:29] [ERROR] Banner grab failed 127.0.0.214:135 | Details: timed out
[2026-01-02 04:37:30] [ERROR] Banner grab failed 127.0.0.217:135 | Details: timed out
[2026-01-02 04:37:30] [ERROR] Banner grab failed 127.0.0.218:135 | Details: timed out
[2026-01-02 04:37:30] [ERROR] Banner grab failed 127.0.0.219:135 | Details: timed out
[2026-01-02 04:37:30] [ERROR] Banner grab failed 127.0.0.220:135 | Details: timed out
[2026-01-02 04:37:31] [ERROR] Banner grab failed 127.0.0.201:445 | Details: timed out
[2026-01-02 04:37:31] [ERROR] 127.0.0.221 Host Discovery Failed | Details: cannot access local variable 'mac_match' where it is not associated with a value
[2026-01-02 04:37:31] [ERROR] Banner grab failed 127.0.0.202:445 | Details: timed out
[2026-01-02 04:37:31] [ERROR] Banner grab failed 127.0.0.203:445 | Details: timed out
[2026-01-02 04:37:31] [ERROR] Banner grab failed 127.0.0.207:445 | Details: timed out
[2026-01-02 04:37:31] [ERROR] 127.0.0.222 Host Discovery Failed | Details: cannot access local variable 'mac_match' where it is not associated with a value
[2026-01-02 04:37:31] [ERROR] 127.0.0.223 Host Discovery Failed | Details: cannot access local variable 'mac_match' where it is not associated with a value
[2026-01-02 04:37:31] [ERROR] Banner grab failed 127.0.0.208:445 | Details: timed out
[2026-01-02 04:37:31] [ERROR] Banner grab failed 127.0.0.206:445 | Details: timed out
[2026-01-02 04:37:31] [ERROR] Banner grab failed 127.0.0.204:445 | Details: timed out
[2026-01-02 04:37:31] [ERROR] Banner grab failed 127.0.0.205:445 | Details: timed out
[2026-01-02 04:37:31] [ERROR] 127.0.0.224 Host Discovery Failed | Details: cannot access local variable 'mac_match' where it is not associated with a value
[2026-01-02 04:37:31] [ERROR] 127.0.0.228 Host Discovery Failed | Details: cannot access local variable 'mac_match' where it is not associated with a value
[2026-01-02 04:37:31] [ERROR] 127.0.0.226 Host Discovery Failed | Details: cannot access local variable 'mac_match' where it is not associated with a value
[2026-01-02 04:37:31] [ERROR] 127.0.0.225 Host Discovery Failed | Details: cannot access local variable 'mac_match' where it is not associated with a value
[2026-01-02 04:37:31] [ERROR] 127.0.0.227 Host Discovery Failed | Details: cannot access local variable 'mac_match' where it is not associated with a value
[2026-01-02 04:37:31] [ERROR] Banner grab failed 127.0.0.210:445 | Details: timed out
[2026-01-02 04:37:31] [ERROR] Banner grab failed 127.0.0.213:445 | Details: timed out
[2026-01-02 04:37:31] [ERROR] Banner grab failed 127.0.0.212:445 | Details: timed out
[2026-01-02 04:37:31] [ERROR] Banner grab failed 127.0.0.215:445 | Details: timed out
[2026-01-02 04:37:31] [ERROR] Banner grab failed 127.0.0.211:445 | Details: timed out
[2026-01-02 04:37:31] [ERROR] Banner grab failed 127.0.0.209:445 | Details: timed out
[2026-01-02 04:37:31] [ERROR] 127.0.0.229 Host Discovery Failed | Details: cannot access local variable 'mac_match' where it is not associated with a value
[2026-01-02 04:37:31] [ERROR] 127.0.0.230 Host Discovery Failed | Details: cannot access local variable 'mac_match' where it is not associated with a value
[2026-01-02 04:37:31] [ERROR] Banner grab failed 127.0.0.214:445 | Details: timed out
[2026-01-02 04:37:31] [ERROR] Banner grab failed 127.0.0.216:445 | Details: timed out
[2026-01-02 04:37:31] [ERROR] 127.0.0.231 Host Discovery Failed | Details: cannot access local variable 'mac_match' where it is not associated with a value
[2026-01-02 04:37:31] [ERROR] 127.0.0.232 Host Discovery Failed | Details: cannot access local variable 'mac_match' where it is not associated with a value
[2026-01-02 04:37:31] [ERROR] 127.0.0.233 Host Discovery Failed | Details: cannot access local variable 'mac_match' where it is not associated with a value
[2026-01-02 04:37:31] [ERROR] 127.0.0.234 Host Discovery Failed | Details: cannot access local variable 'mac_match' where it is not associated with a value
[2026-01-02 04:37:31] [ERROR] 127.0.0.235 Host Discovery Failed | Details: cannot access local variable 'mac_match' where it is not associated with a value
[2026-01-02 04:37:31] [ERROR] 127.0.0.236 Host Discovery Failed | Details: cannot access local variable 'mac_match' where it is not associated with a value
[2026-01-02 04:37:32] [ERROR] Banner grab failed 127.0.0.217:445 | Details: timed out
[2026-01-02 04:37:32] [ERROR] Banner grab failed 127.0.0.218:445 | Details: timed out
[2026-01-02 04:37:32] [ERROR] 127.0.0.237 Host Discovery Failed | Details: cannot access local variable 'mac_match' where it is not associated with a value
[2026-01-02 04:37:32] [ERROR] 127.0.0.238 Host Discovery Failed | Details: cannot access local variable 'mac_match' where it is not associated with a value
[2026-01-02 04:37:32] [ERROR] Banner grab failed 127.0.0.219:445 | Details: timed out
[2026-01-02 04:37:32] [ERROR] 127.0.0.239 Host Discovery Failed | Details: cannot access local variable 'mac_match' where it is not associated with a value
[2026-01-02 04:37:32] [ERROR] Banner grab failed 127.0.0.220:445 | Details: timed out
[2026-01-02 04:37:32] [ERROR] 127.0.0.240 Host Discovery Failed | Details: cannot access local variable 'mac_match' where it is not associated with a value
[2026-01-02 04:37:36] [ERROR] Banner grab failed 127.0.0.221:135 | Details: timed out
[2026-01-02 04:37:36] [ERROR] Banner grab failed 127.0.0.225:135 | Details: timed out
[2026-01-02 04:37:36] [ERROR] Banner grab failed 127.0.0.228:135 | Details: timed out
[2026-01-02 04:37:36] [ERROR] Banner grab failed 127.0.0.222:135 | Details: timed out
[2026-01-02 04:37:36] [ERROR] Banner grab failed 127.0.0.223:135 | Details: timed out
[2026-01-02 04:37:36] [ERROR] Banner grab failed 127.0.0.224:135 | Details: timed out
[2026-01-02 04:37:36] [ERROR] Banner grab failed 127.0.0.226:135 | Details: timed out
[2026-01-02 04:37:36] [ERROR] Banner grab failed 127.0.0.227:135 | Details: timed out
[2026-01-02 04:37:36] [ERROR] Banner grab failed 127.0.0.231:135 | Details: timed out
[2026-01-02 04:37:36] [ERROR] Banner grab failed 127.0.0.233:135 | Details: timed out
[2026-01-02 04:37:36] [ERROR] Banner grab failed 127.0.0.234:135 | Details: timed out
[2026-01-02 04:37:36] [ERROR] Banner grab failed 127.0.0.229:135 | Details: timed out
[2026-01-02 04:37:36] [ERROR] Banner grab failed 127.0.0.232:135 | Details: timed out
[2026-01-02 04:37:36] [ERROR] Banner grab failed 127.0.0.230:135 | Details: timed out
[2026-01-02 04:37:36] [ERROR] Banner grab failed 127.0.0.235:135 | Details: timed out
[2026-01-02 04:37:36] [ERROR] Banner grab failed 127.0.0.236:135 | Details: timed out
[2026-01-02 04:37:36] [ERROR] Banner grab failed 127.0.0.237:135 | Details: timed out
[2026-01-02 04:37:36] [ERROR] Banner grab failed 127.0.0.238:135 | Details: timed out
[2026-01-02 04:37:37] [ERROR] Banner grab failed 127.0.0.239:135 | Details: timed out
[2026-01-02 04:37:37] [ERROR] Banner grab failed 127.0.0.240:135 | Details: timed out
[2026-01-02 04:37:38] [ERROR] Banner grab failed 127.0.0.221:445 | Details: timed out
[2026-01-02 04:37:38] [ERROR] 127.0.0.241 Host Discovery Failed | Details: cannot access local variable 'mac_match' where it is not associated with a value
[2026-01-02 04:37:38] [ERROR] Banner grab failed 127.0.0.228:445 | Details: timed out
[2026-01-02 04:37:38] [ERROR] Banner grab failed 127.0.0.223:445 | Details: timed out
[2026-01-02 04:37:38] [ERROR] Banner grab failed 127.0.0.222:445 | Details: timed out
[2026-01-02 04:37:38] [ERROR] Banner grab failed 127.0.0.225:445 | Details: timed out
[2026-01-02 04:37:38] [ERROR] Banner grab failed 127.0.0.226:445 | Details: timed out
[2026-01-02 04:37:38] [ERROR] Banner grab failed 127.0.0.224:445 | Details: timed out
[2026-01-02 04:37:38] [ERROR] Banner grab failed 127.0.0.227:445 | Details: timed out
[2026-01-02 04:37:38] [ERROR] 127.0.0.244 Host Discovery Failed | Details: cannot access local variable 'mac_match' where it is not associated with a value
[2026-01-02 04:37:38] [ERROR] 127.0.0.243 Host Discovery Failed | Details: cannot access local variable 'mac_match' where it is not associated with a value
[2026-01-02 04:37:38] [ERROR] 127.0.0.242 Host Discovery Failed | Details: cannot access local variable 'mac_match' where it is not associated with a value
[2026-01-02 04:37:38] [ERROR] 127.0.0.245 Host Discovery Failed | Details: cannot access local variable 'mac_match' where it is not associated with a value
[2026-01-02 04:37:38] [ERROR] 127.0.0.246 Host Discovery Failed | Details: cannot access local variable 'mac_match' where it is not associated with a value
[2026-01-02 04:37:38] [ERROR] 127.0.0.248 Host Discovery Failed | Details: cannot access local variable 'mac_match' where it is not associated with a value
[2026-01-02 04:37:38] [ERROR] 127.0.0.247 Host Discovery Failed | Details: cannot access local variable 'mac_match' where it is not associated with a value
[2026-01-02 04:37:38] [ERROR] Banner grab failed 127.0.0.229:445 | Details: timed out
[2026-01-02 04:37:38] [ERROR] Banner grab failed 127.0.0.232:445 | Details: timed out
[2026-01-02 04:37:38] [ERROR] Banner grab failed 127.0.0.234:445 | Details: timed out
[2026-01-02 04:37:38] [ERROR] Banner grab failed 127.0.0.233:445 | Details: timed out
[2026-01-02 04:37:38] [ERROR] Banner grab failed 127.0.0.231:445 | Details: timed out
[2026-01-02 04:37:38] [ERROR] Banner grab failed 127.0.0.230:445 | Details: timed out
[2026-01-02 04:37:38] [ERROR] 127.0.0.250 Host Discovery Failed | Details: cannot access local variable 'mac_match' where it is not associated with a value
[2026-01-02 04:37:38] [ERROR] 127.0.0.249 Host Discovery Failed | Details: cannot access local variable 'mac_match' where it is not associated with a value
[2026-01-02 04:37:38] [ERROR] 127.0.0.251 Host Discovery Failed | Details: cannot access local variable 'mac_match' where it is not associated with a value
[2026-01-02 04:37:38] [ERROR] 127.0.0.252 Host Discovery Failed | Details: cannot access local variable 'mac_match' where it is not associated with a value
[2026-01-02 04:37:38] [ERROR] 127.0.0.253 Host Discovery Failed | Details: cannot access local variable 'mac_match' where it is not associated with a value
[2026-01-02 04:37:38] [ERROR] Banner grab failed 127.0.0.235:445 | Details: timed out
[2026-01-02 04:37:38] [ERROR] 127.0.0.254 Host Discovery Failed | Details: cannot access local variable 'mac_match' where it is not associated with a value
[2026-01-02 04:37:38] [ERROR] Banner grab failed 127.0.0.236:445 | Details: timed out
[2026-01-02 04:37:38] [ERROR] Banner grab failed 127.0.0.237:445 | Details: timed out
[2026-01-02 04:37:39] [ERROR] Banner grab failed 127.0.0.238:445 | Details: timed out
[2026-01-02 04:37:39] [ERROR] Banner grab failed 127.0.0.239:445 | Details: timed out
[2026-01-02 04:37:39] [ERROR] Banner grab failed 127.0.0.240:445 | Details: timed out
[2026-01-02 04:37:43] [ERROR] Banner grab failed 127.0.0.241:135 | Details: timed out
[2026-01-02 04:37:43] [ERROR] Banner grab failed 127.0.0.242:135 | Details: timed out
[2026-01-02 04:37:43] [ERROR] Banner grab failed 127.0.0.243:135 | Details: timed out
[2026-01-02 04:37:43] [ERROR] Banner grab failed 127.0.0.245:135 | Details: timed out
[2026-01-02 04:37:43] [ERROR] Banner grab failed 127.0.0.246:135 | Details: timed out
[2026-01-02 04:37:43] [ERROR] Banner grab failed 127.0.0.248:135 | Details: timed out
[2026-01-02 04:37:43] [ERROR] Banner grab failed 127.0.0.244:135 | Details: timed out
[2026-01-02 04:37:43] [ERROR] Banner grab failed 127.0.0.249:135 | Details: timed out
[2026-01-02 04:37:43] [ERROR] Banner grab failed 127.0.0.251:135 | Details: timed out
[2026-01-02 04:37:43] [ERROR] Banner grab failed 127.0.0.250:135 | Details: timed out
[2026-01-02 04:37:43] [ERROR] Banner grab failed 127.0.0.254:135 | Details: timed out
[2026-01-02 04:37:43] [ERROR] Banner grab failed 127.0.0.247:135 | Details: timed out
[2026-01-02 04:37:43] [ERROR] Banner grab failed 127.0.0.253:135 | Details: timed out
[2026-01-02 04:37:43] [ERROR] Banner grab failed 127.0.0.252:135 | Details: timed out
[2026-01-02 04:37:45] [ERROR] Banner grab failed 127.0.0.241:445 | Details: timed out
[2026-01-02 04:37:45] [ERROR] Banner grab failed 127.0.0.245:445 | Details: timed out
[2026-01-02 04:37:45] [ERROR] Banner grab failed 127.0.0.243:445 | Details: timed out
[2026-01-02 04:37:45] [ERROR] Banner grab failed 127.0.0.246:445 | Details: timed out
[2026-01-02 04:37:45] [ERROR] Banner grab failed 127.0.0.242:445 | Details: timed out
[2026-01-02 04:37:45] [ERROR] Banner grab failed 127.0.0.248:445 | Details: timed out
[2026-01-02 04:37:45] [ERROR] Banner grab failed 127.0.0.244:445 | Details: timed out
[2026-01-02 04:37:45] [ERROR] Banner grab failed 127.0.0.249:445 | Details: timed out
[2026-01-02 04:37:45] [ERROR] Banner grab failed 127.0.0.250:445 | Details: timed out
[2026-01-02 04:37:45] [ERROR] Banner grab failed 127.0.0.251:445 | Details: timed out
[2026-01-02 04:37:45] [ERROR] Banner grab failed 127.0.0.254:445 | Details: timed out
[2026-01-02 04:37:45] [ERROR] Banner grab failed 127.0.0.252:445 | Details: timed out
[2026-01-02 04:37:45] [ERROR] Banner grab failed 127.0.0.253:445 | Details: timed out
[2026-01-02 04:37:45] [ERROR] Banner grab failed 127.0.0.247:445 | Details: timed out
[2026-01-02 04:37:45] [CRITICAL] [Critical] 엔진 실행 중 오류 발생: progress_signal(int,int) needs 2 argument(s), 1 given!
[2026-01-02 04:37:49] [DEBUG] Loading KWallet
[2026-01-02 04:37:49] [DEBUG] Loading SecretService
[2026-01-02 04:37:49] [DEBUG] Loading Windows
[2026-01-02 04:37:49] [DEBUG] Loaded cffi backend
[2026-01-02 04:37:49] [DEBUG] Loading chainer
[2026-01-02 04:37:49] [DEBUG] Loading libsecret
[2026-01-02 04:37:49] [DEBUG] Loading macOS
[2026-01-02 04:37:49] [ERROR] [SecureStorage] No Need Delete Credential | Details: Z-VulnScan_Pro
[2026-01-02 04:39:43] [ERROR] 192.168.0.3 Host Discovery Failed | Details: cannot access local variable 'mac_match' where it is not associated with a value
[2026-01-02 04:39:43] [ERROR] 192.168.0.1 Host Discovery Failed | Details: cannot access local variable 'mac_match' where it is not associated with a value
[2026-01-02 04:39:43] [ERROR] 192.168.0.5 Host Discovery Failed | Details: cannot access local variable 'mac_match' where it is not associated with a value
[2026-01-02 04:39:44] [ERROR] 192.168.0.11 Host Discovery Failed | Details: cannot access local variable 'mac_match' where it is not associated with a value
[2026-01-02 04:39:44] [ERROR] 192.168.0.13 Host Discovery Failed | Details: cannot access local variable 'mac_match' where it is not associated with a value
[2026-01-02 04:39:44] [ERROR] 192.168.0.17 Host Discovery Failed | Details: cannot access local variable 'mac_match' where it is not associated with a value
[2026-01-02 04:39:44] [ERROR] 192.168.0.38 Host Discovery Failed | Details: cannot access local variable 'mac_match' where it is not associated with a value
[2026-01-02 04:39:45] [ERROR] 192.168.0.44 Host Discovery Failed | Details: cannot access local variable 'mac_match' where it is not associated with a value
[2026-01-02 04:39:45] [ERROR] 192.168.0.45 Host Discovery Failed | Details: cannot access local variable 'mac_match' where it is not associated with a value
[2026-01-02 04:39:47] [ERROR] Banner grab failed 192.168.0.3:135 | Details: timed out
[2026-01-02 04:39:49] [ERROR] Banner grab failed 192.168.0.3:139 | Details: timed out
[2026-01-02 04:39:51] [ERROR] Banner grab failed 192.168.0.3:445 | Details: timed out
[2026-01-02 04:39:53] [CRITICAL] [Critical] 엔진 실행 중 오류 발생: progress_signal(int,int) needs 2 argument(s), 1 given!
[2026-01-02 04:39:55] [ERROR] [SecureStorage] No Need Delete Credential | Details: Z-VulnScan_Pro
